station,date,latitude,longitude,elevation_meters,name,temperature_f,dewpoint_f,sea_level_pressure_mb,station_pressure_mb,visibility_miles,wind_speed_knots,max_wind_speed_knots,wind_gust_knots,max_temperature_f,min_temperature_f,precipitation_inches,snow_depth_inches,quality_flag,fog,rain_or_drizzle,snow_or_ice_pellets,hail,thunder,tornado_or_funnel_cloud
72530094846,1/1/2019,41.96017,-87.93164,204.8,CHICAGO OHARE INTERNATIONAL AIRPORT - IL US,30.7,28.2,1019.8,993.8,8.1,8.9,18.1,26.0,39.0,26.1,0.86,999.9,,False,True,True,True,False,False
72530094846,1/2/2019,41.96017,-87.93164,204.8,CHICAGO OHARE INTERNATIONAL AIRPORT - IL US,27.6,24.5,1022.2,997.2,7.6,5.6,15.0,22.0,34.0,26.1,0.01,999.9,,False,True,True,False,False,False
72530094846,1/3/2019,41.96017,-87.93164,204.8,CHICAGO OHARE INTERNATIONAL AIRPORT - IL US,29.2,22.9,1016.8,991.6,10.0,9.9,15.0,24.1,37.9,24.1,0.01,999.9,,False,False,False,False,False,False
72530094846,1/4/2019,41.96017,-87.93164,204.8,CHICAGO OHARE INTERNATIONAL AIRPORT - IL US,37.0,28.1,1010.1,985.1,10.0,9.1,15.0,21.0,48.0,24.3,0.0,999.9,,False,False,False,False,False,False
72530094846,1/5/2019,41.96017,-87.93164,204.8,CHICAGO OHARE INTERNATIONAL AIRPORT - IL US,38.9,32.0,1008.9,984.4,10.0,6.3,14.0,20.0,52.0,31.1,0.0,999.9,,False,False,False,False,False,False
72530094846,1/6/2019,41.96017,-87.93164,204.8,CHICAGO OHARE INTERNATIONAL AIRPORT - IL US,37.9,31.7,1020.8,996.1,10.0,8.4,13.0,999.9,52.0,30.0,0.0,999.9,,False,False,False,False,False,False
72530094846,1/7/2019,41.96017,-87.93164,204.8,CHICAGO OHARE INTERNATIONAL AIRPORT - IL US,43.6,38.7,1013.7,985.3,8.2,14.2,19.0,31.1,53.6,37.0,0.0,999.9,,False,True,False,False,False,False
72530094846,1/8/2019,41.96017,-87.93164,204.8,CHICAGO OHARE INTERNATIONAL AIRPORT - IL US,41.4,35.4,1008.4,983.8,8.2,10.9,25.1,41.0,53.1,36.0,0.44,999.9,,False,True,False,False,False,False
72530094846,1/9/2019,41.96017,-87.93164,204.8,CHICAGO OHARE INTERNATIONAL AIRPORT - IL US,23.2,11.6,1021.3,996.4,10.0,14.2,22.0,35.9,45.0,19.0,0.0,999.9,,False,False,True,False,False,False
72530094846,1/10/2019,41.96017,-87.93164,204.8,CHICAGO OHARE INTERNATIONAL AIRPORT - IL US,17.9,8.7,1029.8,4.0,10.0,6.1,11.1,999.9,25.0,14.0,0.0,999.9,FLAG_ANOMALY_STP,False,False,False,False,False,False
72530094846,1/11/2019,41.96017,-87.93164,204.8,CHICAGO OHARE INTERNATIONAL AIRPORT - IL US,23.4,17.4,1028.9,3.1,9.5,2.9,8.0,999.9,30.0,14.0,0.0,999.9,FLAG_ANOMALY_STP,False,False,False,False,False,False
72530094846,1/12/2019,41.96017,-87.93164,204.8,CHICAGO OHARE INTERNATIONAL AIRPORT - IL US,30.2,23.8,1027.0,1.6,6.8,7.3,14.0,21.0,32.0,17.1,0.0,2.0,FLAG_ANOMALY_STP,True,False,True,False,False,False
72530094846,1/13/2019,41.96017,-87.93164,204.8,CHICAGO OHARE INTERNATIONAL AIRPORT - IL US,29.7,24.0,1028.4,2.9,7.1,13.2,17.1,26.0,32.0,26.1,0.13,2.0,FLAG_ANOMALY_STP,False,False,True,False,False,False
72530094846,1/14/2019,41.96017,-87.93164,204.8,CHICAGO OHARE INTERNATIONAL AIRPORT - IL US,25.4,20.4,1028.5,2.8,9.2,6.6,11.1,17.1,30.9,23.0,0.01,1.2,FLAG_ANOMALY_STP,False,False,False,False,False,False
72530094846,1/15/2019,41.96017,-87.93164,204.8,CHICAGO OHARE INTERNATIONAL AIRPORT - IL US,25.5,21.8,1023.0,997.5,8.4,9.2,15.9,27.0,28.0,23.0,0.0,1.2,,False,True,False,False,False,False
72530094846,1/16/2019,41.96017,-87.93164,204.8,CHICAGO OHARE INTERNATIONAL AIRPORT - IL US,31.2,24.9,1021.7,996.5,9.0,8.9,14.0,22.0,34.0,24.1,0.0,1.2,,False,True,False,False,False,False
72530094846,1/17/2019,41.96017,-87.93164,204.8,CHICAGO OHARE INTERNATIONAL AIRPORT - IL US,30.3,24.0,1021.1,995.6,7.9,5.3,9.9,999.9,35.1,28.0,0.0,1.2,,False,False,True,False,False,False
72530094846,1/18/2019,41.96017,-87.93164,204.8,CHICAGO OHARE INTERNATIONAL AIRPORT - IL US,29.7,23.5,1020.4,995.0,9.0,7.5,14.0,18.1,35.1,27.0,0.0,999.9,,False,False,True,False,False,False
72530094846,1/19/2019,41.96017,-87.93164,204.8,CHICAGO OHARE INTERNATIONAL AIRPORT - IL US,26.4,23.3,1018.8,993.1,3.8,16.3,24.1,34.0,30.9,21.0,0.26,5.1,,False,False,True,False,False,False
72530094846,1/20/2019,41.96017,-87.93164,204.8,CHICAGO OHARE INTERNATIONAL AIRPORT - IL US,11.9,2.8,1023.6,998.2,9.0,13.5,22.0,28.9,28.0,6.1,0.02,5.1,,False,False,True,False,False,False
72530094846,1/21/2019,41.96017,-87.93164,204.8,CHICAGO OHARE INTERNATIONAL AIRPORT - IL US,9.4,0.2,1033.3,7.1,9.7,7.1,14.0,999.9,17.1,3.0,0.0,5.1,FLAG_ANOMALY_STP,False,False,True,False,False,False
72530094846,1/22/2019,41.96017,-87.93164,204.8,CHICAGO OHARE INTERNATIONAL AIRPORT - IL US,18.7,8.7,1025.3,997.7,7.7,10.2,14.0,25.1,32.0,3.0,0.0,3.9,,False,True,True,False,False,False
72530094846,1/23/2019,41.96017,-87.93164,204.8,CHICAGO OHARE INTERNATIONAL AIRPORT - IL US,29.5,27.9,1009.8,984.1,3.5,7.3,14.0,21.0,34.0,12.9,0.32,5.1,,False,True,True,False,False,False
72530094846,1/24/2019,41.96017,-87.93164,204.8,CHICAGO OHARE INTERNATIONAL AIRPORT - IL US,16.6,12.3,1011.3,986.2,6.8,7.4,17.1,29.9,34.0,9.0,0.08,5.1,,False,False,True,False,False,False
72530094846,1/25/2019,41.96017,-87.93164,204.8,CHICAGO OHARE INTERNATIONAL AIRPORT - IL US,1.3,-5.5,1022.3,996.1,8.6,11.0,17.1,28.0,21.9,-6.0,0.0,5.1,,False,False,True,False,False,False
72530094846,1/26/2019,41.96017,-87.93164,204.8,CHICAGO OHARE INTERNATIONAL AIRPORT - IL US,2.1,-4.7,1022.8,995.6,8.8,4.8,9.9,999.9,12.0,-7.1,0.03,5.9,,False,False,True,False,False,False
72530094846,1/27/2019,41.96017,-87.93164,204.8,CHICAGO OHARE INTERNATIONAL AIRPORT - IL US,3.8,-2.4,1019.5,993.1,8.6,5.6,9.9,999.9,12.0,-7.1,0.06,5.9,,False,False,True,False,False,False
72530094846,1/28/2019,41.96017,-87.93164,204.8,CHICAGO OHARE INTERNATIONAL AIRPORT - IL US,18.4,12.9,1007.8,981.0,4.4,8.9,15.9,22.9,34.0,-2.9,0.36,9.8,,True,True,True,False,False,False
72530094846,1/29/2019,41.96017,-87.93164,204.8,CHICAGO OHARE INTERNATIONAL AIRPORT - IL US,5.8,-0.8,1012.3,987.4,8.6,12.5,21.0,33.0,18.0,-2.0,0.17,9.1,,False,False,True,False,False,False
72530094846,1/30/2019,41.96017,-87.93164,204.8,CHICAGO OHARE INTERNATIONAL AIRPORT - IL US,-14.6,-23.8,1022.2,996.0,9.8,14.4,18.1,28.0,10.0,-23.1,0.0,7.9,,False,False,True,False,False,False
72530094846,1/31/2019,41.96017,-87.93164,204.8,CHICAGO OHARE INTERNATIONAL AIRPORT - IL US,-15.0,-23.0,1030.7,3.5,9.9,7.5,13.0,20.0,-4.0,-22.0,0.0,7.9,FLAG_ANOMALY_STP,False,False,True,False,False,False
72530094846,2/1/2019,41.96017,-87.93164,204.8,CHICAGO OHARE INTERNATIONAL AIRPORT - IL US,6.9,1.6,1027.5,1.1,6.3,3.2,7.0,999.9,21.0,-4.0,0.07,9.1,FLAG_ANOMALY_STP,False,False,True,False,False,False
72530094846,2/2/2019,41.96017,-87.93164,204.8,CHICAGO OHARE INTERNATIONAL AIRPORT - IL US,25.6,21.0,1020.8,994.6,6.8,9.0,13.0,22.9,42.1,1.9,0.02,7.1,,False,False,False,False,False,False
72530094846,2/3/2019,41.96017,-87.93164,204.8,CHICAGO OHARE INTERNATIONAL AIRPORT - IL US,42.3,40.1,1011.3,986.8,6.3,9.7,13.0,21.0,46.4,37.0,0.0,1.2,,False,True,False,False,False,False
72530094846,2/4/2019,41.96017,-87.93164,204.8,CHICAGO OHARE INTERNATIONAL AIRPORT - IL US,47.3,44.2,1007.0,982.5,7.6,9.2,14.0,24.1,51.1,37.9,0.0,3.9,,False,True,False,False,False,False
72530094846,2/5/2019,41.96017,-87.93164,204.8,CHICAGO OHARE INTERNATIONAL AIRPORT - IL US,29.5,24.3,1017.7,992.8,10.0,8.8,14.0,22.9,51.1,24.1,0.05,999.9,,False,True,False,False,False,False
72530094846,2/6/2019,41.96017,-87.93164,204.8,CHICAGO OHARE INTERNATIONAL AIRPORT - IL US,32.8,31.4,1013.9,988.7,3.7,6.8,14.0,20.0,36.0,25.0,0.31,999.9,FLAG_SPARSE_SLP_OBSERVATIONS,True,True,False,False,False,False
72530094846,2/7/2019,41.96017,-87.93164,204.8,CHICAGO OHARE INTERNATIONAL AIRPORT - IL US,35.6,34.0,1010.5,984.7,4.4,8.0,22.0,36.9,44.1,28.9,0.57,999.9,,True,True,False,False,True,False
72530094846,2/8/2019,41.96017,-87.93164,204.8,CHICAGO OHARE INTERNATIONAL AIRPORT - IL US,11.4,2.5,1026.2,999.9,8.9,18.5,25.1,41.0,28.9,3.9,0.15,999.9,,False,False,True,False,False,False
72530094846,2/9/2019,41.96017,-87.93164,204.8,CHICAGO OHARE INTERNATIONAL AIRPORT - IL US,11.8,2.2,1044.1,17.5,10.0,5.7,14.0,18.1,24.1,3.9,0.0,999.9,FLAG_ANOMALY_STP,False,False,False,False,False,False
72530094846,2/10/2019,41.96017,-87.93164,204.8,CHICAGO OHARE INTERNATIONAL AIRPORT - IL US,23.4,15.9,1034.4,6.3,8.6,6.8,9.9,999.9,28.0,19.9,0.0,1.2,FLAG_ANOMALY_STP,False,False,True,False,False,False
72530094846,2/11/2019,41.96017,-87.93164,204.8,CHICAGO OHARE INTERNATIONAL AIRPORT - IL US,28.0,25.3,1021.5,996.1,5.8,8.0,14.0,21.0,30.9,21.9,0.04,1.2,,False,True,True,False,False,False
72530094846,2/12/2019,41.96017,-87.93164,204.8,CHICAGO OHARE INTERNATIONAL AIRPORT - IL US,32.0,29.3,1009.6,981.0,3.8,11.6,19.0,33.0,34.0,26.6,0.51,1.2,,False,True,True,False,False,False
72530094846,2/13/2019,41.96017,-87.93164,204.8,CHICAGO OHARE INTERNATIONAL AIRPORT - IL US,18.5,14.6,1012.9,985.5,6.6,14.7,20.0,34.0,34.0,10.0,0.04,1.2,,False,False,True,False,False,False
72530094846,2/14/2019,41.96017,-87.93164,204.8,CHICAGO OHARE INTERNATIONAL AIRPORT - IL US,36.1,27.2,1006.3,980.9,10.0,7.4,11.1,19.0,50.0,12.0,0.01,1.2,,False,False,False,False,False,False
72530094846,2/15/2019,41.96017,-87.93164,204.8,CHICAGO OHARE INTERNATIONAL AIRPORT - IL US,22.8,15.3,1009.0,983.9,9.5,12.1,17.1,29.9,50.0,8.1,0.0,1.2,,False,False,False,False,False,False
72530094846,2/16/2019,41.96017,-87.93164,204.8,CHICAGO OHARE INTERNATIONAL AIRPORT - IL US,18.6,11.4,1019.3,993.8,10.0,6.4,12.0,999.9,32.0,9.0,0.0,999.9,,False,False,False,False,False,False
72530094846,2/17/2019,41.96017,-87.93164,204.8,CHICAGO OHARE INTERNATIONAL AIRPORT - IL US,25.3,20.4,1014.9,988.6,6.9,10.3,14.0,22.9,28.9,12.9,0.0,2.0,,True,True,True,False,False,False
72530094846,2/18/2019,41.96017,-87.93164,204.8,CHICAGO OHARE INTERNATIONAL AIRPORT - IL US,25.1,20.6,1023.8,996.2,4.9,7.9,12.0,999.9,30.9,19.9,0.25,3.1,,False,False,True,False,False,False
72530094846,2/19/2019,41.96017,-87.93164,204.8,CHICAGO OHARE INTERNATIONAL AIRPORT - IL US,21.8,12.9,1035.6,9.6,10.0,3.0,7.0,999.9,35.1,12.0,0.01,2.0,FLAG_ANOMALY_STP,False,False,False,False,False,False
72530094846,2/20/2019,41.96017,-87.93164,204.8,CHICAGO OHARE INTERNATIONAL AIRPORT - IL US,31.1,25.9,1020.1,992.2,6.5,10.1,15.9,22.9,37.9,28.0,0.01,1.2,,False,True,True,False,False,False
72530094846,2/21/2019,41.96017,-87.93164,204.8,CHICAGO OHARE INTERNATIONAL AIRPORT - IL US,30.9,21.3,1017.9,992.7,9.8,12.1,15.9,28.9,37.9,25.0,0.08,1.2,,False,False,False,False,False,False
72530094846,2/22/2019,41.96017,-87.93164,204.8,CHICAGO OHARE INTERNATIONAL AIRPORT - IL US,28.6,19.0,1029.0,3.4,9.2,5.4,9.9,999.9,41.0,19.0,0.0,1.2,FLAG_ANOMALY_STP,False,False,False,False,False,False
72530094846,2/23/2019,41.96017,-87.93164,204.8,CHICAGO OHARE INTERNATIONAL AIRPORT - IL US,35.6,29.0,1019.1,992.7,5.4,8.9,14.0,999.9,41.0,19.2,0.0,999.9,,True,True,False,False,False,False
72530094846,2/24/2019,41.96017,-87.93164,204.8,CHICAGO OHARE INTERNATIONAL AIRPORT - IL US,37.4,30.7,1000.9,974.9,7.5,17.4,28.9,47.0,53.1,21.0,0.77,999.9,,True,True,False,False,True,False
72530094846,2/25/2019,41.96017,-87.93164,204.8,CHICAGO OHARE INTERNATIONAL AIRPORT - IL US,12.3,0.5,1026.3,0.8,10.0,13.3,27.0,42.9,21.0,6.1,0.02,999.9,FLAG_ANOMALY_STP,False,False,False,False,False,False
72530094846,2/26/2019,41.96017,-87.93164,204.8,CHICAGO OHARE INTERNATIONAL AIRPORT - IL US,16.9,8.0,1032.7,6.7,9.0,9.3,13.0,19.0,23.0,6.1,0.0,999.9,FLAG_ANOMALY_STP,False,False,True,False,False,False
72530094846,2/27/2019,41.96017,-87.93164,204.8,CHICAGO OHARE INTERNATIONAL AIRPORT - IL US,24.6,17.4,1023.8,997.8,9.1,8.7,15.0,21.0,30.0,12.9,0.0,999.9,,False,False,True,False,False,False
72530094846,2/28/2019,41.96017,-87.93164,204.8,CHICAGO OHARE INTERNATIONAL AIRPORT - IL US,18.0,8.1,1024.7,999.0,10.0,5.7,14.0,20.0,27.0,10.9,0.01,999.9,,False,False,False,False,False,False
72530094846,3/1/2019,41.96017,-87.93164,204.8,CHICAGO OHARE INTERNATIONAL AIRPORT - IL US,26.7,16.0,1022.4,996.9,10.0,4.8,8.9,999.9,34.0,10.9,0.0,999.9,,False,False,False,False,False,False
72530094846,3/2/2019,41.96017,-87.93164,204.8,CHICAGO OHARE INTERNATIONAL AIRPORT - IL US,29.1,21.4,1022.5,997.3,8.7,6.9,12.0,17.1,34.0,23.0,0.0,999.9,,False,False,True,False,False,False
72530094846,3/3/2019,41.96017,-87.93164,204.8,CHICAGO OHARE INTERNATIONAL AIRPORT - IL US,22.2,10.7,1024.1,998.9,10.0,9.7,15.0,18.1,33.1,16.0,0.0,999.9,,False,False,False,False,False,False
72530094846,3/4/2019,41.96017,-87.93164,204.8,CHICAGO OHARE INTERNATIONAL AIRPORT - IL US,5.2,-6.4,1023.8,997.6,9.7,12.4,19.0,27.0,25.0,-2.9,0.0,999.9,,False,False,False,False,False,False
72530094846,3/5/2019,41.96017,-87.93164,204.8,CHICAGO OHARE INTERNATIONAL AIRPORT - IL US,11.9,0.4,1020.6,994.5,9.0,13.5,17.1,27.0,21.0,-2.9,0.0,999.9,,False,False,True,False,False,False
72530094846,3/6/2019,41.96017,-87.93164,204.8,CHICAGO OHARE INTERNATIONAL AIRPORT - IL US,16.3,3.7,1026.0,0.0,10.0,10.7,17.1,26.0,30.0,8.1,0.0,999.9,FLAG_ANOMALY_STP,False,False,False,False,False,False
72530094846,3/7/2019,41.96017,-87.93164,204.8,CHICAGO OHARE INTERNATIONAL AIRPORT - IL US,22.7,10.7,1027.0,1.5,10.0,7.3,14.0,22.9,30.0,9.0,0.0,999.9,FLAG_ANOMALY_STP,False,False,False,False,False,False
72530094846,3/8/2019,41.96017,-87.93164,204.8,CHICAGO OHARE INTERNATIONAL AIRPORT - IL US,28.0,20.3,1023.3,997.7,8.5,4.1,7.0,999.9,39.0,14.0,0.0,999.9,,False,False,True,False,False,False
72530094846,3/9/2019,41.96017,-87.93164,204.8,CHICAGO OHARE INTERNATIONAL AIRPORT - IL US,33.5,27.4,1015.4,987.9,7.3,10.5,21.0,32.1,41.0,21.0,0.0,999.9,,False,True,False,False,False,False
72530094846,3/10/2019,41.96017,-87.93164,204.8,CHICAGO OHARE INTERNATIONAL AIRPORT - IL US,36.6,32.2,1008.5,980.0,8.4,16.5,24.1,40.0,43.0,26.2,0.56,999.9,,False,True,False,False,False,False
72530094846,3/11/2019,41.96017,-87.93164,204.8,CHICAGO OHARE INTERNATIONAL AIRPORT - IL US,32.0,19.2,1026.1,1.0,10.0,10.0,18.1,27.0,41.0,27.0,0.0,999.9,FLAG_ANOMALY_STP,False,False,False,False,False,False
72530094846,3/12/2019,41.96017,-87.93164,204.8,CHICAGO OHARE INTERNATIONAL AIRPORT - IL US,35.2,23.5,1027.4,1.7,9.8,6.4,13.0,22.0,48.9,24.1,0.0,999.9,FLAG_ANOMALY_STP,False,False,False,False,False,False
72530094846,3/13/2019,41.96017,-87.93164,204.8,CHICAGO OHARE INTERNATIONAL AIRPORT - IL US,44.9,36.8,1013.4,988.5,9.2,10.5,17.1,26.0,57.9,24.3,0.32,999.9,,False,True,False,False,False,False
72530094846,3/14/2019,41.96017,-87.93164,204.8,CHICAGO OHARE INTERNATIONAL AIRPORT - IL US,55.3,48.4,999.7,974.5,9.3,15.3,29.9,48.0,62.1,39.9,0.26,999.9,,False,True,False,False,True,False
72530094846,3/15/2019,41.96017,-87.93164,204.8,CHICAGO OHARE INTERNATIONAL AIRPORT - IL US,38.0,33.0,1006.7,983.0,9.0,14.3,22.9,38.1,44.1,35.1,0.36,999.9,,False,True,True,False,False,False
72530094846,3/16/2019,41.96017,-87.93164,204.8,CHICAGO OHARE INTERNATIONAL AIRPORT - IL US,34.4,21.4,1024.4,999.2,10.0,10.1,15.9,24.1,41.0,28.0,0.0,999.9,,False,False,False,False,False,False
72530094846,3/17/2019,41.96017,-87.93164,204.8,CHICAGO OHARE INTERNATIONAL AIRPORT - IL US,34.8,21.9,1024.7,999.5,10.0,5.8,12.0,19.0,43.0,28.0,0.0,999.9,,False,False,False,False,False,False
72530094846,3/18/2019,41.96017,-87.93164,204.8,CHICAGO OHARE INTERNATIONAL AIRPORT - IL US,35.4,23.7,1027.4,2.2,9.6,6.9,12.0,999.9,43.0,27.0,0.0,999.9,FLAG_ANOMALY_STP,False,False,False,False,False,False
72530094846,3/19/2019,41.96017,-87.93164,204.8,CHICAGO OHARE INTERNATIONAL AIRPORT - IL US,38.7,24.0,1028.6,3.2,10.0,7.1,12.0,15.9,48.9,27.1,0.0,999.9,FLAG_ANOMALY_STP,False,False,False,False,False,False
72530094846,3/20/2019,41.96017,-87.93164,204.8,CHICAGO OHARE INTERNATIONAL AIRPORT - IL US,41.7,33.2,1020.4,994.0,7.9,7.1,12.0,19.0,48.9,30.2,0.01,999.9,,False,True,False,False,False,False
72530094846,3/21/2019,41.96017,-87.93164,204.8,CHICAGO OHARE INTERNATIONAL AIRPORT - IL US,39.8,34.8,1014.6,989.6,8.0,9.0,14.0,19.0,44.1,35.6,0.13,999.9,,False,True,False,False,False,False
72530094846,3/22/2019,41.96017,-87.93164,204.8,CHICAGO OHARE INTERNATIONAL AIRPORT - IL US,40.2,29.8,1017.0,992.5,10.0,10.4,18.1,21.0,46.0,34.0,0.0,999.9,,False,False,False,False,False,False
72530094846,3/23/2019,41.96017,-87.93164,204.8,CHICAGO OHARE INTERNATIONAL AIRPORT - IL US,36.5,24.9,1025.6,0.4,9.8,3.9,8.9,999.9,53.1,25.0,0.0,999.9,FLAG_ANOMALY_STP,False,False,False,False,False,False
72530094846,3/24/2019,41.96017,-87.93164,204.8,CHICAGO OHARE INTERNATIONAL AIRPORT - IL US,45.5,31.8,1020.7,995.8,9.6,4.2,15.9,999.9,53.1,25.2,0.0,999.9,,False,True,False,False,False,False
72530094846,3/25/2019,41.96017,-87.93164,204.8,CHICAGO OHARE INTERNATIONAL AIRPORT - IL US,36.0,25.6,1023.9,998.7,9.9,17.5,21.0,28.9,50.0,33.1,0.05,999.9,,False,True,False,False,False,False
72530094846,3/26/2019,41.96017,-87.93164,204.8,CHICAGO OHARE INTERNATIONAL AIRPORT - IL US,34.9,13.9,1030.4,5.0,10.0,5.8,13.0,999.9,48.0,23.0,0.0,999.9,FLAG_ANOMALY_STP,False,False,False,False,False,False
72530094846,3/27/2019,41.96017,-87.93164,204.8,CHICAGO OHARE INTERNATIONAL AIRPORT - IL US,41.8,17.3,1026.5,1.0,10.0,7.7,15.0,24.1,59.0,23.0,0.0,999.9,FLAG_ANOMALY_STP,False,False,False,False,False,False
72530094846,3/28/2019,41.96017,-87.93164,204.8,CHICAGO OHARE INTERNATIONAL AIRPORT - IL US,53.2,38.7,1016.8,992.2,10.0,12.1,15.9,28.0,64.9,46.9,0.01,999.9,,False,True,False,False,False,False
72530094846,3/29/2019,41.96017,-87.93164,204.8,CHICAGO OHARE INTERNATIONAL AIRPORT - IL US,46.7,32.0,1017.9,993.1,10.0,7.2,9.9,999.9,64.9,37.9,0.0,999.9,,False,False,False,False,False,False
72530094846,3/30/2019,41.96017,-87.93164,204.8,CHICAGO OHARE INTERNATIONAL AIRPORT - IL US,39.7,32.1,1012.8,987.7,9.3,10.9,20.0,25.1,57.0,34.0,0.39,999.9,,False,True,True,False,False,False
72530094846,3/31/2019,41.96017,-87.93164,204.8,CHICAGO OHARE INTERNATIONAL AIRPORT - IL US,30.7,14.6,1024.0,998.5,9.7,11.1,17.1,26.0,45.0,23.0,0.07,999.9,,False,False,True,False,False,False
72530094846,4/1/2019,41.96017,-87.93164,204.8,CHICAGO OHARE INTERNATIONAL AIRPORT - IL US,35.0,20.2,1025.7,0.1,10.0,9.3,20.0,29.9,48.9,23.0,0.0,999.9,FLAG_ANOMALY_STP,False,False,False,False,False,False
72530094846,4/2/2019,41.96017,-87.93164,204.8,CHICAGO OHARE INTERNATIONAL AIRPORT - IL US,44.7,30.6,1016.7,991.8,9.9,13.2,17.1,28.0,55.0,26.2,0.0,999.9,,False,True,False,False,False,False
72530094846,4/3/2019,41.96017,-87.93164,204.8,CHICAGO OHARE INTERNATIONAL AIRPORT - IL US,45.5,28.4,1021.2,996.6,10.0,9.2,15.0,24.1,57.9,37.0,0.0,999.9,,False,False,False,False,False,False
72530094846,4/4/2019,41.96017,-87.93164,204.8,CHICAGO OHARE INTERNATIONAL AIRPORT - IL US,46.0,38.1,1026.6,1.5,8.5,7.8,15.0,22.9,57.9,37.0,0.1,999.9,FLAG_ANOMALY_STP,False,True,False,False,False,False
72530094846,4/5/2019,41.96017,-87.93164,204.8,CHICAGO OHARE INTERNATIONAL AIRPORT - IL US,43.5,39.2,1019.9,995.1,7.2,5.2,11.1,19.0,57.0,39.0,0.15,999.9,,False,True,False,False,False,False
72530094846,4/6/2019,41.96017,-87.93164,204.8,CHICAGO OHARE INTERNATIONAL AIRPORT - IL US,51.7,44.3,1019.3,995.0,6.0,3.8,11.1,999.9,66.0,39.0,0.0,999.9,,False,False,False,False,False,False
72530094846,4/7/2019,41.96017,-87.93164,204.8,CHICAGO OHARE INTERNATIONAL AIRPORT - IL US,56.3,49.4,1013.9,988.3,9.3,6.3,17.1,34.0,66.9,39.0,0.0,999.9,,False,True,False,False,True,False
72530094846,4/8/2019,41.96017,-87.93164,204.8,CHICAGO OHARE INTERNATIONAL AIRPORT - IL US,61.2,46.7,1009.9,985.6,10.0,6.9,13.0,28.0,73.0,51.1,0.39,999.9,,False,False,False,False,False,False
72530094846,4/9/2019,41.96017,-87.93164,204.8,CHICAGO OHARE INTERNATIONAL AIRPORT - IL US,59.8,36.2,1009.7,985.6,10.0,8.9,13.0,24.1,73.0,48.0,0.0,999.9,,False,False,False,False,False,False
72530094846,4/10/2019,41.96017,-87.93164,204.8,CHICAGO OHARE INTERNATIONAL AIRPORT - IL US,40.5,30.7,1014.9,990.3,9.7,14.5,26.0,35.0,66.0,34.0,0.0,999.9,,False,True,True,False,False,False
72530094846,4/11/2019,41.96017,-87.93164,204.8,CHICAGO OHARE INTERNATIONAL AIRPORT - IL US,42.2,34.2,1008.6,983.8,10.0,17.0,20.0,32.1,55.9,34.0,0.13,999.9,,False,False,False,False,False,False
72530094846,4/12/2019,41.96017,-87.93164,204.8,CHICAGO OHARE INTERNATIONAL AIRPORT - IL US,47.9,35.4,1004.5,979.6,8.7,13.2,22.9,36.9,55.9,37.0,0.35,999.9,,False,True,False,False,True,False
72530094846,4/13/2019,41.96017,-87.93164,204.8,CHICAGO OHARE INTERNATIONAL AIRPORT - IL US,42.4,24.9,1016.8,992.1,10.0,11.0,15.9,25.1,52.0,35.1,0.07,999.9,,False,False,False,False,False,False
72530094846,4/14/2019,41.96017,-87.93164,204.8,CHICAGO OHARE INTERNATIONAL AIRPORT - IL US,36.8,29.9,1013.7,985.6,5.8,14.8,25.1,34.0,52.0,32.0,0.03,3.1,,True,True,True,False,False,False
72530094846,4/15/2019,41.96017,-87.93164,204.8,CHICAGO OHARE INTERNATIONAL AIRPORT - IL US,37.8,28.5,1014.7,988.4,8.5,7.7,12.0,22.0,52.0,30.9,0.32,2.0,,False,False,True,False,False,False
72530094846,4/16/2019,41.96017,-87.93164,204.8,CHICAGO OHARE INTERNATIONAL AIRPORT - IL US,56.0,41.8,1013.5,989.0,10.0,8.8,18.1,22.0,72.0,48.0,0.0,3.1,,False,False,False,False,False,False
72530094846,4/17/2019,41.96017,-87.93164,204.8,CHICAGO OHARE INTERNATIONAL AIRPORT - IL US,55.0,46.1,1011.5,986.5,8.5,9.0,19.0,27.0,77.0,44.1,0.0,999.9,,False,False,False,False,False,False
72530094846,4/18/2019,41.96017,-87.93164,204.8,CHICAGO OHARE INTERNATIONAL AIRPORT - IL US,58.5,50.3,1002.3,978.1,9.2,11.2,15.9,28.9,77.0,44.1,0.03,999.9,,False,True,False,False,False,False
72530094846,4/19/2019,41.96017,-87.93164,204.8,CHICAGO OHARE INTERNATIONAL AIRPORT - IL US,44.9,34.2,1009.3,984.9,10.0,20.6,28.9,40.0,64.9,41.0,0.28,999.9,,False,False,False,False,False,False
72530094846,4/20/2019,41.96017,-87.93164,204.8,CHICAGO OHARE INTERNATIONAL AIRPORT - IL US,49.5,20.7,1010.3,985.7,10.0,16.3,22.9,32.1,64.0,36.0,0.0,999.9,,False,False,False,False,False,False
72530094846,4/21/2019,41.96017,-87.93164,204.8,CHICAGO OHARE INTERNATIONAL AIRPORT - IL US,58.3,25.3,1013.4,989.1,10.0,5.9,13.0,21.0,77.0,36.0,0.0,999.9,,False,False,False,False,False,False
72530094846,4/22/2019,41.96017,-87.93164,204.8,CHICAGO OHARE INTERNATIONAL AIRPORT - IL US,68.1,42.0,1015.5,991.2,10.0,10.7,18.1,26.0,80.1,44.1,0.0,999.9,,False,True,False,False,True,False
72530094846,4/23/2019,41.96017,-87.93164,204.8,CHICAGO OHARE INTERNATIONAL AIRPORT - IL US,59.1,48.8,1013.7,989.4,9.7,10.1,17.1,25.1,80.1,48.9,0.02,999.9,,False,True,False,False,False,False
72530094846,4/24/2019,41.96017,-87.93164,204.8,CHICAGO OHARE INTERNATIONAL AIRPORT - IL US,52.7,38.4,1016.0,991.2,10.0,4.9,8.9,999.9,64.9,42.1,0.0,999.9,,False,False,False,False,False,False
72530094846,4/25/2019,41.96017,-87.93164,204.8,CHICAGO OHARE INTERNATIONAL AIRPORT - IL US,56.7,37.4,1008.9,984.4,10.0,4.1,8.9,999.9,66.9,42.1,0.0,999.9,,False,False,False,False,False,False
72530094846,4/26/2019,41.96017,-87.93164,204.8,CHICAGO OHARE INTERNATIONAL AIRPORT - IL US,55.6,38.0,1007.6,983.1,9.6,13.5,22.0,33.0,66.9,46.0,0.21,999.9,,False,True,False,False,False,False
72530094846,4/27/2019,41.96017,-87.93164,204.8,CHICAGO OHARE INTERNATIONAL AIRPORT - IL US,42.4,29.9,1013.0,988.4,7.2,8.3,21.0,999.9,63.0,32.0,0.02,2.0,,True,True,True,False,False,False
72530094846,4/28/2019,41.96017,-87.93164,204.8,CHICAGO OHARE INTERNATIONAL AIRPORT - IL US,39.1,27.2,1020.0,994.3,8.4,11.1,21.0,28.0,52.0,30.9,0.79,2.0,,False,False,True,False,False,False
72530094846,4/29/2019,41.96017,-87.93164,204.8,CHICAGO OHARE INTERNATIONAL AIRPORT - IL US,45.1,38.0,1018.7,993.3,6.9,8.3,18.1,28.0,52.0,31.1,0.54,999.9,,False,True,False,False,False,False
72530094846,4/30/2019,41.96017,-87.93164,204.8,CHICAGO OHARE INTERNATIONAL AIRPORT - IL US,44.4,42.6,1021.8,997.2,5.5,7.9,18.1,24.1,51.1,37.9,1.04,999.9,,False,True,False,False,True,False
72530094846,5/1/2019,41.96017,-87.93164,204.8,CHICAGO OHARE INTERNATIONAL AIRPORT - IL US,50.0,47.3,1014.7,989.5,6.9,8.9,14.0,22.0,57.9,39.0,2.06,999.9,,False,True,False,False,False,False
72530094846,5/2/2019,41.96017,-87.93164,204.8,CHICAGO OHARE INTERNATIONAL AIRPORT - IL US,44.3,42.4,1018.9,994.3,5.4,8.0,13.0,999.9,57.9,41.0,0.04,999.9,,True,True,False,False,False,False
72530094846,5/3/2019,41.96017,-87.93164,204.8,CHICAGO OHARE INTERNATIONAL AIRPORT - IL US,47.5,40.2,1018.9,994.3,9.5,10.2,15.9,21.0,55.0,39.9,0.61,999.9,,False,False,False,False,False,False
72530094846,5/4/2019,41.96017,-87.93164,204.8,CHICAGO OHARE INTERNATIONAL AIRPORT - IL US,49.5,38.1,1016.5,991.7,10.0,5.9,11.1,999.9,63.0,37.9,0.01,999.9,,False,True,False,False,False,False
72530094846,5/5/2019,41.96017,-87.93164,204.8,CHICAGO OHARE INTERNATIONAL AIRPORT - IL US,58.3,40.8,1012.0,987.6,10.0,5.0,11.1,17.1,73.0,37.9,0.0,999.9,,False,False,False,False,False,False
72530094846,5/6/2019,41.96017,-87.93164,204.8,CHICAGO OHARE INTERNATIONAL AIRPORT - IL US,59.3,47.7,1013.8,989.7,10.0,7.2,17.1,999.9,73.0,46.0,0.0,999.9,,False,True,False,False,False,False
72530094846,5/7/2019,41.96017,-87.93164,204.8,CHICAGO OHARE INTERNATIONAL AIRPORT - IL US,46.4,40.0,1022.1,997.4,9.4,12.0,17.1,25.1,50.0,44.1,0.47,999.9,,False,True,False,False,False,False
72530094846,5/8/2019,41.96017,-87.93164,204.8,CHICAGO OHARE INTERNATIONAL AIRPORT - IL US,50.1,38.7,1019.5,994.2,10.0,11.5,15.0,21.0,66.0,43.0,0.06,999.9,,False,True,False,False,False,False
72530094846,5/9/2019,41.96017,-87.93164,204.8,CHICAGO OHARE INTERNATIONAL AIRPORT - IL US,61.3,55.5,1007.2,982.2,7.4,9.8,19.0,28.0,68.0,46.0,1.05,999.9,,False,True,False,False,False,False
72530094846,5/10/2019,41.96017,-87.93164,204.8,CHICAGO OHARE INTERNATIONAL AIRPORT - IL US,49.6,38.2,1017.6,992.3,10.0,8.8,13.0,19.0,66.9,44.1,0.79,999.9,,False,False,False,False,False,False
72530094846,5/11/2019,41.96017,-87.93164,204.8,CHICAGO OHARE INTERNATIONAL AIRPORT - IL US,47.6,36.5,1020.2,995.3,9.9,6.4,9.9,999.9,57.9,44.1,0.0,999.9,,False,True,False,False,False,False
72530094846,5/12/2019,41.96017,-87.93164,204.8,CHICAGO OHARE INTERNATIONAL AIRPORT - IL US,46.2,37.5,1012.6,987.8,10.0,10.1,14.0,19.0,53.1,42.1,0.12,999.9,,False,True,False,False,False,False
72530094846,5/13/2019,41.96017,-87.93164,204.8,CHICAGO OHARE INTERNATIONAL AIRPORT - IL US,49.7,37.7,1012.1,987.8,9.9,7.5,12.0,999.9,61.0,42.1,0.05,999.9,,False,True,False,False,False,False
72530094846,5/14/2019,41.96017,-87.93164,204.8,CHICAGO OHARE INTERNATIONAL AIRPORT - IL US,54.3,37.1,1016.2,991.6,10.0,3.7,11.1,999.9,71.1,41.0,0.0,999.9,,False,False,False,False,False,False
72530094846,5/15/2019,41.96017,-87.93164,204.8,CHICAGO OHARE INTERNATIONAL AIRPORT - IL US,62.3,42.5,1014.3,990.0,10.0,4.6,11.1,999.9,75.0,41.0,0.0,999.9,,False,False,False,False,False,False
72530094846,5/16/2019,41.96017,-87.93164,204.8,CHICAGO OHARE INTERNATIONAL AIRPORT - IL US,66.2,54.1,1009.8,985.8,9.7,8.1,15.0,26.0,77.0,50.0,0.0,999.9,,False,True,False,False,True,False
72530094846,5/17/2019,41.96017,-87.93164,204.8,CHICAGO OHARE INTERNATIONAL AIRPORT - IL US,57.9,50.0,1009.6,985.3,9.9,9.0,22.0,31.1,77.0,46.0,0.45,999.9,,False,True,False,True,True,False
72530094846,5/18/2019,41.96017,-87.93164,204.8,CHICAGO OHARE INTERNATIONAL AIRPORT - IL US,55.7,47.4,1010.8,986.2,9.5,8.0,14.0,21.0,80.1,44.1,0.05,999.9,,False,True,False,False,True,False
72530094846,5/19/2019,41.96017,-87.93164,204.8,CHICAGO OHARE INTERNATIONAL AIRPORT - IL US,62.7,56.2,1003.6,979.5,8.3,10.7,22.0,36.9,80.1,44.1,0.48,999.9,,False,True,False,False,True,False
72530094846,5/20/2019,41.96017,-87.93164,204.8,CHICAGO OHARE INTERNATIONAL AIRPORT - IL US,53.3,43.1,1013.8,989.8,10.0,10.9,15.9,28.0,73.9,46.0,0.07,999.9,,False,False,False,False,False,False
72530094846,5/21/2019,41.96017,-87.93164,204.8,CHICAGO OHARE INTERNATIONAL AIRPORT - IL US,48.5,39.3,1019.6,994.9,9.5,10.5,20.0,31.1,57.0,45.0,0.01,999.9,,False,True,False,False,False,False
72530094846,5/22/2019,41.96017,-87.93164,204.8,CHICAGO OHARE INTERNATIONAL AIRPORT - IL US,61.4,50.1,1011.1,987.0,9.2,12.9,21.0,32.1,82.0,45.0,0.85,999.9,,False,True,False,False,True,False
72530094846,5/23/2019,41.96017,-87.93164,204.8,CHICAGO OHARE INTERNATIONAL AIRPORT - IL US,70.4,55.7,1013.5,989.5,9.6,12.4,20.0,28.0,82.0,48.9,0.14,999.9,,False,True,False,False,True,False
72530094846,5/24/2019,41.96017,-87.93164,204.8,CHICAGO OHARE INTERNATIONAL AIRPORT - IL US,62.3,51.8,1017.5,993.9,9.5,6.5,13.0,19.0,73.9,54.0,0.23,999.9,,False,True,False,False,True,False
72530094846,5/25/2019,41.96017,-87.93164,204.8,CHICAGO OHARE INTERNATIONAL AIRPORT - IL US,73.6,62.7,1012.0,988.0,10.0,9.4,15.9,28.9,81.0,54.0,0.03,999.9,,False,True,False,False,False,False
72530094846,5/26/2019,41.96017,-87.93164,204.8,CHICAGO OHARE INTERNATIONAL AIRPORT - IL US,70.0,57.6,1015.3,991.4,10.0,5.5,12.0,999.9,81.0,63.0,0.0,999.9,,False,True,False,False,False,False
72530094846,5/27/2019,41.96017,-87.93164,204.8,CHICAGO OHARE INTERNATIONAL AIRPORT - IL US,61.2,51.4,1015.3,990.1,8.9,6.1,21.0,31.1,73.9,53.1,0.0,999.9,,False,True,False,False,True,False
72530094846,5/28/2019,41.96017,-87.93164,204.8,CHICAGO OHARE INTERNATIONAL AIRPORT - IL US,64.5,60.1,1005.8,982.1,9.6,7.8,29.9,39.0,73.0,53.1,1.92,999.9,,False,True,False,False,True,False
72530094846,5/29/2019,41.96017,-87.93164,204.8,CHICAGO OHARE INTERNATIONAL AIRPORT - IL US,59.5,54.6,1007.6,983.4,8.2,7.0,18.1,26.0,75.0,52.0,0.7,999.9,,False,True,False,False,True,False
72530094846,5/30/2019,41.96017,-87.93164,204.8,CHICAGO OHARE INTERNATIONAL AIRPORT - IL US,66.0,57.0,1007.2,983.3,9.6,6.2,14.0,20.0,78.1,52.0,0.22,999.9,,False,True,False,False,True,False
72530094846,5/31/2019,41.96017,-87.93164,204.8,CHICAGO OHARE INTERNATIONAL AIRPORT - IL US,70.5,57.9,1009.9,985.9,10.0,6.5,15.0,21.0,81.0,60.1,0.0,999.9,,False,False,False,False,False,False
72530094846,6/1/2019,41.96017,-87.93164,204.8,CHICAGO OHARE INTERNATIONAL AIRPORT - IL US,71.0,60.3,1008.0,984.2,10.0,8.8,21.0,34.0,81.0,61.0,0.0,999.9,,False,True,False,False,True,False
72530094846,6/2/2019,41.96017,-87.93164,204.8,CHICAGO OHARE INTERNATIONAL AIRPORT - IL US,60.1,46.6,1011.9,987.7,9.9,7.3,13.0,18.1,80.1,52.0,0.0,999.9,,False,True,False,False,False,False
72530094846,6/3/2019,41.96017,-87.93164,204.8,CHICAGO OHARE INTERNATIONAL AIRPORT - IL US,57.8,38.2,1018.4,994.1,10.0,7.6,11.1,999.9,70.0,48.9,0.0,999.9,,False,False,False,False,False,False
72530094846,6/4/2019,41.96017,-87.93164,204.8,CHICAGO OHARE INTERNATIONAL AIRPORT - IL US,64.2,49.1,1015.0,990.7,9.6,8.4,17.1,22.9,82.0,48.9,0.0,999.9,,False,True,False,False,True,False
72530094846,6/5/2019,41.96017,-87.93164,204.8,CHICAGO OHARE INTERNATIONAL AIRPORT - IL US,74.4,63.8,1006.4,982.5,9.9,7.7,18.1,29.9,82.9,55.9,0.58,999.9,,False,True,False,False,True,False
72530094846,6/6/2019,41.96017,-87.93164,204.8,CHICAGO OHARE INTERNATIONAL AIRPORT - IL US,65.5,58.6,1011.2,987.0,7.9,6.4,13.0,999.9,82.9,57.0,0.29,999.9,,False,False,False,False,False,False
72530094846,6/7/2019,41.96017,-87.93164,204.8,CHICAGO OHARE INTERNATIONAL AIRPORT - IL US,66.2,57.0,1013.9,989.7,9.2,7.2,13.0,18.1,78.1,55.0,0.0,999.9,,True,False,False,False,False,False
72530094846,6/8/2019,41.96017,-87.93164,204.8,CHICAGO OHARE INTERNATIONAL AIRPORT - IL US,67.0,52.3,1015.1,991.0,10.0,8.6,13.0,22.0,78.1,55.0,0.0,999.9,,False,False,False,False,False,False
72530094846,6/9/2019,41.96017,-87.93164,204.8,CHICAGO OHARE INTERNATIONAL AIRPORT - IL US,68.8,57.7,1013.9,989.8,9.6,6.5,8.9,999.9,75.9,57.0,0.0,999.9,,False,True,False,False,False,False
72530094846,6/10/2019,41.96017,-87.93164,204.8,CHICAGO OHARE INTERNATIONAL AIRPORT - IL US,66.7,52.8,1016.8,992.3,9.1,11.4,19.0,28.9,75.0,60.1,0.0,999.9,,False,False,False,False,False,False
72530094846,6/11/2019,41.96017,-87.93164,204.8,CHICAGO OHARE INTERNATIONAL AIRPORT - IL US,68.8,43.8,1020.3,996.0,10.0,6.5,12.0,17.1,82.0,57.0,0.0,999.9,,False,False,False,False,False,False
72530094846,6/12/2019,41.96017,-87.93164,204.8,CHICAGO OHARE INTERNATIONAL AIRPORT - IL US,67.4,48.1,1013.2,989.1,9.7,8.3,18.1,27.0,82.0,57.0,0.0,999.9,,False,True,False,False,False,False
72530094846,6/13/2019,41.96017,-87.93164,204.8,CHICAGO OHARE INTERNATIONAL AIRPORT - IL US,57.9,47.6,1011.1,985.9,9.7,12.6,19.0,28.0,71.1,51.1,0.8,999.9,,False,True,False,False,False,False
72530094846,6/14/2019,41.96017,-87.93164,204.8,CHICAGO OHARE INTERNATIONAL AIRPORT - IL US,64.8,43.6,1014.9,990.3,10.0,10.9,21.0,35.0,80.1,51.1,0.05,999.9,,False,False,False,False,False,False
72530094846,6/15/2019,41.96017,-87.93164,204.8,CHICAGO OHARE INTERNATIONAL AIRPORT - IL US,66.5,56.9,1009.0,984.8,9.5,10.0,21.0,35.9,80.1,52.0,0.05,999.9,,False,True,False,False,False,False
72530094846,6/16/2019,41.96017,-87.93164,204.8,CHICAGO OHARE INTERNATIONAL AIRPORT - IL US,57.0,55.0,1009.4,985.1,4.7,7.1,13.0,999.9,70.0,54.0,0.09,999.9,,False,True,False,False,False,False
72530094846,6/17/2019,41.96017,-87.93164,204.8,CHICAGO OHARE INTERNATIONAL AIRPORT - IL US,59.0,52.6,1014.7,990.4,9.8,7.8,13.0,999.9,66.9,54.0,0.07,999.9,,False,False,False,False,False,False
72530094846,6/18/2019,41.96017,-87.93164,204.8,CHICAGO OHARE INTERNATIONAL AIRPORT - IL US,63.9,55.9,1014.0,990.0,7.3,3.7,7.0,999.9,78.1,54.0,0.0,999.9,,True,False,False,False,False,False
72530094846,6/19/2019,41.96017,-87.93164,204.8,CHICAGO OHARE INTERNATIONAL AIRPORT - IL US,66.6,56.3,1008.6,984.6,9.5,5.8,13.0,999.9,78.1,54.0,0.0,999.9,,False,True,False,False,False,False
72530094846,6/20/2019,41.96017,-87.93164,204.8,CHICAGO OHARE INTERNATIONAL AIRPORT - IL US,60.0,56.4,1005.4,981.2,8.2,11.0,15.9,999.9,69.1,55.4,0.42,999.9,,False,True,False,False,False,False
72530094846,6/21/2019,41.96017,-87.93164,204.8,CHICAGO OHARE INTERNATIONAL AIRPORT - IL US,62.8,48.8,1014.4,990.2,10.0,5.4,12.0,999.9,72.0,52.0,0.04,999.9,,False,True,False,False,False,False
72530094846,6/22/2019,41.96017,-87.93164,204.8,CHICAGO OHARE INTERNATIONAL AIRPORT - IL US,66.5,52.9,1015.8,991.7,10.0,8.8,18.1,26.0,79.0,52.0,0.0,999.9,,False,False,False,False,False,False
72530094846,6/23/2019,41.96017,-87.93164,204.8,CHICAGO OHARE INTERNATIONAL AIRPORT - IL US,73.1,62.8,1012.8,988.2,9.7,9.2,14.0,25.1,81.0,57.9,0.03,999.9,,False,True,False,False,True,False
72530094846,6/24/2019,41.96017,-87.93164,204.8,CHICAGO OHARE INTERNATIONAL AIRPORT - IL US,71.3,67.1,1003.6,979.8,9.3,7.6,17.1,33.0,81.0,63.0,0.35,999.9,,False,True,False,False,True,False
72530094846,6/25/2019,41.96017,-87.93164,204.8,CHICAGO OHARE INTERNATIONAL AIRPORT - IL US,72.0,59.1,1008.5,984.8,10.0,10.4,22.0,42.0,84.9,62.1,0.17,999.9,,False,True,False,False,True,False
72530094846,6/26/2019,41.96017,-87.93164,204.8,CHICAGO OHARE INTERNATIONAL AIRPORT - IL US,78.2,60.6,1014.8,991.0,10.0,5.4,11.1,999.9,89.1,62.1,0.14,999.9,,False,False,False,False,False,False
72530094846,6/27/2019,41.96017,-87.93164,204.8,CHICAGO OHARE INTERNATIONAL AIRPORT - IL US,77.2,65.5,1019.3,995.3,9.9,5.5,19.0,31.1,89.1,68.0,0.15,999.9,,False,True,False,False,True,False
72530094846,6/28/2019,41.96017,-87.93164,204.8,CHICAGO OHARE INTERNATIONAL AIRPORT - IL US,75.7,66.0,1019.2,995.3,10.0,8.0,22.9,29.9,90.0,68.0,0.02,999.9,,False,True,False,False,True,False
72530094846,6/29/2019,41.96017,-87.93164,204.8,CHICAGO OHARE INTERNATIONAL AIRPORT - IL US,78.4,66.9,1018.1,994.1,10.0,4.3,9.9,999.9,90.0,69.1,0.01,999.9,,False,False,False,False,True,False
72530094846,6/30/2019,41.96017,-87.93164,204.8,CHICAGO OHARE INTERNATIONAL AIRPORT - IL US,77.7,65.1,1016.6,992.6,10.0,4.7,39.0,52.1,91.0,69.1,0.0,999.9,,False,True,False,False,True,False
72530094846,7/1/2019,41.96017,-87.93164,204.8,CHICAGO OHARE INTERNATIONAL AIRPORT - IL US,77.1,67.5,1015.0,991.0,10.0,6.1,12.0,21.0,91.0,69.1,0.2,999.9,,False,False,False,False,False,False
72530094846,7/2/2019,41.96017,-87.93164,204.8,CHICAGO OHARE INTERNATIONAL AIRPORT - IL US,83.9,70.0,1011.7,987.8,10.0,7.4,20.0,25.1,91.9,69.1,0.0,999.9,,False,False,False,False,False,False
72530094846,7/3/2019,41.96017,-87.93164,204.8,CHICAGO OHARE INTERNATIONAL AIRPORT - IL US,77.6,68.7,1011.6,987.8,9.7,6.3,15.0,21.0,91.9,69.1,0.42,999.9,,False,True,False,False,True,False
72530094846,7/4/2019,41.96017,-87.93164,204.8,CHICAGO OHARE INTERNATIONAL AIRPORT - IL US,78.1,67.7,1013.1,989.3,9.8,7.1,13.0,18.1,91.0,69.1,0.41,999.9,,False,False,False,False,False,False
72530094846,7/5/2019,41.96017,-87.93164,204.8,CHICAGO OHARE INTERNATIONAL AIRPORT - IL US,81.4,69.1,1014.4,990.6,9.7,6.6,11.1,34.0,91.0,70.0,0.0,999.9,,False,True,False,False,True,False
72530094846,7/6/2019,41.96017,-87.93164,204.8,CHICAGO OHARE INTERNATIONAL AIRPORT - IL US,77.7,68.5,1015.0,991.2,9.8,8.0,20.0,27.0,91.0,72.0,0.47,999.9,,False,False,False,False,False,False
72530094846,7/7/2019,41.96017,-87.93164,204.8,CHICAGO OHARE INTERNATIONAL AIRPORT - IL US,70.2,58.1,1016.7,992.6,10.0,13.0,19.0,20.0,82.9,64.9,0.0,999.9,,False,False,False,False,False,False
72530094846,7/8/2019,41.96017,-87.93164,204.8,CHICAGO OHARE INTERNATIONAL AIRPORT - IL US,70.8,53.2,1017.3,993.2,10.0,7.0,14.0,999.9,82.9,60.1,0.0,999.9,,False,False,False,False,False,False
72530094846,7/9/2019,41.96017,-87.93164,204.8,CHICAGO OHARE INTERNATIONAL AIRPORT - IL US,74.2,57.5,1016.0,991.9,10.0,5.4,11.1,20.0,88.0,60.1,0.0,999.9,,False,False,False,False,False,False
72530094846,7/10/2019,41.96017,-87.93164,204.8,CHICAGO OHARE INTERNATIONAL AIRPORT - IL US,83.4,66.1,1012.2,988.4,10.0,8.9,15.0,22.0,93.9,61.0,0.01,999.9,,False,True,False,False,False,False
72530094846,7/11/2019,41.96017,-87.93164,204.8,CHICAGO OHARE INTERNATIONAL AIRPORT - IL US,77.5,61.6,1012.0,988.4,10.0,7.4,12.0,19.0,93.9,70.0,0.0,999.9,,False,False,False,False,False,False
72530094846,7/12/2019,41.96017,-87.93164,204.8,CHICAGO OHARE INTERNATIONAL AIRPORT - IL US,71.8,55.7,1014.5,990.5,10.0,5.2,9.9,15.0,87.1,59.0,0.0,999.9,,False,False,False,False,False,False
72530094846,7/13/2019,41.96017,-87.93164,204.8,CHICAGO OHARE INTERNATIONAL AIRPORT - IL US,81.9,63.2,1013.9,990.1,10.0,8.0,13.0,20.0,93.9,59.0,0.0,999.9,,False,False,False,False,False,False
72530094846,7/14/2019,41.96017,-87.93164,204.8,CHICAGO OHARE INTERNATIONAL AIRPORT - IL US,79.4,62.5,1018.1,994.2,10.0,7.0,13.0,999.9,93.9,70.0,0.0,999.9,,False,True,False,False,True,False
72530094846,7/15/2019,41.96017,-87.93164,204.8,CHICAGO OHARE INTERNATIONAL AIRPORT - IL US,81.0,65.1,1016.8,992.8,10.0,8.7,17.1,28.9,91.9,70.0,0.0,999.9,,False,False,False,False,False,False
72530094846,7/16/2019,41.96017,-87.93164,204.8,CHICAGO OHARE INTERNATIONAL AIRPORT - IL US,77.2,67.3,1013.2,989.3,9.7,6.9,13.0,22.0,91.9,71.1,0.0,999.9,,False,True,False,False,False,False
72530094846,7/17/2019,41.96017,-87.93164,204.8,CHICAGO OHARE INTERNATIONAL AIRPORT - IL US,80.5,70.7,1011.6,988.0,9.7,4.3,12.0,35.9,91.9,71.1,0.05,999.9,,False,True,False,False,True,False
72530094846,7/18/2019,41.96017,-87.93164,204.8,CHICAGO OHARE INTERNATIONAL AIRPORT - IL US,77.4,71.2,1010.0,986.9,8.6,7.7,20.0,29.9,91.9,71.1,0.47,999.9,,False,True,False,False,True,False
72530094846,7/19/2019,41.96017,-87.93164,204.8,CHICAGO OHARE INTERNATIONAL AIRPORT - IL US,85.5,75.7,1008.5,984.9,10.0,9.6,13.0,20.0,93.0,73.9,1.36,999.9,,False,False,False,False,False,False
72530094846,7/20/2019,41.96017,-87.93164,204.8,CHICAGO OHARE INTERNATIONAL AIRPORT - IL US,85.0,73.7,1009.9,986.7,10.0,11.2,25.1,32.1,95.0,73.0,0.02,999.9,,False,True,False,False,True,False
72530094846,7/21/2019,41.96017,-87.93164,204.8,CHICAGO OHARE INTERNATIONAL AIRPORT - IL US,73.6,66.4,1012.5,988.8,9.5,10.0,18.1,22.9,78.1,68.0,0.79,999.9,,False,True,False,False,True,False
72530094846,7/22/2019,41.96017,-87.93164,204.8,CHICAGO OHARE INTERNATIONAL AIRPORT - IL US,70.3,54.2,1016.3,992.4,10.0,12.6,18.1,28.0,79.0,64.9,0.03,999.9,,False,False,False,False,False,False
72530094846,7/23/2019,41.96017,-87.93164,204.8,CHICAGO OHARE INTERNATIONAL AIRPORT - IL US,69.9,54.3,1018.6,994.5,10.0,6.5,12.0,19.0,80.1,62.1,0.0,999.9,,False,False,False,False,False,False
72530094846,7/24/2019,41.96017,-87.93164,204.8,CHICAGO OHARE INTERNATIONAL AIRPORT - IL US,71.2,53.3,1020.3,996.5,10.0,4.6,8.9,15.9,81.0,62.1,0.0,999.9,,False,False,False,False,False,False
72530094846,7/25/2019,41.96017,-87.93164,204.8,CHICAGO OHARE INTERNATIONAL AIRPORT - IL US,73.3,51.3,1021.2,997.2,10.0,4.0,8.0,999.9,84.9,62.1,0.0,999.9,,False,False,False,False,False,False
72530094846,7/26/2019,41.96017,-87.93164,204.8,CHICAGO OHARE INTERNATIONAL AIRPORT - IL US,75.6,59.0,1021.3,997.2,10.0,7.3,13.0,19.0,84.9,63.0,0.0,999.9,,False,False,False,False,False,False
72530094846,7/27/2019,41.96017,-87.93164,204.8,CHICAGO OHARE INTERNATIONAL AIRPORT - IL US,79.7,62.4,1018.7,994.6,10.0,11.7,18.1,28.0,89.1,66.9,0.0,999.9,,False,False,False,False,False,False
72530094846,7/28/2019,41.96017,-87.93164,204.8,CHICAGO OHARE INTERNATIONAL AIRPORT - IL US,81.1,64.7,1016.6,992.5,10.0,10.0,15.0,24.1,89.1,71.1,0.0,999.9,,False,False,False,False,False,False
72530094846,7/29/2019,41.96017,-87.93164,204.8,CHICAGO OHARE INTERNATIONAL AIRPORT - IL US,77.3,67.1,1011.7,987.6,9.2,8.9,21.0,32.1,89.1,70.0,0.09,999.9,,False,True,False,False,True,False
72530094846,7/30/2019,41.96017,-87.93164,204.8,CHICAGO OHARE INTERNATIONAL AIRPORT - IL US,73.2,61.2,1014.3,990.6,10.0,6.1,11.1,15.0,82.0,66.9,0.23,999.9,,False,False,False,False,False,False
72530094846,7/31/2019,41.96017,-87.93164,204.8,CHICAGO OHARE INTERNATIONAL AIRPORT - IL US,68.6,55.6,1020.3,996.2,10.0,7.9,13.0,19.0,78.1,59.0,0.0,999.9,,False,False,False,False,False,False
72530094846,8/1/2019,41.96017,-87.93164,204.8,CHICAGO OHARE INTERNATIONAL AIRPORT - IL US,68.5,54.9,1021.6,997.2,10.0,6.2,9.9,999.9,80.1,57.0,0.0,999.9,,False,False,False,False,False,False
72530094846,8/2/2019,41.96017,-87.93164,204.8,CHICAGO OHARE INTERNATIONAL AIRPORT - IL US,72.0,57.1,1020.7,996.4,10.0,5.4,9.9,999.9,82.9,57.0,0.0,999.9,,False,False,False,False,False,False
72530094846,8/3/2019,41.96017,-87.93164,204.8,CHICAGO OHARE INTERNATIONAL AIRPORT - IL US,75.4,55.9,1018.4,994.3,10.0,3.0,7.0,999.9,89.1,61.0,0.0,999.9,,False,False,False,False,False,False
72530094846,8/4/2019,41.96017,-87.93164,204.8,CHICAGO OHARE INTERNATIONAL AIRPORT - IL US,78.7,61.5,1016.6,992.7,10.0,4.6,8.9,999.9,89.1,63.0,0.0,999.9,,False,False,False,False,False,False
72530094846,8/5/2019,41.96017,-87.93164,204.8,CHICAGO OHARE INTERNATIONAL AIRPORT - IL US,78.8,63.3,1014.4,990.3,10.0,5.4,14.0,22.0,90.0,70.0,0.0,999.9,,False,False,False,False,False,False
72530094846,8/6/2019,41.96017,-87.93164,204.8,CHICAGO OHARE INTERNATIONAL AIRPORT - IL US,76.1,63.5,1009.1,985.6,10.0,7.8,15.0,18.1,90.0,66.9,0.01,999.9,,False,True,False,False,False,False
72530094846,8/7/2019,41.96017,-87.93164,204.8,CHICAGO OHARE INTERNATIONAL AIRPORT - IL US,76.7,61.6,1009.7,985.8,10.0,5.3,12.0,18.1,88.0,66.0,0.0,999.9,,False,False,False,False,False,False
72530094846,8/8/2019,41.96017,-87.93164,204.8,CHICAGO OHARE INTERNATIONAL AIRPORT - IL US,79.1,59.6,1009.1,985.4,10.0,9.4,18.1,26.0,88.0,66.0,0.01,999.9,,False,True,False,False,True,False
72530094846,8/9/2019,41.96017,-87.93164,204.8,CHICAGO OHARE INTERNATIONAL AIRPORT - IL US,72.7,52.0,1013.1,989.3,9.9,5.8,12.0,15.0,87.1,62.1,0.0,999.9,,False,False,False,False,False,False
72530094846,8/10/2019,41.96017,-87.93164,204.8,CHICAGO OHARE INTERNATIONAL AIRPORT - IL US,74.2,55.9,1015.2,991.3,10.0,4.3,9.9,999.9,86.0,62.1,0.0,999.9,,False,False,False,False,False,False
72530094846,8/11/2019,41.96017,-87.93164,204.8,CHICAGO OHARE INTERNATIONAL AIRPORT - IL US,74.4,59.7,1015.4,991.3,10.0,7.2,12.0,18.1,86.0,66.9,0.0,999.9,,False,True,False,False,False,False
72530094846,8/12/2019,41.96017,-87.93164,204.8,CHICAGO OHARE INTERNATIONAL AIRPORT - IL US,76.0,69.0,1011.7,988.0,9.2,4.0,8.0,999.9,84.0,68.0,0.0,999.9,,False,True,False,False,False,False
72530094846,8/13/2019,41.96017,-87.93164,204.8,CHICAGO OHARE INTERNATIONAL AIRPORT - IL US,75.2,68.3,1009.5,985.7,7.4,5.3,12.0,22.0,86.0,70.0,0.5,999.9,,False,True,False,False,True,False
72530094846,8/14/2019,41.96017,-87.93164,204.8,CHICAGO OHARE INTERNATIONAL AIRPORT - IL US,71.9,64.8,1012.6,988.7,9.9,5.2,15.0,999.9,86.0,66.0,0.19,999.9,,False,True,False,False,False,False
72530094846,8/15/2019,41.96017,-87.93164,204.8,CHICAGO OHARE INTERNATIONAL AIRPORT - IL US,70.1,60.4,1014.9,990.9,10.0,8.5,14.0,999.9,82.9,63.0,0.0,999.9,,False,False,False,False,False,False
72530094846,8/16/2019,41.96017,-87.93164,204.8,CHICAGO OHARE INTERNATIONAL AIRPORT - IL US,71.8,60.1,1013.4,989.2,10.0,6.2,12.0,21.0,84.0,63.0,0.0,999.9,,False,False,False,False,False,False
72530094846,8/17/2019,41.96017,-87.93164,204.8,CHICAGO OHARE INTERNATIONAL AIRPORT - IL US,73.3,65.8,1011.5,987.7,9.7,4.2,12.0,999.9,84.0,64.0,0.0,999.9,,False,True,False,False,True,False
72530094846,8/18/2019,41.96017,-87.93164,204.8,CHICAGO OHARE INTERNATIONAL AIRPORT - IL US,73.5,67.1,1010.0,986.2,9.3,7.9,19.0,29.9,82.0,66.9,0.18,999.9,,True,True,False,False,True,False
72530094846,8/19/2019,41.96017,-87.93164,204.8,CHICAGO OHARE INTERNATIONAL AIRPORT - IL US,75.6,66.0,1014.1,990.2,10.0,3.5,8.9,999.9,84.9,68.0,0.86,999.9,,False,False,False,False,False,False
72530094846,8/20/2019,41.96017,-87.93164,204.8,CHICAGO OHARE INTERNATIONAL AIRPORT - IL US,74.3,69.8,1014.8,990.9,8.6,3.7,15.0,22.9,84.9,68.0,0.0,999.9,,False,True,False,False,True,False
72530094846,8/21/2019,41.96017,-87.93164,204.8,CHICAGO OHARE INTERNATIONAL AIRPORT - IL US,73.1,66.9,1013.8,989.7,10.0,4.7,12.0,19.0,82.9,64.9,0.35,999.9,,False,True,False,False,False,False
72530094846,8/22/2019,41.96017,-87.93164,204.8,CHICAGO OHARE INTERNATIONAL AIRPORT - IL US,71.4,60.1,1015.2,991.2,10.0,8.1,15.9,22.9,82.9,64.0,0.02,999.9,,False,False,False,False,False,False
72530094846,8/23/2019,41.96017,-87.93164,204.8,CHICAGO OHARE INTERNATIONAL AIRPORT - IL US,67.6,52.8,1020.6,996.5,10.0,9.2,15.9,19.0,75.9,57.9,0.0,999.9,,False,False,False,False,False,False
72530094846,8/24/2019,41.96017,-87.93164,204.8,CHICAGO OHARE INTERNATIONAL AIRPORT - IL US,66.8,52.5,1023.9,999.5,10.0,7.6,15.9,20.0,75.0,57.9,0.0,999.9,,False,False,False,False,False,False
72530094846,8/25/2019,41.96017,-87.93164,204.8,CHICAGO OHARE INTERNATIONAL AIRPORT - IL US,68.6,52.9,1020.1,995.6,10.0,7.5,14.0,21.0,78.1,60.1,0.0,999.9,,False,False,False,False,False,False
72530094846,8/26/2019,41.96017,-87.93164,204.8,CHICAGO OHARE INTERNATIONAL AIRPORT - IL US,70.2,63.1,1011.0,986.0,8.9,8.9,15.9,24.1,78.1,61.0,0.05,999.9,,False,True,False,False,False,False
72530094846,8/27/2019,41.96017,-87.93164,204.8,CHICAGO OHARE INTERNATIONAL AIRPORT - IL US,71.6,62.9,1008.0,984.2,10.0,8.8,13.0,22.0,79.0,64.9,1.35,999.9,,False,True,False,False,False,False
72530094846,8/28/2019,41.96017,-87.93164,204.8,CHICAGO OHARE INTERNATIONAL AIRPORT - IL US,68.2,52.1,1012.4,988.4,10.0,10.9,21.0,33.0,79.0,59.0,0.0,999.9,,False,False,False,False,False,False
72530094846,8/29/2019,41.96017,-87.93164,204.8,CHICAGO OHARE INTERNATIONAL AIRPORT - IL US,69.8,56.3,1013.1,988.9,10.0,9.8,18.1,29.9,84.0,57.9,0.0,999.9,,False,False,False,False,False,False
72530094846,8/30/2019,41.96017,-87.93164,204.8,CHICAGO OHARE INTERNATIONAL AIRPORT - IL US,69.6,52.7,1016.6,992.9,10.0,6.6,15.0,22.0,84.0,57.9,0.0,999.9,,False,False,False,False,False,False
72530094846,8/31/2019,41.96017,-87.93164,204.8,CHICAGO OHARE INTERNATIONAL AIRPORT - IL US,66.9,51.9,1023.8,999.5,10.0,7.6,15.0,999.9,75.0,59.0,0.0,999.9,,False,True,False,False,False,False
72530094846,9/1/2019,41.96017,-87.93164,204.8,CHICAGO OHARE INTERNATIONAL AIRPORT - IL US,66.9,60.3,1020.7,996.4,9.8,5.3,12.0,999.9,75.0,62.1,0.45,999.9,,False,True,False,False,False,False
72530094846,9/2/2019,41.96017,-87.93164,204.8,CHICAGO OHARE INTERNATIONAL AIRPORT - IL US,70.0,61.5,1018.4,994.2,9.2,4.7,9.9,999.9,82.0,61.0,0.34,999.9,,False,False,False,False,False,False
72530094846,9/3/2019,41.96017,-87.93164,204.8,CHICAGO OHARE INTERNATIONAL AIRPORT - IL US,72.3,65.1,1013.5,989.0,9.8,9.5,24.1,35.9,82.0,61.0,0.05,999.9,,False,True,False,False,True,False
72530094846,9/4/2019,41.96017,-87.93164,204.8,CHICAGO OHARE INTERNATIONAL AIRPORT - IL US,67.6,57.0,1016.0,992.1,10.0,8.5,11.1,24.1,80.1,59.0,0.17,999.9,,False,False,False,False,False,False
72530094846,9/5/2019,41.96017,-87.93164,204.8,CHICAGO OHARE INTERNATIONAL AIRPORT - IL US,63.9,52.2,1020.8,996.3,10.0,4.4,8.9,999.9,73.9,55.9,0.0,999.9,,False,False,False,False,False,False
72530094846,9/6/2019,41.96017,-87.93164,204.8,CHICAGO OHARE INTERNATIONAL AIRPORT - IL US,67.3,57.7,1013.8,989.7,10.0,9.0,15.0,20.0,73.9,55.9,0.0,999.9,,False,False,False,False,False,False
72530094846,9/7/2019,41.96017,-87.93164,204.8,CHICAGO OHARE INTERNATIONAL AIRPORT - IL US,66.3,55.9,1016.7,992.6,10.0,7.5,13.0,19.0,78.1,55.9,0.0,999.9,,False,False,False,False,False,False
72530094846,9/8/2019,41.96017,-87.93164,204.8,CHICAGO OHARE INTERNATIONAL AIRPORT - IL US,65.1,55.4,1018.4,994.3,9.9,7.7,12.0,999.9,78.1,55.9,0.0,999.9,,False,True,False,False,False,False
72530094846,9/9/2019,41.96017,-87.93164,204.8,CHICAGO OHARE INTERNATIONAL AIRPORT - IL US,66.5,58.5,1020.7,996.4,10.0,6.2,9.9,999.9,75.9,62.1,0.04,999.9,,False,False,False,False,False,False
72530094846,9/10/2019,41.96017,-87.93164,204.8,CHICAGO OHARE INTERNATIONAL AIRPORT - IL US,78.0,66.5,1017.3,993.3,10.0,9.4,15.9,26.0,90.0,62.1,0.01,999.9,,False,False,False,False,False,False
72530094846,9/11/2019,41.96017,-87.93164,204.8,CHICAGO OHARE INTERNATIONAL AIRPORT - IL US,80.5,70.4,1017.9,993.9,9.9,6.6,13.0,22.9,90.0,71.1,0.0,999.9,,False,False,False,False,False,False
72530094846,9/12/2019,41.96017,-87.93164,204.8,CHICAGO OHARE INTERNATIONAL AIRPORT - IL US,71.9,66.8,1017.5,994.1,7.4,7.3,19.0,31.1,89.1,63.0,0.47,999.9,,False,True,False,False,True,False
72530094846,9/13/2019,41.96017,-87.93164,204.8,CHICAGO OHARE INTERNATIONAL AIRPORT - IL US,72.7,65.4,1016.0,991.6,9.4,10.2,21.0,32.1,78.1,64.9,1.35,999.9,,False,True,False,False,True,False
72530094846,9/14/2019,41.96017,-87.93164,204.8,CHICAGO OHARE INTERNATIONAL AIRPORT - IL US,66.7,55.1,1021.0,996.7,10.0,7.1,15.0,19.0,80.1,55.9,0.0,999.9,,False,False,False,False,False,False
72530094846,9/15/2019,41.96017,-87.93164,204.8,CHICAGO OHARE INTERNATIONAL AIRPORT - IL US,70.6,62.7,1017.9,993.8,9.2,8.7,14.0,22.9,80.1,55.9,0.47,999.9,,False,True,False,False,True,False
72530094846,9/16/2019,41.96017,-87.93164,204.8,CHICAGO OHARE INTERNATIONAL AIRPORT - IL US,71.2,66.8,1018.2,994.2,7.7,5.2,11.1,999.9,78.1,63.0,0.02,999.9,,False,False,False,False,False,False
72530094846,9/17/2019,41.96017,-87.93164,204.8,CHICAGO OHARE INTERNATIONAL AIRPORT - IL US,69.3,63.2,1020.5,996.3,8.8,6.0,8.9,999.9,78.1,64.0,0.0,999.9,,False,False,False,False,False,False
72530094846,9/18/2019,41.96017,-87.93164,204.8,CHICAGO OHARE INTERNATIONAL AIRPORT - IL US,70.9,61.0,1019.3,995.1,10.0,6.0,11.1,999.9,82.0,62.1,0.0,999.9,,False,False,False,False,False,False
72530094846,9/19/2019,41.96017,-87.93164,204.8,CHICAGO OHARE INTERNATIONAL AIRPORT - IL US,72.2,58.8,1018.0,993.9,10.0,4.9,11.1,999.9,82.9,62.1,0.0,999.9,,False,False,False,False,False,False
72530094846,9/20/2019,41.96017,-87.93164,204.8,CHICAGO OHARE INTERNATIONAL AIRPORT - IL US,74.1,64.4,1018.6,994.6,9.5,3.5,8.0,999.9,84.0,63.0,0.01,999.9,,False,True,False,False,False,False
72530094846,9/21/2019,41.96017,-87.93164,204.8,CHICAGO OHARE INTERNATIONAL AIRPORT - IL US,75.1,67.0,1018.1,994.0,9.7,8.7,15.9,26.0,84.0,68.0,0.0,999.9,,False,True,False,False,False,False
72530094846,9/22/2019,41.96017,-87.93164,204.8,CHICAGO OHARE INTERNATIONAL AIRPORT - IL US,72.2,67.5,1013.4,988.9,8.3,10.4,17.1,27.0,78.1,69.1,0.33,999.9,,False,True,False,False,False,False
72530094846,9/23/2019,41.96017,-87.93164,204.8,CHICAGO OHARE INTERNATIONAL AIRPORT - IL US,66.7,57.7,1014.1,989.4,9.4,8.4,17.1,22.9,77.0,59.0,1.31,999.9,,False,True,False,False,False,False
72530094846,9/24/2019,41.96017,-87.93164,204.8,CHICAGO OHARE INTERNATIONAL AIRPORT - IL US,66.9,54.5,1014.5,990.2,10.0,8.2,15.0,22.9,79.0,57.9,0.0,999.9,,False,False,False,False,False,False
72530094846,9/25/2019,41.96017,-87.93164,204.8,CHICAGO OHARE INTERNATIONAL AIRPORT - IL US,70.3,55.9,1007.1,983.2,10.0,12.5,17.1,27.0,79.0,57.9,0.0,999.9,,False,False,False,False,False,False
72530094846,9/26/2019,41.96017,-87.93164,204.8,CHICAGO OHARE INTERNATIONAL AIRPORT - IL US,65.5,45.8,1012.1,988.2,10.0,8.5,12.0,20.0,79.0,55.9,0.0,999.9,,False,False,False,False,False,False
72530094846,9/27/2019,41.96017,-87.93164,204.8,CHICAGO OHARE INTERNATIONAL AIRPORT - IL US,63.3,49.2,1010.4,985.3,9.3,8.4,15.0,26.0,72.0,55.9,0.0,999.9,,False,True,False,False,True,False
72530094846,9/28/2019,41.96017,-87.93164,204.8,CHICAGO OHARE INTERNATIONAL AIRPORT - IL US,61.3,59.1,1016.3,990.0,6.4,11.2,18.1,25.1,69.1,54.0,2.45,999.9,,False,True,False,False,True,False
72530094846,9/29/2019,41.96017,-87.93164,204.8,CHICAGO OHARE INTERNATIONAL AIRPORT - IL US,60.9,57.9,1021.2,996.8,9.1,9.1,15.0,19.0,66.0,53.1,0.53,999.9,,False,True,False,False,False,False
72530094846,9/30/2019,41.96017,-87.93164,204.8,CHICAGO OHARE INTERNATIONAL AIRPORT - IL US,71.2,65.9,1016.5,992.7,6.1,5.9,14.0,21.0,84.9,60.1,0.06,999.9,,True,True,False,False,False,False
72530094846,10/1/2019,41.96017,-87.93164,204.8,CHICAGO OHARE INTERNATIONAL AIRPORT - IL US,78.6,67.3,1013.0,989.1,9.9,8.5,11.1,17.1,86.0,64.9,0.0,999.9,,False,False,False,False,False,False
72530094846,10/2/2019,41.96017,-87.93164,204.8,CHICAGO OHARE INTERNATIONAL AIRPORT - IL US,65.9,61.9,1011.8,988.2,6.5,10.4,15.0,21.0,82.9,57.2,0.08,999.9,,False,True,False,False,False,False
72530094846,10/3/2019,41.96017,-87.93164,204.8,CHICAGO OHARE INTERNATIONAL AIRPORT - IL US,60.7,56.3,1016.0,990.8,7.5,8.9,15.0,24.1,69.1,57.0,2.25,999.9,,False,True,False,False,True,False
72530094846,10/4/2019,41.96017,-87.93164,204.8,CHICAGO OHARE INTERNATIONAL AIRPORT - IL US,51.8,45.1,1026.5,2.2,10.0,9.5,17.1,20.0,66.9,45.0,0.57,999.9,FLAG_ANOMALY_STP,False,True,False,False,False,False
72530094846,10/5/2019,41.96017,-87.93164,204.8,CHICAGO OHARE INTERNATIONAL AIRPORT - IL US,54.6,46.3,1022.0,996.9,9.5,7.6,12.0,15.9,63.0,45.0,0.0,999.9,,False,True,False,False,False,False
72530094846,10/6/2019,41.96017,-87.93164,204.8,CHICAGO OHARE INTERNATIONAL AIRPORT - IL US,58.6,47.2,1016.6,991.7,10.0,8.9,14.0,24.1,66.9,48.0,0.27,999.9,,False,True,False,False,False,False
72530094846,10/7/2019,41.96017,-87.93164,204.8,CHICAGO OHARE INTERNATIONAL AIRPORT - IL US,58.6,43.0,1020.8,996.3,10.0,8.1,14.0,21.0,69.1,48.0,0.0,999.9,,False,False,False,False,False,False
72530094846,10/8/2019,41.96017,-87.93164,204.8,CHICAGO OHARE INTERNATIONAL AIRPORT - IL US,57.1,43.2,1022.6,998.0,10.0,2.4,8.9,999.9,70.0,46.0,0.0,999.9,,False,False,False,False,False,False
72530094846,10/9/2019,41.96017,-87.93164,204.8,CHICAGO OHARE INTERNATIONAL AIRPORT - IL US,59.8,44.3,1020.6,996.0,10.0,6.7,11.1,999.9,70.0,46.0,0.0,999.9,,False,False,False,False,False,False
72530094846,10/10/2019,41.96017,-87.93164,204.8,CHICAGO OHARE INTERNATIONAL AIRPORT - IL US,61.6,52.1,1017.5,993.3,10.0,7.0,11.1,17.1,70.0,50.0,0.0,999.9,,False,True,False,False,False,False
72530094846,10/11/2019,41.96017,-87.93164,204.8,CHICAGO OHARE INTERNATIONAL AIRPORT - IL US,59.7,55.2,1012.2,987.6,9.0,9.7,17.1,25.1,69.1,42.1,0.2,999.9,,False,True,False,False,False,False
72530094846,10/12/2019,41.96017,-87.93164,204.8,CHICAGO OHARE INTERNATIONAL AIRPORT - IL US,42.7,26.6,1015.4,990.4,9.7,12.9,19.0,32.1,66.9,35.1,0.58,999.9,,False,False,False,False,False,False
72530094846,10/13/2019,41.96017,-87.93164,204.8,CHICAGO OHARE INTERNATIONAL AIRPORT - IL US,45.4,31.9,1010.2,985.7,10.0,9.8,18.1,28.0,54.0,36.0,0.0,999.9,,False,False,False,False,False,False
72530094846,10/14/2019,41.96017,-87.93164,204.8,CHICAGO OHARE INTERNATIONAL AIRPORT - IL US,44.7,31.8,1016.6,992.0,10.0,7.1,13.0,19.0,54.0,37.0,0.0,999.9,,False,False,False,False,False,False
72530094846,10/15/2019,41.96017,-87.93164,204.8,CHICAGO OHARE INTERNATIONAL AIRPORT - IL US,50.0,40.6,1013.7,987.8,9.7,7.0,14.0,26.0,62.6,41.0,0.0,999.9,,False,True,False,False,False,False
72530094846,10/16/2019,41.96017,-87.93164,204.8,CHICAGO OHARE INTERNATIONAL AIRPORT - IL US,48.8,37.0,1011.0,986.7,10.0,14.1,22.9,36.9,62.1,41.0,0.0,999.9,,False,False,False,False,False,False
72530094846,10/17/2019,41.96017,-87.93164,204.8,CHICAGO OHARE INTERNATIONAL AIRPORT - IL US,46.0,36.4,1016.6,992.0,10.0,5.8,8.0,15.0,54.0,41.0,0.0,999.9,,False,False,False,False,False,False
72530094846,10/18/2019,41.96017,-87.93164,204.8,CHICAGO OHARE INTERNATIONAL AIRPORT - IL US,46.8,38.5,1017.2,992.3,10.0,4.8,11.1,17.1,59.0,37.9,0.0,999.9,,False,False,False,False,False,False
72530094846,10/19/2019,41.96017,-87.93164,204.8,CHICAGO OHARE INTERNATIONAL AIRPORT - IL US,53.4,40.4,1010.5,985.2,10.0,7.6,12.0,20.0,68.0,37.9,0.0,999.9,,False,False,False,False,False,False
72530094846,10/20/2019,41.96017,-87.93164,204.8,CHICAGO OHARE INTERNATIONAL AIRPORT - IL US,56.3,47.6,1010.2,987.2,9.9,5.3,8.9,999.9,68.0,44.1,0.0,999.9,,False,True,False,False,False,False
72530094846,10/21/2019,41.96017,-87.93164,204.8,CHICAGO OHARE INTERNATIONAL AIRPORT - IL US,56.2,50.9,1003.0,986.3,6.7,11.9,22.9,35.9,66.9,48.2,0.0,999.9,FLAG_SPARSE_STP_OBSERVATIONS,True,True,False,False,False,False
72530094846,10/22/2019,41.96017,-87.93164,204.8,CHICAGO OHARE INTERNATIONAL AIRPORT - IL US,50.0,38.8,1001.3,999.9,10.0,15.5,22.0,39.0,66.9,46.0,0.05,999.9,FLAG_UNOBSERVED_STP,False,True,False,False,False,False
72530094846,10/23/2019,41.96017,-87.93164,204.8,CHICAGO OHARE INTERNATIONAL AIRPORT - IL US,47.5,33.7,1011.3,987.7,10.0,9.0,17.1,26.0,57.9,39.0,0.01,999.9,,False,False,False,False,False,False
72530094846,10/24/2019,41.96017,-87.93164,204.8,CHICAGO OHARE INTERNATIONAL AIRPORT - IL US,47.1,39.0,1021.6,998.8,10.0,6.3,15.0,999.9,57.9,39.9,0.02,999.9,,False,True,False,False,False,False
72530094846,10/25/2019,41.96017,-87.93164,204.8,CHICAGO OHARE INTERNATIONAL AIRPORT - IL US,44.5,34.1,1027.1,1.8,10.0,3.9,6.0,999.9,50.0,42.1,0.0,999.9,FLAG_ANOMALY_STP,False,False,False,False,False,False
72530094846,10/26/2019,41.96017,-87.93164,204.8,CHICAGO OHARE INTERNATIONAL AIRPORT - IL US,42.1,37.6,1018.0,990.4,7.4,6.7,21.0,26.0,48.2,36.0,0.0,999.9,,False,True,False,False,False,False
72530094846,10/27/2019,41.96017,-87.93164,204.8,CHICAGO OHARE INTERNATIONAL AIRPORT - IL US,48.6,42.0,1008.1,982.5,7.3,12.3,22.0,29.9,57.9,36.0,2.22,999.9,,False,True,False,False,False,False
72530094846,10/28/2019,41.96017,-87.93164,204.8,CHICAGO OHARE INTERNATIONAL AIRPORT - IL US,47.1,41.2,1016.5,992.2,9.9,3.6,7.0,999.9,57.9,41.0,0.04,999.9,,False,False,False,False,False,False
72530094846,10/29/2019,41.96017,-87.93164,204.8,CHICAGO OHARE INTERNATIONAL AIRPORT - IL US,40.3,36.3,1021.1,995.3,8.4,7.0,15.0,24.1,48.9,35.1,0.15,999.9,,False,True,False,False,False,False
72530094846,10/30/2019,41.96017,-87.93164,204.8,CHICAGO OHARE INTERNATIONAL AIRPORT - IL US,36.5,32.4,1024.1,998.6,6.3,7.8,15.9,25.1,45.0,32.0,0.27,1.2,,False,True,True,False,False,False
72530094846,10/31/2019,41.96017,-87.93164,204.8,CHICAGO OHARE INTERNATIONAL AIRPORT - IL US,33.4,31.7,1012.8,987.4,2.9,14.7,20.0,28.9,41.0,30.0,0.46,3.1,,True,True,True,False,False,False
72530094846,11/1/2019,41.96017,-87.93164,204.8,CHICAGO OHARE INTERNATIONAL AIRPORT - IL US,30.9,23.6,1021.6,996.3,9.6,8.3,14.0,21.0,44.1,23.0,0.11,2.0,,False,False,False,False,False,False
72530094846,11/2/2019,41.96017,-87.93164,204.8,CHICAGO OHARE INTERNATIONAL AIRPORT - IL US,38.0,31.3,1020.1,994.9,9.3,9.3,15.0,31.1,44.1,23.2,0.01,2.0,,False,True,False,False,False,False
72530094846,11/3/2019,41.96017,-87.93164,204.8,CHICAGO OHARE INTERNATIONAL AIRPORT - IL US,38.8,28.3,1019.7,994.4,10.0,7.4,14.0,25.1,53.1,30.0,0.0,999.9,,False,False,False,False,False,False
72530094846,11/4/2019,41.96017,-87.93164,204.8,CHICAGO OHARE INTERNATIONAL AIRPORT - IL US,47.6,34.7,1013.5,989.0,10.0,8.8,13.0,21.0,53.1,30.2,0.0,999.9,,False,True,False,False,False,False
72530094846,11/5/2019,41.96017,-87.93164,204.8,CHICAGO OHARE INTERNATIONAL AIRPORT - IL US,37.7,25.3,1022.6,997.8,10.0,8.2,13.0,22.9,51.1,32.0,0.0,999.9,,False,False,False,False,False,False
72530094846,11/6/2019,41.96017,-87.93164,204.8,CHICAGO OHARE INTERNATIONAL AIRPORT - IL US,38.6,24.7,1026.1,0.7,10.0,6.5,15.9,28.9,55.0,30.0,0.0,999.9,FLAG_ANOMALY_STP,False,False,True,False,False,False
72530094846,11/7/2019,41.96017,-87.93164,204.8,CHICAGO OHARE INTERNATIONAL AIRPORT - IL US,28.3,18.7,1030.0,4.2,9.1,11.1,17.1,21.0,37.0,21.9,0.01,999.9,FLAG_ANOMALY_STP,False,True,True,False,False,False
72530094846,11/8/2019,41.96017,-87.93164,204.8,CHICAGO OHARE INTERNATIONAL AIRPORT - IL US,23.0,8.1,1032.2,6.2,10.0,6.6,11.1,999.9,32.0,16.0,0.0,999.9,FLAG_ANOMALY_STP,False,False,False,False,False,False
72530094846,11/9/2019,41.96017,-87.93164,204.8,CHICAGO OHARE INTERNATIONAL AIRPORT - IL US,33.6,16.8,1018.7,993.1,10.0,9.4,15.0,21.0,46.0,16.0,0.0,999.9,,False,False,False,False,False,False
72530094846,11/10/2019,41.96017,-87.93164,204.8,CHICAGO OHARE INTERNATIONAL AIRPORT - IL US,40.6,30.9,1014.6,990.1,9.5,6.2,11.1,999.9,46.0,27.1,0.0,999.9,,False,False,False,False,False,False
72530094846,11/11/2019,41.96017,-87.93164,204.8,CHICAGO OHARE INTERNATIONAL AIRPORT - IL US,28.1,24.6,1022.7,997.7,3.7,13.2,22.0,28.9,43.0,19.9,0.18,3.1,,False,True,True,False,False,False
72530094846,11/12/2019,41.96017,-87.93164,204.8,CHICAGO OHARE INTERNATIONAL AIRPORT - IL US,13.4,1.9,1031.6,5.6,10.0,11.2,17.1,25.1,33.1,7.0,0.04,3.1,FLAG_ANOMALY_STP,False,False,False,False,False,False
72530094846,11/13/2019,41.96017,-87.93164,204.8,CHICAGO OHARE INTERNATIONAL AIRPORT - IL US,15.7,3.7,1025.8,999.4,10.0,9.1,15.0,24.1,25.0,7.0,0.0,2.0,,False,False,False,False,False,False
72530094846,11/14/2019,41.96017,-87.93164,204.8,CHICAGO OHARE INTERNATIONAL AIRPORT - IL US,27.1,19.9,1022.0,996.7,9.3,6.3,11.1,15.9,30.0,10.9,0.01,2.0,,False,False,True,False,False,False
72530094846,11/15/2019,41.96017,-87.93164,204.8,CHICAGO OHARE INTERNATIONAL AIRPORT - IL US,27.1,20.2,1027.6,2.2,9.3,5.9,9.9,999.9,37.9,21.9,0.0,1.2,FLAG_ANOMALY_STP,False,False,False,False,False,False
72530094846,11/16/2019,41.96017,-87.93164,204.8,CHICAGO OHARE INTERNATIONAL AIRPORT - IL US,32.8,26.6,1029.4,3.8,8.1,4.5,8.9,999.9,42.1,21.9,0.0,1.2,FLAG_ANOMALY_STP,False,False,False,False,False,False
72530094846,11/17/2019,41.96017,-87.93164,204.8,CHICAGO OHARE INTERNATIONAL AIRPORT - IL US,32.9,26.6,1019.4,993.7,9.7,6.2,8.0,999.9,42.1,26.1,0.0,1.2,,False,False,False,False,False,False
72530094846,11/18/2019,41.96017,-87.93164,204.8,CHICAGO OHARE INTERNATIONAL AIRPORT - IL US,36.7,33.5,1009.6,984.6,5.7,4.3,8.0,999.9,39.9,27.1,0.04,999.9,,False,True,False,False,False,False
72530094846,11/19/2019,41.96017,-87.93164,204.8,CHICAGO OHARE INTERNATIONAL AIRPORT - IL US,37.2,32.0,1009.1,984.3,8.2,3.2,7.0,999.9,41.0,34.0,0.0,999.9,,False,True,False,False,False,False
72530094846,11/20/2019,41.96017,-87.93164,204.8,CHICAGO OHARE INTERNATIONAL AIRPORT - IL US,40.8,37.3,1019.2,994.3,6.7,3.5,11.1,999.9,46.9,35.1,0.01,999.9,,False,False,False,False,False,False
72530094846,11/21/2019,41.96017,-87.93164,204.8,CHICAGO OHARE INTERNATIONAL AIRPORT - IL US,46.5,41.9,1012.6,987.0,8.8,12.7,22.0,36.9,54.0,37.9,0.26,999.9,,False,True,False,False,False,False
72530094846,11/22/2019,41.96017,-87.93164,204.8,CHICAGO OHARE INTERNATIONAL AIRPORT - IL US,36.0,26.8,1019.7,994.3,10.0,8.2,14.0,25.1,54.0,28.9,0.42,999.9,,False,True,False,False,False,False
72530094846,11/23/2019,41.96017,-87.93164,204.8,CHICAGO OHARE INTERNATIONAL AIRPORT - IL US,31.0,25.0,1014.0,988.5,10.0,4.5,8.9,999.9,39.9,24.1,0.0,999.9,,False,False,False,False,False,False
72530094846,11/24/2019,41.96017,-87.93164,204.8,CHICAGO OHARE INTERNATIONAL AIRPORT - IL US,38.0,30.2,1005.3,980.5,10.0,7.9,11.1,999.9,50.0,24.3,0.0,999.9,,False,False,False,False,False,False
72530094846,11/25/2019,41.96017,-87.93164,204.8,CHICAGO OHARE INTERNATIONAL AIRPORT - IL US,44.5,36.3,1002.4,978.0,10.0,6.8,9.9,999.9,53.1,32.0,0.0,999.9,,False,False,False,False,False,False
72530094846,11/26/2019,41.96017,-87.93164,204.8,CHICAGO OHARE INTERNATIONAL AIRPORT - IL US,41.2,34.3,1007.8,983.1,9.8,5.8,14.0,999.9,53.1,32.0,0.0,999.9,,False,True,False,False,False,False
72530094846,11/27/2019,41.96017,-87.93164,204.8,CHICAGO OHARE INTERNATIONAL AIRPORT - IL US,44.4,39.6,1001.1,975.7,7.6,16.1,31.1,46.0,55.0,33.1,0.62,999.9,,False,True,False,False,True,False
72530094846,11/28/2019,41.96017,-87.93164,204.8,CHICAGO OHARE INTERNATIONAL AIRPORT - IL US,33.8,25.2,1028.7,3.4,10.0,9.6,20.0,28.9,36.0,30.9,0.25,999.9,FLAG_ANOMALY_STP,False,False,False,False,False,False
72530094846,11/29/2019,41.96017,-87.93164,204.8,CHICAGO OHARE INTERNATIONAL AIRPORT - IL US,35.7,32.8,1028.6,3.4,8.6,5.5,8.9,999.9,39.9,31.1,0.0,999.9,FLAG_ANOMALY_STP,False,True,False,False,False,False
72530094846,11/30/2019,41.96017,-87.93164,204.8,CHICAGO OHARE INTERNATIONAL AIRPORT - IL US,37.3,34.2,1013.8,989.8,7.0,10.4,22.0,32.1,39.9,33.1,0.03,999.9,,False,True,False,False,False,False
72530094846,12/1/2019,41.96017,-87.93164,204.8,CHICAGO OHARE INTERNATIONAL AIRPORT - IL US,39.3,37.6,996.4,971.2,5.6,8.0,20.0,28.0,41.0,34.0,0.34,999.9,,False,True,True,False,True,False
72530094846,12/2/2019,41.96017,-87.93164,204.8,CHICAGO OHARE INTERNATIONAL AIRPORT - IL US,31.7,26.5,1013.4,987.7,9.4,11.3,15.9,22.9,41.0,28.9,0.11,999.9,,False,False,True,False,False,False
72530094846,12/3/2019,41.96017,-87.93164,204.8,CHICAGO OHARE INTERNATIONAL AIRPORT - IL US,32.4,26.2,1011.0,985.9,9.9,9.1,14.0,22.0,39.9,28.9,0.0,999.9,,False,False,False,False,False,False
72530094846,12/4/2019,41.96017,-87.93164,204.8,CHICAGO OHARE INTERNATIONAL AIRPORT - IL US,36.7,28.1,1004.2,979.8,10.0,11.4,20.0,29.9,43.0,29.1,0.0,999.9,,False,False,False,False,False,False
72530094846,12/5/2019,41.96017,-87.93164,204.8,CHICAGO OHARE INTERNATIONAL AIRPORT - IL US,35.7,27.9,1014.7,989.8,10.0,5.8,11.1,999.9,45.0,27.0,0.0,999.9,,False,False,False,False,False,False
72530094846,12/6/2019,41.96017,-87.93164,204.8,CHICAGO OHARE INTERNATIONAL AIRPORT - IL US,38.5,29.6,1019.7,995.3,10.0,9.8,20.0,28.9,45.0,29.1,0.0,999.9,,False,False,False,False,False,False
72530094846,12/7/2019,41.96017,-87.93164,204.8,CHICAGO OHARE INTERNATIONAL AIRPORT - IL US,30.7,23.8,1028.2,2.6,10.0,5.3,9.9,999.9,42.1,25.0,0.0,999.9,FLAG_ANOMALY_STP,False,False,False,False,False,False
72530094846,12/8/2019,41.96017,-87.93164,204.8,CHICAGO OHARE INTERNATIONAL AIRPORT - IL US,38.5,30.7,1016.3,990.9,8.9,10.3,15.0,22.9,46.9,25.2,0.0,999.9,,False,False,False,False,False,False
72530094846,12/9/2019,41.96017,-87.93164,204.8,CHICAGO OHARE INTERNATIONAL AIRPORT - IL US,45.8,43.3,1003.1,978.1,6.6,7.3,21.0,32.1,46.9,34.0,0.05,999.9,,False,True,False,False,False,False
72530094846,12/10/2019,41.96017,-87.93164,204.8,CHICAGO OHARE INTERNATIONAL AIRPORT - IL US,22.0,13.2,1016.1,990.8,9.8,12.5,20.0,31.1,46.9,14.0,0.0,999.9,,False,False,True,False,False,False
72530094846,12/11/2019,41.96017,-87.93164,204.8,CHICAGO OHARE INTERNATIONAL AIRPORT - IL US,17.9,7.4,1029.4,3.1,9.4,8.6,14.0,22.9,24.1,12.9,0.0,999.9,FLAG_ANOMALY_STP,False,False,True,False,False,False
72530094846,12/12/2019,41.96017,-87.93164,204.8,CHICAGO OHARE INTERNATIONAL AIRPORT - IL US,28.0,18.2,1027.8,1.6,9.8,8.3,15.0,27.0,45.0,12.9,0.0,999.9,FLAG_ANOMALY_STP,False,False,False,False,False,False
72530094846,12/13/2019,41.96017,-87.93164,204.8,CHICAGO OHARE INTERNATIONAL AIRPORT - IL US,39.7,27.5,1014.8,989.8,10.0,6.8,11.1,20.0,45.0,36.0,0.0,999.9,,False,False,False,False,False,False
72530094846,12/14/2019,41.96017,-87.93164,204.8,CHICAGO OHARE INTERNATIONAL AIRPORT - IL US,32.8,28.0,1007.8,982.8,7.7,5.1,15.9,22.9,45.0,27.0,0.0,999.9,,False,False,False,False,False,False
72530094846,12/15/2019,41.96017,-87.93164,204.8,CHICAGO OHARE INTERNATIONAL AIRPORT - IL US,23.5,15.2,1016.7,992.0,9.8,7.3,14.0,25.1,35.1,19.0,0.0,999.9,,False,False,False,False,False,False
72530094846,12/16/2019,41.96017,-87.93164,204.8,CHICAGO OHARE INTERNATIONAL AIRPORT - IL US,26.0,20.1,1021.5,996.1,8.3,4.7,8.0,999.9,30.2,24.1,0.01,999.9,,False,False,True,False,False,False
72530094846,12/17/2019,41.96017,-87.93164,204.8,CHICAGO OHARE INTERNATIONAL AIRPORT - IL US,24.9,18.7,1020.2,994.7,10.0,8.4,14.0,22.9,30.0,19.0,0.0,999.9,,False,False,False,False,False,False
72530094846,12/18/2019,41.96017,-87.93164,204.8,CHICAGO OHARE INTERNATIONAL AIRPORT - IL US,19.9,7.4,1023.9,997.6,9.9,9.1,15.9,22.0,28.9,10.0,0.0,999.9,,False,False,True,False,False,False
72530094846,12/19/2019,41.96017,-87.93164,204.8,CHICAGO OHARE INTERNATIONAL AIRPORT - IL US,22.9,8.8,1026.2,0.3,10.0,8.2,15.0,22.0,35.1,14.0,0.0,999.9,FLAG_ANOMALY_STP,False,False,False,False,False,False
72530094846,12/20/2019,41.96017,-87.93164,204.8,CHICAGO OHARE INTERNATIONAL AIRPORT - IL US,29.9,24.6,1029.0,3.7,7.2,3.5,8.9,999.9,41.0,15.1,0.0,999.9,FLAG_ANOMALY_STP,False,False,False,False,False,False
72530094846,12/21/2019,41.96017,-87.93164,204.8,CHICAGO OHARE INTERNATIONAL AIRPORT - IL US,37.5,28.5,1027.6,2.2,10.0,6.9,9.9,999.9,46.9,23.2,0.0,999.9,FLAG_ANOMALY_STP,False,False,False,False,False,False
72530094846,12/22/2019,41.96017,-87.93164,204.8,CHICAGO OHARE INTERNATIONAL AIRPORT - IL US,39.7,30.6,1024.2,998.9,10.0,7.8,12.0,20.0,52.0,33.1,0.0,999.9,,False,False,False,False,False,False
72530094846,12/23/2019,41.96017,-87.93164,204.8,CHICAGO OHARE INTERNATIONAL AIRPORT - IL US,42.0,31.8,1018.5,993.7,10.0,7.7,11.1,19.0,52.0,33.1,0.0,999.9,,False,False,False,False,False,False
72530094846,12/24/2019,41.96017,-87.93164,204.8,CHICAGO OHARE INTERNATIONAL AIRPORT - IL US,39.8,35.0,1017.7,993.0,5.8,5.7,13.0,21.0,55.0,30.0,0.0,999.9,,True,False,False,False,False,False
72530094846,12/25/2019,41.96017,-87.93164,204.8,CHICAGO OHARE INTERNATIONAL AIRPORT - IL US,47.5,39.7,1012.3,987.6,10.0,7.5,13.0,20.0,57.0,30.2,0.0,999.9,,False,False,False,False,False,False
72530094846,12/26/2019,41.96017,-87.93164,204.8,CHICAGO OHARE INTERNATIONAL AIRPORT - IL US,55.6,48.0,1012.4,988.2,10.0,10.2,12.0,26.0,61.0,37.0,0.0,999.9,,False,False,False,False,False,False
72530094846,12/27/2019,41.96017,-87.93164,204.8,CHICAGO OHARE INTERNATIONAL AIRPORT - IL US,36.9,31.7,1021.5,996.4,9.5,7.7,13.0,21.0,61.0,32.0,0.0,999.9,,False,False,False,False,False,False
72530094846,12/28/2019,41.96017,-87.93164,204.8,CHICAGO OHARE INTERNATIONAL AIRPORT - IL US,34.1,30.0,1022.9,997.0,6.5,4.5,9.9,999.9,44.1,27.0,0.0,999.9,,False,False,False,False,False,False
72530094846,12/29/2019,41.96017,-87.93164,204.8,CHICAGO OHARE INTERNATIONAL AIRPORT - IL US,51.9,49.0,1006.1,980.6,7.4,8.9,15.0,25.1,57.2,44.1,0.94,999.9,,False,True,False,False,False,False
72530094846,12/30/2019,41.96017,-87.93164,204.8,CHICAGO OHARE INTERNATIONAL AIRPORT - IL US,38.4,34.7,998.6,973.8,8.1,12.2,20.0,32.1,53.1,28.4,0.31,999.9,,False,True,True,False,False,False
72530094846,12/31/2019,41.96017,-87.93164,204.8,CHICAGO OHARE INTERNATIONAL AIRPORT - IL US,26.3,20.8,1004.8,979.4,7.1,15.2,26.0,36.9,30.0,24.1,0.13,1.2,,False,False,True,False,False,False
72530094846,1/1/2020,41.96017,-87.93164,204.8,CHICAGO OHARE INTERNATIONAL AIRPORT - IL US,28.3,21.8,1008.6,983.2,10.0,9.2,15.9,25.1,42.1,21.0,0.08,2.0,,False,False,False,False,False,False
72530094846,1/2/2020,41.96017,-87.93164,204.8,CHICAGO OHARE INTERNATIONAL AIRPORT - IL US,41.7,30.7,1001.3,976.9,10.0,12.5,17.1,27.0,48.0,37.0,0.0,999.9,,False,False,False,False,False,False
72530094846,1/3/2020,41.96017,-87.93164,204.8,CHICAGO OHARE INTERNATIONAL AIRPORT - IL US,38.4,32.9,1007.6,983.1,10.0,5.3,8.9,999.9,48.0,34.0,0.0,999.9,,False,False,False,False,False,False
72530094846,1/4/2020,41.96017,-87.93164,204.8,CHICAGO OHARE INTERNATIONAL AIRPORT - IL US,31.8,25.6,1014.1,989.2,8.5,7.6,12.0,17.1,41.0,28.9,0.03,1.2,,False,False,True,False,False,False
72530094846,1/5/2020,41.96017,-87.93164,204.8,CHICAGO OHARE INTERNATIONAL AIRPORT - IL US,30.7,23.9,1017.2,991.4,9.9,10.1,18.1,32.1,42.1,24.1,0.0,1.2,,False,False,False,False,False,False
72530094846,1/6/2020,41.96017,-87.93164,204.8,CHICAGO OHARE INTERNATIONAL AIRPORT - IL US,33.8,22.3,1018.9,993.8,10.0,10.1,19.0,32.1,42.1,24.3,0.0,999.9,,False,False,False,False,False,False
72530094846,1/7/2020,41.96017,-87.93164,204.8,CHICAGO OHARE INTERNATIONAL AIRPORT - IL US,33.9,22.3,1016.5,991.4,10.0,7.6,13.0,19.0,42.1,28.0,0.0,999.9,,False,False,False,False,False,False
72530094846,1/8/2020,41.96017,-87.93164,204.8,CHICAGO OHARE INTERNATIONAL AIRPORT - IL US,23.9,9.5,1024.3,999.4,10.0,10.7,18.1,27.0,39.9,14.0,0.0,999.9,,False,False,False,False,False,False
72530094846,1/9/2020,41.96017,-87.93164,204.8,CHICAGO OHARE INTERNATIONAL AIRPORT - IL US,32.0,21.4,1021.7,995.7,9.9,11.9,19.0,29.9,50.0,17.1,0.0,999.9,,False,True,False,False,False,False
72530094846,1/10/2020,41.96017,-87.93164,204.8,CHICAGO OHARE INTERNATIONAL AIRPORT - IL US,46.2,43.1,1016.3,991.9,5.8,10.8,19.0,32.1,50.0,23.2,0.03,999.9,,True,True,False,False,False,False
72530094846,1/11/2020,41.96017,-87.93164,204.8,CHICAGO OHARE INTERNATIONAL AIRPORT - IL US,34.3,32.7,1011.5,987.0,3.2,21.0,29.9,45.1,50.0,28.9,1.14,1.2,,False,True,True,False,False,False
72530094846,1/12/2020,41.96017,-87.93164,204.8,CHICAGO OHARE INTERNATIONAL AIRPORT - IL US,26.4,22.3,1023.0,996.3,7.6,8.7,24.1,38.1,37.0,23.0,0.06,2.0,,True,False,True,False,False,False
72530094846,1/13/2020,41.96017,-87.93164,204.8,CHICAGO OHARE INTERNATIONAL AIRPORT - IL US,31.1,26.8,1025.3,999.6,8.4,7.0,12.0,19.0,32.0,23.0,0.0,2.0,,False,True,True,False,False,False
72530094846,1/14/2020,41.96017,-87.93164,204.8,CHICAGO OHARE INTERNATIONAL AIRPORT - IL US,34.7,30.7,1021.1,995.3,8.2,8.5,14.0,24.1,39.0,30.9,0.0,1.2,,False,False,False,False,False,False
72530094846,1/15/2020,41.96017,-87.93164,204.8,CHICAGO OHARE INTERNATIONAL AIRPORT - IL US,31.7,29.6,1020.3,994.3,6.1,4.7,11.1,19.0,39.0,25.0,0.0,1.2,,False,True,False,False,False,False
72530094846,1/16/2020,41.96017,-87.93164,204.8,CHICAGO OHARE INTERNATIONAL AIRPORT - IL US,24.8,16.5,1032.6,6.9,9.5,11.5,18.1,24.1,36.0,15.1,0.0,999.9,FLAG_ANOMALY_STP,False,False,False,False,False,False
72530094846,1/17/2020,41.96017,-87.93164,204.8,CHICAGO OHARE INTERNATIONAL AIRPORT - IL US,18.8,9.6,1041.6,14.3,9.3,7.0,15.0,21.0,28.9,10.9,0.0,1.2,FLAG_ANOMALY_STP,True,False,True,False,False,False
72530094846,1/18/2020,41.96017,-87.93164,204.8,CHICAGO OHARE INTERNATIONAL AIRPORT - IL US,29.3,27.0,1013.1,988.6,4.8,13.1,22.9,39.0,35.1,10.9,0.74,2.0,FLAG_SPARSE_SLP_OBSERVATIONS,False,True,True,False,False,False
72530094846,1/19/2020,41.96017,-87.93164,204.8,CHICAGO OHARE INTERNATIONAL AIRPORT - IL US,9.0,1.6,1022.7,996.8,9.7,14.3,22.9,34.0,19.0,1.9,0.03,2.0,,False,False,True,False,False,False
72530094846,1/20/2020,41.96017,-87.93164,204.8,CHICAGO OHARE INTERNATIONAL AIRPORT - IL US,21.4,13.1,1034.4,8.6,10.0,6.9,12.0,999.9,30.9,1.9,0.0,2.0,FLAG_ANOMALY_STP,False,False,False,False,False,False
72530094846,1/21/2020,41.96017,-87.93164,204.8,CHICAGO OHARE INTERNATIONAL AIRPORT - IL US,21.1,14.5,1036.5,10.3,10.0,6.0,12.0,999.9,30.9,15.1,0.0,2.0,FLAG_ANOMALY_STP,False,False,False,False,False,False
72530094846,1/22/2020,41.96017,-87.93164,204.8,CHICAGO OHARE INTERNATIONAL AIRPORT - IL US,27.1,19.4,1025.6,0.1,10.0,10.3,13.0,22.9,34.0,15.1,0.0,2.0,FLAG_ANOMALY_STP,False,False,False,False,False,False
72530094846,1/23/2020,41.96017,-87.93164,204.8,CHICAGO OHARE INTERNATIONAL AIRPORT - IL US,31.6,26.2,1019.3,993.7,5.4,8.0,12.0,17.1,34.0,24.1,0.02,2.0,,False,True,True,False,False,False
72530094846,1/24/2020,41.96017,-87.93164,204.8,CHICAGO OHARE INTERNATIONAL AIRPORT - IL US,34.9,33.9,1013.4,987.9,2.5,5.1,9.9,999.9,37.4,33.1,0.27,1.2,FLAG_SPARSE_SLP_OBSERVATIONS,True,True,True,False,False,False
72530094846,1/25/2020,41.96017,-87.93164,204.8,CHICAGO OHARE INTERNATIONAL AIRPORT - IL US,33.2,32.5,1009.1,984.5,4.9,5.5,12.0,17.1,37.0,32.0,0.31,1.2,,False,True,True,False,False,False
72530094846,1/26/2020,41.96017,-87.93164,204.8,CHICAGO OHARE INTERNATIONAL AIRPORT - IL US,31.6,28.9,1012.8,987.8,9.0,8.6,11.1,18.1,34.0,28.0,0.09,1.2,,False,True,True,False,False,False
72530094846,1/27/2020,41.96017,-87.93164,204.8,CHICAGO OHARE INTERNATIONAL AIRPORT - IL US,29.8,26.9,1014.1,989.2,7.1,5.9,8.9,999.9,35.1,27.0,0.0,1.2,,False,True,True,False,False,False
72530094846,1/28/2020,41.96017,-87.93164,204.8,CHICAGO OHARE INTERNATIONAL AIRPORT - IL US,32.1,26.5,1018.7,993.5,9.4,4.9,7.0,999.9,35.1,27.1,0.0,999.9,,False,False,True,False,False,False
72530094846,1/29/2020,41.96017,-87.93164,204.8,CHICAGO OHARE INTERNATIONAL AIRPORT - IL US,31.7,23.4,1021.7,996.4,9.7,4.9,7.0,999.9,34.0,30.0,0.0,999.9,,False,False,True,False,False,False
72530094846,1/30/2020,41.96017,-87.93164,204.8,CHICAGO OHARE INTERNATIONAL AIRPORT - IL US,33.1,24.3,1022.9,997.7,9.7,2.7,7.0,999.9,35.1,31.1,0.0,999.9,,False,False,False,False,False,False
72530094846,1/31/2020,41.96017,-87.93164,204.8,CHICAGO OHARE INTERNATIONAL AIRPORT - IL US,34.1,27.6,1021.6,996.3,5.9,4.5,6.0,999.9,37.4,32.0,0.05,999.9,,False,False,True,False,False,False
72530094846,2/1/2020,41.96017,-87.93164,204.8,CHICAGO OHARE INTERNATIONAL AIRPORT - IL US,35.6,30.4,1015.1,989.9,6.2,7.7,15.0,24.1,37.9,32.0,0.04,999.9,,False,True,True,False,False,False
72530094846,2/2/2020,41.96017,-87.93164,204.8,CHICAGO OHARE INTERNATIONAL AIRPORT - IL US,41.4,30.8,1002.2,977.7,10.0,14.2,18.1,29.9,52.0,34.0,0.01,999.9,,False,False,False,False,False,False
72530094846,2/3/2020,41.96017,-87.93164,204.8,CHICAGO OHARE INTERNATIONAL AIRPORT - IL US,39.3,31.4,1007.4,982.7,10.0,6.2,13.0,999.9,52.0,30.0,0.0,999.9,,False,False,False,False,False,False
72530094846,2/4/2020,41.96017,-87.93164,204.8,CHICAGO OHARE INTERNATIONAL AIRPORT - IL US,36.4,27.6,1012.8,988.6,10.0,18.9,25.1,35.0,48.0,30.2,0.0,999.9,,False,False,False,False,False,False
72530094846,2/5/2020,41.96017,-87.93164,204.8,CHICAGO OHARE INTERNATIONAL AIRPORT - IL US,30.1,16.5,1020.2,994.6,10.0,12.2,19.0,29.9,39.0,27.0,0.0,999.9,,False,False,True,False,False,False
72530094846,2/6/2020,41.96017,-87.93164,204.8,CHICAGO OHARE INTERNATIONAL AIRPORT - IL US,28.8,21.9,1007.4,982.2,5.3,11.4,18.1,22.9,30.2,26.6,0.09,2.0,FLAG_SPARSE_SLP_OBSERVATIONS,True,False,True,False,False,False
72530094846,2/7/2020,41.96017,-87.93164,204.8,CHICAGO OHARE INTERNATIONAL AIRPORT - IL US,30.1,16.5,1005.6,980.6,9.1,7.8,11.1,18.1,37.9,24.1,0.03,1.2,,False,False,True,False,False,False
72530094846,2/8/2020,41.96017,-87.93164,204.8,CHICAGO OHARE INTERNATIONAL AIRPORT - IL US,32.3,20.1,1017.0,992.2,10.0,5.4,8.9,999.9,37.9,24.1,0.0,2.0,,False,False,True,False,False,False
72530094846,2/9/2020,41.96017,-87.93164,204.8,CHICAGO OHARE INTERNATIONAL AIRPORT - IL US,30.8,23.4,1021.5,995.4,8.0,8.2,15.9,27.0,37.0,25.0,0.0,1.2,,True,True,True,False,False,False
72530094846,2/10/2020,41.96017,-87.93164,204.8,CHICAGO OHARE INTERNATIONAL AIRPORT - IL US,31.9,26.0,1018.7,993.2,8.4,6.4,13.0,17.1,39.0,25.2,0.14,999.9,,False,True,False,False,False,False
72530094846,2/11/2020,41.96017,-87.93164,204.8,CHICAGO OHARE INTERNATIONAL AIRPORT - IL US,30.8,22.1,1020.4,995.1,9.0,7.7,19.0,31.1,39.0,27.0,0.0,999.9,,False,False,False,False,False,False
72530094846,2/12/2020,41.96017,-87.93164,204.8,CHICAGO OHARE INTERNATIONAL AIRPORT - IL US,29.6,20.2,1019.1,992.8,9.0,6.1,11.1,17.1,37.0,24.1,0.0,1.2,,True,False,True,False,False,False
72530094846,2/13/2020,41.96017,-87.93164,204.8,CHICAGO OHARE INTERNATIONAL AIRPORT - IL US,24.0,18.5,1018.1,989.9,3.5,9.0,18.1,25.1,37.0,10.0,0.2,3.1,FLAG_SPARSE_SLP_OBSERVATIONS,False,False,True,False,False,False
72530094846,2/14/2020,41.96017,-87.93164,204.8,CHICAGO OHARE INTERNATIONAL AIRPORT - IL US,6.0,-6.6,1033.4,7.2,10.0,6.5,13.0,999.9,15.1,-2.0,0.01,3.1,FLAG_ANOMALY_STP,False,False,False,False,False,False
72530094846,2/15/2020,41.96017,-87.93164,204.8,CHICAGO OHARE INTERNATIONAL AIRPORT - IL US,18.5,7.8,1024.7,998.3,10.0,11.3,15.9,27.0,33.1,-0.9,0.0,2.0,,False,False,True,False,False,False
72530094846,2/16/2020,41.96017,-87.93164,204.8,CHICAGO OHARE INTERNATIONAL AIRPORT - IL US,30.1,20.6,1019.2,994.0,9.4,4.2,8.9,999.9,43.0,7.0,0.0,1.2,,False,False,False,False,False,False
72530094846,2/17/2020,41.96017,-87.93164,204.8,CHICAGO OHARE INTERNATIONAL AIRPORT - IL US,34.5,25.6,1018.6,993.0,8.9,6.8,15.9,19.0,43.0,19.9,0.0,1.2,,False,True,True,False,False,False
72530094846,2/18/2020,41.96017,-87.93164,204.8,CHICAGO OHARE INTERNATIONAL AIRPORT - IL US,36.8,29.6,1017.4,990.9,7.1,11.6,17.1,32.1,41.0,28.2,0.13,1.2,,False,True,False,False,False,False
72530094846,2/19/2020,41.96017,-87.93164,204.8,CHICAGO OHARE INTERNATIONAL AIRPORT - IL US,24.7,8.7,1033.3,7.8,10.0,7.8,12.0,17.1,39.0,16.0,0.0,999.9,FLAG_ANOMALY_STP,False,False,False,False,False,False
72530094846,2/20/2020,41.96017,-87.93164,204.8,CHICAGO OHARE INTERNATIONAL AIRPORT - IL US,18.8,-1.2,1038.6,12.7,10.0,8.2,13.0,15.9,30.9,9.0,0.0,999.9,FLAG_ANOMALY_STP,False,False,False,False,False,False
72530094846,2/21/2020,41.96017,-87.93164,204.8,CHICAGO OHARE INTERNATIONAL AIRPORT - IL US,21.4,3.6,1036.3,9.9,10.0,8.8,17.1,26.0,37.9,10.0,0.0,999.9,FLAG_ANOMALY_STP,False,False,False,False,False,False
72530094846,2/22/2020,41.96017,-87.93164,204.8,CHICAGO OHARE INTERNATIONAL AIRPORT - IL US,36.0,18.1,1024.3,998.8,10.0,12.6,17.1,26.0,50.0,28.0,0.0,999.9,,False,False,False,False,False,False
72530094846,2/23/2020,41.96017,-87.93164,204.8,CHICAGO OHARE INTERNATIONAL AIRPORT - IL US,43.3,26.0,1015.8,990.8,10.0,10.4,14.0,22.0,55.0,28.2,0.0,999.9,,False,False,False,False,False,False
72530094846,2/24/2020,41.96017,-87.93164,204.8,CHICAGO OHARE INTERNATIONAL AIRPORT - IL US,41.3,29.2,1012.6,987.9,10.0,8.4,15.9,999.9,55.0,35.1,0.0,999.9,,False,False,False,False,False,False
72530094846,2/25/2020,41.96017,-87.93164,204.8,CHICAGO OHARE INTERNATIONAL AIRPORT - IL US,37.8,30.1,1013.2,988.1,9.7,17.8,27.0,35.0,39.9,33.8,0.0,999.9,,False,False,True,False,False,False
72530094846,2/26/2020,41.96017,-87.93164,204.8,CHICAGO OHARE INTERNATIONAL AIRPORT - IL US,31.0,24.7,1018.2,993.2,4.7,17.3,27.0,33.0,41.0,28.0,0.02,1.2,,False,False,True,False,False,False
72530094846,2/27/2020,41.96017,-87.93164,204.8,CHICAGO OHARE INTERNATIONAL AIRPORT - IL US,27.5,13.0,1018.5,993.1,10.0,10.0,15.9,25.1,33.1,25.0,0.1,1.2,,False,False,True,False,False,False
72530094846,2/28/2020,41.96017,-87.93164,204.8,CHICAGO OHARE INTERNATIONAL AIRPORT - IL US,24.2,8.1,1017.8,992.4,10.0,7.8,13.0,20.0,32.0,19.0,0.0,1.2,,False,False,False,False,False,False
72530094846,2/29/2020,41.96017,-87.93164,204.8,CHICAGO OHARE INTERNATIONAL AIRPORT - IL US,25.7,4.2,1021.8,996.3,10.0,8.1,12.0,18.1,37.0,17.1,0.0,1.2,,False,False,False,False,False,False
72530094846,3/1/2020,41.96017,-87.93164,204.8,CHICAGO OHARE INTERNATIONAL AIRPORT - IL US,40.7,25.5,1013.4,988.0,10.0,11.0,17.1,26.0,60.1,17.1,0.0,999.9,,False,False,False,False,False,False
72530094846,3/2/2020,41.96017,-87.93164,204.8,CHICAGO OHARE INTERNATIONAL AIRPORT - IL US,45.6,33.7,1006.7,982.3,10.0,6.1,9.9,15.0,60.1,30.2,0.0,999.9,,False,False,False,False,False,False
72530094846,3/3/2020,41.96017,-87.93164,204.8,CHICAGO OHARE INTERNATIONAL AIRPORT - IL US,38.5,28.9,1003.2,978.8,10.0,8.7,20.0,33.0,50.0,32.0,0.0,999.9,,False,True,True,False,False,False
72530094846,3/4/2020,41.96017,-87.93164,204.8,CHICAGO OHARE INTERNATIONAL AIRPORT - IL US,41.7,26.1,1011.0,986.6,10.0,8.4,14.0,20.0,48.9,32.0,0.0,999.9,,False,False,False,False,False,False
72530094846,3/5/2020,41.96017,-87.93164,204.8,CHICAGO OHARE INTERNATIONAL AIRPORT - IL US,41.9,25.1,1015.6,990.6,10.0,10.4,22.0,38.1,53.1,32.0,0.0,999.9,,False,False,False,False,False,False
72530094846,3/6/2020,41.96017,-87.93164,204.8,CHICAGO OHARE INTERNATIONAL AIRPORT - IL US,36.8,24.8,1022.6,997.4,9.7,15.3,24.1,33.0,53.1,32.0,0.0,999.9,,False,True,True,False,False,False
72530094846,3/7/2020,41.96017,-87.93164,204.8,CHICAGO OHARE INTERNATIONAL AIRPORT - IL US,34.6,20.9,1032.4,6.7,9.8,7.3,15.0,24.1,53.1,25.0,0.0,999.9,FLAG_ANOMALY_STP,False,False,False,False,False,False
72530094846,3/8/2020,41.96017,-87.93164,204.8,CHICAGO OHARE INTERNATIONAL AIRPORT - IL US,50.5,23.9,1023.4,998.3,10.0,13.7,19.0,31.1,66.9,42.1,0.0,999.9,,False,False,False,False,False,False
72530094846,3/9/2020,41.96017,-87.93164,204.8,CHICAGO OHARE INTERNATIONAL AIRPORT - IL US,55.1,38.1,1017.3,992.5,9.1,14.2,18.1,32.1,66.9,43.0,0.02,999.9,,False,True,False,False,False,False
72530094846,3/10/2020,41.96017,-87.93164,204.8,CHICAGO OHARE INTERNATIONAL AIRPORT - IL US,45.9,39.6,1018.5,992.8,9.0,9.6,15.9,28.9,57.0,37.0,0.81,999.9,,False,True,False,False,False,False
72530094846,3/11/2020,41.96017,-87.93164,204.8,CHICAGO OHARE INTERNATIONAL AIRPORT - IL US,39.4,32.1,1019.0,994.0,8.8,4.7,11.1,999.9,51.1,35.1,0.0,999.9,,False,True,False,False,False,False
72530094846,3/12/2020,41.96017,-87.93164,204.8,CHICAGO OHARE INTERNATIONAL AIRPORT - IL US,44.4,38.3,1010.7,985.7,8.2,7.2,12.0,20.0,57.9,36.0,0.0,999.9,,False,True,False,False,False,False
72530094846,3/13/2020,41.96017,-87.93164,204.8,CHICAGO OHARE INTERNATIONAL AIRPORT - IL US,44.1,28.5,1017.6,990.9,9.3,12.8,21.0,32.1,57.9,34.0,0.01,999.9,,False,True,False,False,False,False
72530094846,3/14/2020,41.96017,-87.93164,204.8,CHICAGO OHARE INTERNATIONAL AIRPORT - IL US,39.1,22.6,1030.9,6.0,9.7,8.7,15.0,999.9,50.0,33.1,0.0,999.9,FLAG_ANOMALY_STP,False,False,True,False,False,False
72530094846,3/15/2020,41.96017,-87.93164,204.8,CHICAGO OHARE INTERNATIONAL AIRPORT - IL US,35.8,25.7,1036.1,10.6,9.7,11.5,18.1,22.9,42.1,33.1,0.01,999.9,FLAG_ANOMALY_STP,False,False,True,False,False,False
72530094846,3/16/2020,41.96017,-87.93164,204.8,CHICAGO OHARE INTERNATIONAL AIRPORT - IL US,35.1,28.9,1028.6,2.8,8.3,4.5,8.0,999.9,42.1,30.0,0.0,999.9,FLAG_ANOMALY_STP,False,True,True,False,False,False
72530094846,3/17/2020,41.96017,-87.93164,204.8,CHICAGO OHARE INTERNATIONAL AIRPORT - IL US,40.8,28.0,1023.4,998.4,8.7,6.8,12.0,18.1,50.0,30.2,0.04,999.9,,False,True,False,False,False,False
72530094846,3/18/2020,41.96017,-87.93164,204.8,CHICAGO OHARE INTERNATIONAL AIRPORT - IL US,41.7,27.6,1022.4,997.0,8.5,5.6,9.9,999.9,50.0,37.0,0.0,999.9,,False,True,False,False,False,False
72530094846,3/19/2020,41.96017,-87.93164,204.8,CHICAGO OHARE INTERNATIONAL AIRPORT - IL US,44.7,41.8,1016.8,990.5,3.5,6.7,9.9,15.0,55.0,39.0,0.29,999.9,FLAG_SPARSE_SLP_OBSERVATIONS,True,True,False,False,False,False
72530094846,3/20/2020,41.96017,-87.93164,204.8,CHICAGO OHARE INTERNATIONAL AIRPORT - IL US,47.8,41.1,1016.5,990.2,9.4,12.5,17.1,28.9,64.4,34.0,0.28,999.9,,False,True,False,False,False,False
72530094846,3/21/2020,41.96017,-87.93164,204.8,CHICAGO OHARE INTERNATIONAL AIRPORT - IL US,31.2,18.4,1034.5,9.2,10.0,12.0,17.1,22.9,34.0,28.0,0.06,999.9,FLAG_ANOMALY_STP,False,False,False,False,False,False
72530094846,3/22/2020,41.96017,-87.93164,204.8,CHICAGO OHARE INTERNATIONAL AIRPORT - IL US,30.7,20.3,1033.3,6.5,9.0,6.4,12.0,19.0,37.0,26.1,0.0,999.9,FLAG_ANOMALY_STP,False,False,True,False,False,False
72530094846,3/23/2020,41.96017,-87.93164,204.8,CHICAGO OHARE INTERNATIONAL AIRPORT - IL US,35.6,30.7,1022.6,997.5,5.7,3.8,7.0,999.9,45.0,26.2,0.21,1.2,,False,False,True,False,False,False
72530094846,3/24/2020,41.96017,-87.93164,204.8,CHICAGO OHARE INTERNATIONAL AIRPORT - IL US,39.6,31.9,1019.9,995.3,7.9,5.3,11.1,999.9,48.9,33.1,0.05,3.1,,False,False,False,False,False,False
72530094846,3/25/2020,41.96017,-87.93164,204.8,CHICAGO OHARE INTERNATIONAL AIRPORT - IL US,42.7,34.5,1014.1,989.5,8.2,5.1,12.0,999.9,57.9,32.0,0.0,999.9,,False,False,False,False,False,False
72530094846,3/26/2020,41.96017,-87.93164,204.8,CHICAGO OHARE INTERNATIONAL AIRPORT - IL US,48.4,41.6,1009.7,985.4,9.9,9.1,15.9,22.0,57.9,32.0,0.0,999.9,,False,True,False,False,False,False
72530094846,3/27/2020,41.96017,-87.93164,204.8,CHICAGO OHARE INTERNATIONAL AIRPORT - IL US,41.7,38.4,1012.0,987.5,5.0,9.7,15.0,999.9,52.0,37.0,0.0,999.9,,False,True,False,False,False,False
72530094846,3/28/2020,41.96017,-87.93164,204.8,CHICAGO OHARE INTERNATIONAL AIRPORT - IL US,48.8,45.8,1006.3,982.1,6.7,8.0,17.1,24.1,60.8,44.1,0.33,999.9,,False,True,False,False,True,False
72530094846,3/29/2020,41.96017,-87.93164,204.8,CHICAGO OHARE INTERNATIONAL AIRPORT - IL US,51.4,41.7,1000.2,976.3,8.8,16.6,28.0,48.0,66.9,44.1,0.36,999.9,,False,True,False,False,False,False
72530094846,3/30/2020,41.96017,-87.93164,204.8,CHICAGO OHARE INTERNATIONAL AIRPORT - IL US,45.4,33.9,1016.6,992.1,10.0,12.6,18.1,32.1,63.0,39.9,0.0,999.9,,False,True,False,False,False,False
72530094846,3/31/2020,41.96017,-87.93164,204.8,CHICAGO OHARE INTERNATIONAL AIRPORT - IL US,39.8,32.0,1019.0,994.0,9.8,10.4,14.0,999.9,51.1,37.0,0.0,999.9,,False,True,False,False,False,False
72530094846,4/1/2020,41.96017,-87.93164,204.8,CHICAGO OHARE INTERNATIONAL AIRPORT - IL US,42.6,34.2,1018.1,993.3,10.0,7.5,14.0,999.9,53.1,37.0,0.0,999.9,,False,False,False,False,False,False
72530094846,4/2/2020,41.96017,-87.93164,204.8,CHICAGO OHARE INTERNATIONAL AIRPORT - IL US,45.9,33.3,1020.8,995.9,10.0,4.8,11.1,999.9,61.0,34.0,0.0,999.9,,False,False,False,False,False,False
72530094846,4/3/2020,41.96017,-87.93164,204.8,CHICAGO OHARE INTERNATIONAL AIRPORT - IL US,54.8,36.5,1018.0,993.3,10.0,4.8,12.0,999.9,70.0,34.0,0.0,999.9,,False,True,False,False,False,False
72530094846,4/4/2020,41.96017,-87.93164,204.8,CHICAGO OHARE INTERNATIONAL AIRPORT - IL US,47.6,38.2,1017.8,993.4,10.0,7.3,11.1,19.0,70.0,37.9,0.06,999.9,,False,True,False,False,False,False
72530094846,4/5/2020,41.96017,-87.93164,204.8,CHICAGO OHARE INTERNATIONAL AIRPORT - IL US,42.1,29.4,1021.9,996.9,10.0,7.3,13.0,999.9,53.1,35.1,0.0,999.9,,False,False,False,False,False,False
72530094846,4/6/2020,41.96017,-87.93164,204.8,CHICAGO OHARE INTERNATIONAL AIRPORT - IL US,47.3,33.5,1019.1,994.0,9.9,5.6,12.0,19.0,64.0,35.1,0.0,999.9,,False,True,False,False,False,False
72530094846,4/7/2020,41.96017,-87.93164,204.8,CHICAGO OHARE INTERNATIONAL AIRPORT - IL US,62.7,51.8,1007.9,984.2,9.3,5.8,15.9,24.1,80.1,51.1,0.04,999.9,,False,True,False,False,False,False
72530094846,4/8/2020,41.96017,-87.93164,204.8,CHICAGO OHARE INTERNATIONAL AIRPORT - IL US,60.7,51.1,1005.5,981.5,9.0,7.0,22.0,29.9,80.1,51.1,0.01,999.9,,False,True,False,False,True,False
72530094846,4/9/2020,41.96017,-87.93164,204.8,CHICAGO OHARE INTERNATIONAL AIRPORT - IL US,46.2,29.9,1006.9,982.7,10.0,14.7,24.1,36.9,53.1,39.9,0.22,999.9,,False,True,True,False,False,False
72530094846,4/10/2020,41.96017,-87.93164,204.8,CHICAGO OHARE INTERNATIONAL AIRPORT - IL US,40.1,22.7,1015.0,990.2,10.0,10.9,17.1,25.1,50.0,33.1,0.0,999.9,,False,False,False,False,False,False
72530094846,4/11/2020,41.96017,-87.93164,204.8,CHICAGO OHARE INTERNATIONAL AIRPORT - IL US,50.3,29.0,1012.6,987.6,10.0,5.7,14.0,22.0,63.0,33.1,0.0,999.9,,False,True,False,False,False,False
72530094846,4/12/2020,41.96017,-87.93164,204.8,CHICAGO OHARE INTERNATIONAL AIRPORT - IL US,55.6,45.4,1004.3,980.5,9.6,7.4,15.9,28.0,66.0,42.1,0.17,999.9,,False,True,False,False,False,False
72530094846,4/13/2020,41.96017,-87.93164,204.8,CHICAGO OHARE INTERNATIONAL AIRPORT - IL US,45.1,34.2,1006.8,980.7,9.7,15.6,22.0,33.0,66.0,36.0,0.15,999.9,,False,True,False,False,False,False
72530094846,4/14/2020,41.96017,-87.93164,204.8,CHICAGO OHARE INTERNATIONAL AIRPORT - IL US,35.4,17.8,1021.1,995.9,10.0,11.3,20.0,31.1,55.9,30.0,0.02,999.9,,False,False,True,False,False,False
72530094846,4/15/2020,41.96017,-87.93164,204.8,CHICAGO OHARE INTERNATIONAL AIRPORT - IL US,33.3,19.1,1018.9,993.5,8.0,7.1,15.0,20.0,41.0,27.0,0.08,1.2,,False,False,True,False,False,False
72530094846,4/16/2020,41.96017,-87.93164,204.8,CHICAGO OHARE INTERNATIONAL AIRPORT - IL US,36.6,14.8,1024.0,998.8,10.0,8.4,13.0,21.0,46.9,27.1,0.02,1.2,,False,False,False,False,False,False
72530094846,4/17/2020,41.96017,-87.93164,204.8,CHICAGO OHARE INTERNATIONAL AIRPORT - IL US,38.5,26.8,1020.9,995.0,6.8,6.2,11.1,15.9,46.9,28.2,0.18,1.2,,True,False,True,False,False,False
72530094846,4/18/2020,41.96017,-87.93164,204.8,CHICAGO OHARE INTERNATIONAL AIRPORT - IL US,43.5,30.8,1014.6,989.4,10.0,11.5,22.0,35.0,59.0,34.0,0.11,2.0,,False,False,False,False,False,False
72530094846,4/19/2020,41.96017,-87.93164,204.8,CHICAGO OHARE INTERNATIONAL AIRPORT - IL US,53.0,32.5,1008.0,983.7,10.0,13.1,19.0,28.9,62.1,34.0,0.0,999.9,,False,False,False,False,False,False
72530094846,4/20/2020,41.96017,-87.93164,204.8,CHICAGO OHARE INTERNATIONAL AIRPORT - IL US,48.3,29.9,1007.3,982.8,10.0,7.9,20.0,33.0,64.0,36.0,0.0,999.9,,False,False,False,False,False,False
72530094846,4/21/2020,41.96017,-87.93164,204.8,CHICAGO OHARE INTERNATIONAL AIRPORT - IL US,47.3,22.5,1009.1,984.6,10.0,14.9,22.9,34.0,64.0,36.0,0.04,999.9,,False,True,False,False,False,False
72530094846,4/22/2020,41.96017,-87.93164,204.8,CHICAGO OHARE INTERNATIONAL AIRPORT - IL US,45.9,26.9,1013.7,989.0,9.8,6.3,12.0,999.9,63.0,36.0,0.0,999.9,,False,True,False,False,False,False
72530094846,4/23/2020,41.96017,-87.93164,204.8,CHICAGO OHARE INTERNATIONAL AIRPORT - IL US,49.9,41.8,1007.0,982.4,9.9,5.3,14.0,15.9,63.0,39.9,0.06,999.9,,False,True,False,False,False,False
72530094846,4/24/2020,41.96017,-87.93164,204.8,CHICAGO OHARE INTERNATIONAL AIRPORT - IL US,44.7,39.3,1010.5,986.0,5.7,9.3,13.0,999.9,57.0,42.1,0.0,999.9,,False,False,False,False,False,False
72530094846,4/25/2020,41.96017,-87.93164,204.8,CHICAGO OHARE INTERNATIONAL AIRPORT - IL US,44.2,36.6,1014.3,989.5,9.8,11.0,18.1,999.9,50.0,39.9,0.0,999.9,,False,True,False,False,False,False
72530094846,4/26/2020,41.96017,-87.93164,204.8,CHICAGO OHARE INTERNATIONAL AIRPORT - IL US,49.5,32.8,1017.8,993.3,9.9,11.0,19.0,22.9,63.0,41.0,0.19,999.9,,False,True,False,False,False,False
72530094846,4/27/2020,41.96017,-87.93164,204.8,CHICAGO OHARE INTERNATIONAL AIRPORT - IL US,52.9,32.9,1019.0,994.1,10.0,7.9,15.9,28.0,68.0,39.9,0.0,999.9,,False,True,False,False,False,False
72530094846,4/28/2020,41.96017,-87.93164,204.8,CHICAGO OHARE INTERNATIONAL AIRPORT - IL US,61.0,52.8,1010.8,985.9,7.7,6.1,15.9,26.0,75.9,39.9,0.16,999.9,,True,True,False,False,True,False
72530094846,4/29/2020,41.96017,-87.93164,204.8,CHICAGO OHARE INTERNATIONAL AIRPORT - IL US,56.5,53.0,999.7,975.2,6.5,7.2,15.0,24.1,75.9,48.0,0.52,999.9,,False,True,False,False,False,False
72530094846,4/30/2020,41.96017,-87.93164,204.8,CHICAGO OHARE INTERNATIONAL AIRPORT - IL US,46.7,39.8,1005.9,981.4,8.0,13.2,21.0,32.1,61.0,42.1,1.77,999.9,,False,True,False,False,False,False
72530094846,5/1/2020,41.96017,-87.93164,204.8,CHICAGO OHARE INTERNATIONAL AIRPORT - IL US,52.0,35.1,1015.3,990.8,10.0,4.7,9.9,999.9,68.0,37.9,0.03,999.9,,False,False,False,False,False,False
72530094846,5/2/2020,41.96017,-87.93164,204.8,CHICAGO OHARE INTERNATIONAL AIRPORT - IL US,65.3,45.6,1011.6,987.3,10.0,9.3,15.0,25.1,77.0,57.0,0.0,999.9,,False,False,False,False,False,False
72530094846,5/3/2020,41.96017,-87.93164,204.8,CHICAGO OHARE INTERNATIONAL AIRPORT - IL US,66.8,39.6,1012.0,988.0,10.0,8.3,12.0,22.9,77.0,57.0,0.0,999.9,,False,False,False,False,False,False
72530094846,5/4/2020,41.96017,-87.93164,204.8,CHICAGO OHARE INTERNATIONAL AIRPORT - IL US,47.6,33.0,1018.6,994.1,10.0,14.7,26.0,31.1,73.9,39.9,0.0,999.9,,False,False,False,False,False,False
72530094846,5/5/2020,41.96017,-87.93164,204.8,CHICAGO OHARE INTERNATIONAL AIRPORT - IL US,44.9,35.6,1016.0,991.2,10.0,10.0,17.1,999.9,48.9,39.9,0.04,999.9,,False,True,False,False,False,False
72530094846,5/6/2020,41.96017,-87.93164,204.8,CHICAGO OHARE INTERNATIONAL AIRPORT - IL US,49.2,26.1,1018.2,993.5,10.0,7.2,11.1,18.1,63.0,39.9,0.05,999.9,,False,False,False,False,False,False
72530094846,5/7/2020,41.96017,-87.93164,204.8,CHICAGO OHARE INTERNATIONAL AIRPORT - IL US,56.2,34.1,1014.9,990.3,10.0,9.3,17.1,33.0,66.0,39.9,0.0,999.9,,False,False,False,False,False,False
72530094846,5/8/2020,41.96017,-87.93164,204.8,CHICAGO OHARE INTERNATIONAL AIRPORT - IL US,43.7,26.3,1015.4,991.0,10.0,13.1,24.1,31.1,66.0,39.0,0.0,999.9,,False,False,False,False,False,False
72530094846,5/9/2020,41.96017,-87.93164,204.8,CHICAGO OHARE INTERNATIONAL AIRPORT - IL US,42.3,21.2,1021.9,996.7,10.0,8.5,15.0,25.1,59.0,30.9,0.0,999.9,,False,False,False,False,False,False
72530094846,5/10/2020,41.96017,-87.93164,204.8,CHICAGO OHARE INTERNATIONAL AIRPORT - IL US,49.6,34.2,1015.6,990.7,9.5,11.1,20.0,26.0,59.0,31.1,0.0,999.9,,False,True,False,False,False,False
72530094846,5/11/2020,41.96017,-87.93164,204.8,CHICAGO OHARE INTERNATIONAL AIRPORT - IL US,43.3,32.3,1021.7,996.8,10.0,5.6,9.9,999.9,55.0,37.0,0.2,999.9,,False,True,False,False,False,False
72530094846,5/12/2020,41.96017,-87.93164,204.8,CHICAGO OHARE INTERNATIONAL AIRPORT - IL US,50.3,29.1,1022.2,997.3,10.0,8.0,15.0,21.0,63.0,41.0,0.0,999.9,,False,False,False,False,False,False
72530094846,5/13/2020,41.96017,-87.93164,204.8,CHICAGO OHARE INTERNATIONAL AIRPORT - IL US,53.5,28.9,1022.9,998.0,10.0,8.7,15.0,22.9,69.1,41.0,0.0,999.9,,False,False,False,False,False,False
72530094846,5/14/2020,41.96017,-87.93164,204.8,CHICAGO OHARE INTERNATIONAL AIRPORT - IL US,60.6,52.0,1014.7,990.1,8.2,9.5,13.0,22.0,73.0,42.1,0.52,999.9,,False,True,False,False,True,False
72530094846,5/15/2020,41.96017,-87.93164,204.8,CHICAGO OHARE INTERNATIONAL AIRPORT - IL US,68.0,59.5,1010.4,986.0,8.4,5.8,15.9,28.9,79.0,54.0,3.74,999.9,,False,True,False,False,True,False
72530094846,5/16/2020,41.96017,-87.93164,204.8,CHICAGO OHARE INTERNATIONAL AIRPORT - IL US,59.5,49.5,1017.7,993.4,10.0,9.2,15.9,20.0,79.0,50.0,0.03,999.9,,False,False,False,False,False,False
72530094846,5/17/2020,41.96017,-87.93164,204.8,CHICAGO OHARE INTERNATIONAL AIRPORT - IL US,58.7,54.2,1011.6,987.4,5.8,9.4,15.9,22.9,68.0,50.0,1.15,999.9,,True,True,False,False,True,False
72530094846,5/18/2020,41.96017,-87.93164,204.8,CHICAGO OHARE INTERNATIONAL AIRPORT - IL US,61.3,57.6,1006.8,981.9,6.0,6.2,13.0,999.9,68.0,53.1,2.52,999.9,,False,True,False,False,True,False
72530094846,5/19/2020,41.96017,-87.93164,204.8,CHICAGO OHARE INTERNATIONAL AIRPORT - IL US,54.2,51.9,1011.1,988.0,2.2,12.5,15.9,22.0,64.0,52.0,0.14,999.9,FLAG_SPARSE_SLP_OBSERVATIONS,True,True,False,False,False,False
72530094846,5/20/2020,41.96017,-87.93164,204.8,CHICAGO OHARE INTERNATIONAL AIRPORT - IL US,58.7,50.5,1019.0,994.5,9.6,10.0,15.9,22.0,66.0,52.0,0.11,999.9,,False,True,False,False,False,False
72530094846,5/21/2020,41.96017,-87.93164,204.8,CHICAGO OHARE INTERNATIONAL AIRPORT - IL US,61.5,49.2,1019.2,994.9,10.0,7.6,13.0,999.9,70.0,53.1,0.0,999.9,,False,False,False,False,False,False
72530094846,5/22/2020,41.96017,-87.93164,204.8,CHICAGO OHARE INTERNATIONAL AIRPORT - IL US,62.6,53.4,1016.8,992.6,7.6,3.3,8.0,999.9,72.0,57.0,0.0,999.9,,False,True,False,False,False,False
72530094846,5/23/2020,41.96017,-87.93164,204.8,CHICAGO OHARE INTERNATIONAL AIRPORT - IL US,65.8,56.3,1013.4,989.2,9.1,7.2,15.9,17.1,87.1,55.0,0.0,999.9,,False,True,False,False,True,False
72530094846,5/24/2020,41.96017,-87.93164,204.8,CHICAGO OHARE INTERNATIONAL AIRPORT - IL US,74.2,62.4,1011.6,987.6,9.5,5.0,15.9,22.9,90.0,55.0,0.52,999.9,,False,True,False,False,False,False
72530094846,5/25/2020,41.96017,-87.93164,204.8,CHICAGO OHARE INTERNATIONAL AIRPORT - IL US,78.0,64.1,1012.9,989.1,9.5,7.9,12.0,15.0,90.0,64.0,0.18,999.9,,False,True,False,False,False,False
72530094846,5/26/2020,41.96017,-87.93164,204.8,CHICAGO OHARE INTERNATIONAL AIRPORT - IL US,78.8,64.8,1014.2,990.2,10.0,7.0,20.0,999.9,91.9,68.0,99.99,999.9,FLAG_MISSING_PRCP,False,True,False,False,False,False
72530094846,5/27/2020,41.96017,-87.93164,204.8,CHICAGO OHARE INTERNATIONAL AIRPORT - IL US,79.5,64.1,1013.0,989.1,10.0,6.4,12.0,999.9,91.9,68.0,0.07,999.9,,False,False,False,False,False,False
72530094846,5/28/2020,41.96017,-87.93164,204.8,CHICAGO OHARE INTERNATIONAL AIRPORT - IL US,74.9,64.8,1010.8,986.8,9.5,8.9,18.1,999.9,87.1,70.0,0.03,999.9,,False,True,False,False,False,False
72530094846,5/29/2020,41.96017,-87.93164,204.8,CHICAGO OHARE INTERNATIONAL AIRPORT - IL US,66.8,55.2,1013.1,988.7,9.7,9.0,19.0,26.0,82.0,59.0,0.21,999.9,,False,True,False,False,False,False
72530094846,5/30/2020,41.96017,-87.93164,204.8,CHICAGO OHARE INTERNATIONAL AIRPORT - IL US,63.2,47.5,1020.2,996.0,10.0,7.9,17.1,999.9,75.9,55.0,0.0,999.9,,False,False,False,False,False,False
72530094846,5/31/2020,41.96017,-87.93164,204.8,CHICAGO OHARE INTERNATIONAL AIRPORT - IL US,58.7,40.9,1025.9,1.3,10.0,7.5,13.0,999.9,73.0,50.0,0.0,999.9,FLAG_ANOMALY_STP,False,False,False,False,False,False
72530094846,6/1/2020,41.96017,-87.93164,204.8,CHICAGO OHARE INTERNATIONAL AIRPORT - IL US,62.8,42.3,1022.9,998.1,10.0,9.1,18.1,25.1,75.9,53.1,0.0,999.9,,False,True,False,False,False,False
72530094846,6/2/2020,41.96017,-87.93164,204.8,CHICAGO OHARE INTERNATIONAL AIRPORT - IL US,77.4,56.7,1012.4,988.2,10.0,14.3,18.1,25.1,93.9,53.1,0.02,999.9,,False,False,False,False,False,False
72530094846,6/3/2020,41.96017,-87.93164,204.8,CHICAGO OHARE INTERNATIONAL AIRPORT - IL US,79.1,62.0,1009.6,985.8,9.8,9.2,19.0,22.9,91.9,66.2,0.0,999.9,,False,True,False,False,False,False
72530094846,6/4/2020,41.96017,-87.93164,204.8,CHICAGO OHARE INTERNATIONAL AIRPORT - IL US,78.3,61.2,1007.4,983.7,10.0,6.4,12.0,999.9,88.0,66.0,0.19,999.9,,False,True,False,False,False,False
72530094846,6/5/2020,41.96017,-87.93164,204.8,CHICAGO OHARE INTERNATIONAL AIRPORT - IL US,78.8,63.7,1009.3,985.7,9.9,6.2,13.0,21.0,89.1,70.0,0.0,999.9,,False,False,False,False,False,False
72530094846,6/6/2020,41.96017,-87.93164,204.8,CHICAGO OHARE INTERNATIONAL AIRPORT - IL US,73.9,56.9,1015.5,991.8,9.7,7.9,12.0,18.1,89.1,66.0,0.0,999.9,,False,False,False,False,False,False
72530094846,6/7/2020,41.96017,-87.93164,204.8,CHICAGO OHARE INTERNATIONAL AIRPORT - IL US,66.1,51.4,1018.6,994.2,10.0,8.5,13.0,999.9,79.0,55.9,0.0,999.9,,False,False,False,False,False,False
72530094846,6/8/2020,41.96017,-87.93164,204.8,CHICAGO OHARE INTERNATIONAL AIRPORT - IL US,74.8,52.8,1014.7,990.6,10.0,7.0,12.0,14.0,90.0,55.9,0.0,999.9,,False,False,False,False,False,False
72530094846,6/9/2020,41.96017,-87.93164,204.8,CHICAGO OHARE INTERNATIONAL AIRPORT - IL US,79.3,58.3,1006.0,981.4,9.7,10.5,29.9,52.1,91.0,62.1,0.0,999.9,,False,True,False,False,False,False
72530094846,6/10/2020,41.96017,-87.93164,204.8,CHICAGO OHARE INTERNATIONAL AIRPORT - IL US,76.0,66.9,998.3,974.4,9.6,12.5,22.9,38.1,82.9,66.2,0.56,999.9,,False,True,False,False,True,False
72530094846,6/11/2020,41.96017,-87.93164,204.8,CHICAGO OHARE INTERNATIONAL AIRPORT - IL US,68.2,50.8,1014.4,990.2,9.9,11.0,18.1,32.1,84.0,59.0,0.3,999.9,,False,True,False,False,False,False
72530094846,6/12/2020,41.96017,-87.93164,204.8,CHICAGO OHARE INTERNATIONAL AIRPORT - IL US,69.7,50.4,1022.9,998.7,10.0,6.1,14.0,20.0,82.0,59.0,0.0,999.9,,False,False,False,False,False,False
72530094846,6/13/2020,41.96017,-87.93164,204.8,CHICAGO OHARE INTERNATIONAL AIRPORT - IL US,58.2,45.0,1025.3,0.9,10.0,13.0,15.9,22.0,75.0,52.0,0.0,999.9,FLAG_ANOMALY_STP,False,True,False,False,False,False
72530094846,6/14/2020,41.96017,-87.93164,204.8,CHICAGO OHARE INTERNATIONAL AIRPORT - IL US,60.5,43.0,1027.0,2.4,10.0,9.8,17.1,18.1,68.0,52.0,0.0,999.9,FLAG_ANOMALY_STP,False,False,False,False,False,False
72530094846,6/15/2020,41.96017,-87.93164,204.8,CHICAGO OHARE INTERNATIONAL AIRPORT - IL US,62.6,43.0,1027.7,3.1,10.0,6.6,9.9,17.1,73.0,52.0,0.0,999.9,FLAG_ANOMALY_STP,False,False,False,False,False,False
72530094846,6/16/2020,41.96017,-87.93164,204.8,CHICAGO OHARE INTERNATIONAL AIRPORT - IL US,69.5,48.5,1025.9,1.4,10.0,5.5,11.1,999.9,86.0,52.0,0.0,999.9,FLAG_ANOMALY_STP,False,False,False,False,False,False
72530094846,6/17/2020,41.96017,-87.93164,204.8,CHICAGO OHARE INTERNATIONAL AIRPORT - IL US,76.0,53.6,1021.6,997.4,10.0,5.2,13.0,999.9,87.1,57.0,0.0,999.9,,False,False,False,False,False,False
72530094846,6/18/2020,41.96017,-87.93164,204.8,CHICAGO OHARE INTERNATIONAL AIRPORT - IL US,78.3,52.0,1017.3,993.3,10.0,4.7,12.0,999.9,89.1,64.0,0.0,999.9,,False,False,False,False,False,False
72530094846,6/19/2020,41.96017,-87.93164,204.8,CHICAGO OHARE INTERNATIONAL AIRPORT - IL US,80.6,54.9,1015.1,991.3,9.9,4.5,9.9,19.0,93.0,66.0,0.0,999.9,,False,False,False,False,False,False
72530094846,6/20/2020,41.96017,-87.93164,204.8,CHICAGO OHARE INTERNATIONAL AIRPORT - IL US,82.1,60.5,1013.4,989.5,9.8,7.1,15.9,24.1,93.0,69.1,0.0,999.9,,False,True,False,False,False,False
72530094846,6/21/2020,41.96017,-87.93164,204.8,CHICAGO OHARE INTERNATIONAL AIRPORT - IL US,75.7,63.9,1011.4,987.6,9.9,6.4,12.0,21.0,91.0,69.1,0.19,999.9,,False,True,False,False,True,False
72530094846,6/22/2020,41.96017,-87.93164,204.8,CHICAGO OHARE INTERNATIONAL AIRPORT - IL US,76.9,64.8,1009.8,985.7,9.7,6.5,15.9,25.1,87.1,66.9,0.0,999.9,,False,True,False,False,True,False
72530094846,6/23/2020,41.96017,-87.93164,204.8,CHICAGO OHARE INTERNATIONAL AIRPORT - IL US,69.7,58.2,1007.0,982.9,9.4,9.6,14.0,22.9,78.1,63.0,1.55,999.9,,False,True,False,False,True,False
72530094846,6/24/2020,41.96017,-87.93164,204.8,CHICAGO OHARE INTERNATIONAL AIRPORT - IL US,69.8,54.4,1009.9,986.0,10.0,6.2,12.0,19.0,80.1,61.0,0.0,999.9,,False,True,False,False,False,False
72530094846,6/25/2020,41.96017,-87.93164,204.8,CHICAGO OHARE INTERNATIONAL AIRPORT - IL US,73.5,53.0,1012.7,988.8,10.0,5.7,14.0,15.0,86.0,62.1,0.04,999.9,,False,False,False,False,False,False
72530094846,6/26/2020,41.96017,-87.93164,204.8,CHICAGO OHARE INTERNATIONAL AIRPORT - IL US,74.8,60.5,1013.1,989.0,9.4,5.7,11.1,17.1,86.0,62.1,0.0,999.9,,False,True,False,False,True,False
72530094846,6/27/2020,41.96017,-87.93164,204.8,CHICAGO OHARE INTERNATIONAL AIRPORT - IL US,78.0,68.3,1008.6,984.8,9.8,6.7,20.0,46.0,88.0,70.0,1.55,999.9,,False,True,False,False,True,False
72530094846,6/28/2020,41.96017,-87.93164,204.8,CHICAGO OHARE INTERNATIONAL AIRPORT - IL US,78.3,68.1,1008.2,984.7,10.0,5.6,14.0,999.9,88.0,72.0,0.0,999.9,,False,False,False,False,False,False
72530094846,6/29/2020,41.96017,-87.93164,204.8,CHICAGO OHARE INTERNATIONAL AIRPORT - IL US,81.1,68.5,1011.0,987.4,10.0,6.5,22.9,32.1,93.0,72.0,0.0,999.9,,False,True,False,False,True,False
72530094846,6/30/2020,41.96017,-87.93164,204.8,CHICAGO OHARE INTERNATIONAL AIRPORT - IL US,79.2,70.3,1012.2,988.5,9.7,5.4,9.9,999.9,93.0,72.0,0.3,999.9,,False,True,False,False,True,False
72530094846,7/1/2020,41.96017,-87.93164,204.8,CHICAGO OHARE INTERNATIONAL AIRPORT - IL US,81.4,66.7,1012.1,988.4,10.0,7.8,14.0,17.1,91.0,73.9,0.0,999.9,,False,False,False,False,False,False
72530094846,7/2/2020,41.96017,-87.93164,204.8,CHICAGO OHARE INTERNATIONAL AIRPORT - IL US,79.8,64.1,1015.7,991.9,10.0,6.3,9.9,999.9,91.0,69.1,0.0,999.9,,False,False,False,False,False,False
72530094846,7/3/2020,41.96017,-87.93164,204.8,CHICAGO OHARE INTERNATIONAL AIRPORT - IL US,80.8,62.2,1016.8,992.9,10.0,3.5,8.9,999.9,91.0,69.1,0.0,999.9,,False,False,False,False,False,False
72530094846,7/4/2020,41.96017,-87.93164,204.8,CHICAGO OHARE INTERNATIONAL AIRPORT - IL US,81.0,67.5,1016.1,992.2,10.0,5.6,14.0,18.1,91.0,69.1,0.0,999.9,,False,False,False,False,False,False
72530094846,7/5/2020,41.96017,-87.93164,204.8,CHICAGO OHARE INTERNATIONAL AIRPORT - IL US,81.9,66.3,1015.0,991.0,9.5,5.1,30.3,999.9,93.9,71.1,0.0,999.9,,False,False,False,False,False,False
72530094846,7/6/2020,41.96017,-87.93164,204.8,CHICAGO OHARE INTERNATIONAL AIRPORT - IL US,85.5,64.4,1014.6,990.9,10.0,3.6,9.9,999.9,95.0,71.1,0.0,999.9,,False,False,False,False,False,False
72530094846,7/7/2020,41.96017,-87.93164,204.8,CHICAGO OHARE INTERNATIONAL AIRPORT - IL US,86.5,66.6,1013.8,990.0,9.9,4.9,35.0,52.1,96.1,75.0,0.0,999.9,,False,True,False,True,True,False
72530094846,7/8/2020,41.96017,-87.93164,204.8,CHICAGO OHARE INTERNATIONAL AIRPORT - IL US,81.0,70.1,1013.0,989.4,10.0,5.1,21.0,31.1,96.1,73.0,0.19,999.9,,False,True,False,False,True,False
72530094846,7/9/2020,41.96017,-87.93164,204.8,CHICAGO OHARE INTERNATIONAL AIRPORT - IL US,84.3,69.4,1010.8,987.0,10.0,6.3,15.9,22.0,93.0,73.9,0.0,999.9,,False,True,False,False,True,False
72530094846,7/10/2020,41.96017,-87.93164,204.8,CHICAGO OHARE INTERNATIONAL AIRPORT - IL US,79.0,68.8,1008.9,984.9,9.5,10.6,15.9,28.0,93.0,71.1,0.65,999.9,,False,True,False,False,True,False
72530094846,7/11/2020,41.96017,-87.93164,204.8,CHICAGO OHARE INTERNATIONAL AIRPORT - IL US,78.0,63.7,1011.6,987.7,10.0,7.7,15.9,22.0,86.0,71.1,0.33,999.9,,False,True,False,False,False,False
72530094846,7/12/2020,41.96017,-87.93164,204.8,CHICAGO OHARE INTERNATIONAL AIRPORT - IL US,76.3,64.2,1010.0,986.4,10.0,8.9,18.1,25.1,84.9,71.1,0.0,999.9,,False,False,False,False,False,False
72530094846,7/13/2020,41.96017,-87.93164,204.8,CHICAGO OHARE INTERNATIONAL AIRPORT - IL US,73.6,60.8,1014.7,990.8,10.0,4.5,9.9,999.9,84.0,64.9,0.0,999.9,,False,False,False,False,False,False
72530094846,7/14/2020,41.96017,-87.93164,204.8,CHICAGO OHARE INTERNATIONAL AIRPORT - IL US,76.2,59.7,1015.7,991.8,10.0,6.5,14.0,21.0,86.0,64.9,0.0,999.9,,False,False,False,False,False,False
72530094846,7/15/2020,41.96017,-87.93164,204.8,CHICAGO OHARE INTERNATIONAL AIRPORT - IL US,79.5,65.7,1014.7,990.8,9.8,7.5,12.0,18.1,88.0,68.0,0.0,999.9,,False,True,False,False,False,False
72530094846,7/16/2020,41.96017,-87.93164,204.8,CHICAGO OHARE INTERNATIONAL AIRPORT - IL US,73.4,65.6,1014.6,990.8,9.4,8.2,15.0,999.9,88.0,66.0,0.46,999.9,,False,True,False,False,False,False
72530094846,7/17/2020,41.96017,-87.93164,204.8,CHICAGO OHARE INTERNATIONAL AIRPORT - IL US,78.1,65.4,1018.8,994.8,10.0,5.8,12.0,18.1,90.0,68.0,0.0,999.9,,False,False,False,False,False,False
72530094846,7/18/2020,41.96017,-87.93164,204.8,CHICAGO OHARE INTERNATIONAL AIRPORT - IL US,83.1,71.8,1014.5,990.9,10.0,9.3,15.9,24.1,91.0,68.0,0.0,999.9,,False,False,False,False,False,False
72530094846,7/19/2020,41.96017,-87.93164,204.8,CHICAGO OHARE INTERNATIONAL AIRPORT - IL US,81.5,73.2,1009.7,986.2,9.3,12.4,20.0,33.0,91.0,73.0,0.0,999.9,,False,True,False,False,True,False
72530094846,7/20/2020,41.96017,-87.93164,204.8,CHICAGO OHARE INTERNATIONAL AIRPORT - IL US,77.9,60.5,1014.2,990.4,10.0,6.6,11.1,18.1,87.1,68.0,0.18,999.9,,False,False,False,False,False,False
72530094846,7/21/2020,41.96017,-87.93164,204.8,CHICAGO OHARE INTERNATIONAL AIRPORT - IL US,76.6,63.2,1015.8,991.8,10.0,7.1,8.9,999.9,87.1,68.0,0.0,999.9,,False,True,False,False,False,False
72530094846,7/22/2020,41.96017,-87.93164,204.8,CHICAGO OHARE INTERNATIONAL AIRPORT - IL US,77.9,69.3,1013.1,989.3,10.0,6.2,9.9,999.9,88.0,72.0,0.03,999.9,,False,True,False,False,False,False
72530094846,7/23/2020,41.96017,-87.93164,204.8,CHICAGO OHARE INTERNATIONAL AIRPORT - IL US,74.5,59.6,1017.2,993.3,10.0,6.5,12.0,999.9,88.0,64.9,0.0,999.9,,False,False,False,False,False,False
72530094846,7/24/2020,41.96017,-87.93164,204.8,CHICAGO OHARE INTERNATIONAL AIRPORT - IL US,75.2,64.5,1020.2,996.2,10.0,5.8,11.1,999.9,87.1,64.9,0.0,999.9,,False,False,False,False,False,False
72530094846,7/25/2020,41.96017,-87.93164,204.8,CHICAGO OHARE INTERNATIONAL AIRPORT - IL US,80.2,65.9,1018.9,994.9,9.8,4.9,9.9,15.0,91.9,64.9,0.0,999.9,,False,False,False,False,False,False
72530094846,7/26/2020,41.96017,-87.93164,204.8,CHICAGO OHARE INTERNATIONAL AIRPORT - IL US,85.6,70.5,1015.7,991.7,10.0,9.4,18.1,26.0,96.1,69.1,0.0,999.9,,False,False,False,False,False,False
72530094846,7/27/2020,41.96017,-87.93164,204.8,CHICAGO OHARE INTERNATIONAL AIRPORT - IL US,80.6,70.8,1012.5,988.8,10.0,7.9,26.0,38.1,96.1,75.9,0.07,999.9,,False,True,False,False,False,False
72530094846,7/28/2020,41.96017,-87.93164,204.8,CHICAGO OHARE INTERNATIONAL AIRPORT - IL US,78.5,59.9,1013.4,989.6,10.0,7.3,12.0,22.0,90.0,69.1,0.01,999.9,,False,False,False,False,False,False
72530094846,7/29/2020,41.96017,-87.93164,204.8,CHICAGO OHARE INTERNATIONAL AIRPORT - IL US,81.2,65.3,1012.1,988.3,10.0,8.8,12.0,17.1,91.0,69.1,0.0,999.9,,False,True,False,False,True,False
72530094846,7/30/2020,41.96017,-87.93164,204.8,CHICAGO OHARE INTERNATIONAL AIRPORT - IL US,76.8,64.9,1012.2,988.4,9.7,9.9,19.0,24.1,91.0,72.0,0.66,999.9,,False,True,False,False,False,False
72530094846,7/31/2020,41.96017,-87.93164,204.8,CHICAGO OHARE INTERNATIONAL AIRPORT - IL US,73.8,61.2,1013.6,989.7,10.0,9.5,19.0,22.0,82.9,66.0,0.09,999.9,,False,False,False,False,False,False
72530094846,8/1/2020,41.96017,-87.93164,204.8,CHICAGO OHARE INTERNATIONAL AIRPORT - IL US,73.9,63.0,1012.2,988.3,10.0,7.5,13.0,999.9,82.0,69.1,0.0,999.9,,False,True,False,False,False,False
72530094846,8/2/2020,41.96017,-87.93164,204.8,CHICAGO OHARE INTERNATIONAL AIRPORT - IL US,74.8,62.6,1009.9,986.3,10.0,6.9,18.1,25.1,86.0,68.0,0.0,999.9,,False,True,False,False,True,False
72530094846,8/3/2020,41.96017,-87.93164,204.8,CHICAGO OHARE INTERNATIONAL AIRPORT - IL US,67.8,61.3,1015.2,991.2,10.0,8.3,15.0,17.1,86.0,63.0,0.05,999.9,,False,False,False,False,False,False
72530094846,8/4/2020,41.96017,-87.93164,204.8,CHICAGO OHARE INTERNATIONAL AIRPORT - IL US,66.0,49.9,1017.4,993.3,10.0,10.4,15.9,21.0,75.9,59.0,0.0,999.9,,False,False,False,False,False,False
72530094846,8/5/2020,41.96017,-87.93164,204.8,CHICAGO OHARE INTERNATIONAL AIRPORT - IL US,67.4,49.5,1018.9,994.7,10.0,5.1,9.9,17.1,78.1,55.9,0.0,999.9,,False,False,False,False,False,False
72530094846,8/6/2020,41.96017,-87.93164,204.8,CHICAGO OHARE INTERNATIONAL AIRPORT - IL US,73.4,54.5,1019.1,995.0,10.0,4.6,8.9,999.9,82.0,55.9,0.0,999.9,,False,False,False,False,False,False
72530094846,8/7/2020,41.96017,-87.93164,204.8,CHICAGO OHARE INTERNATIONAL AIRPORT - IL US,74.2,56.8,1020.0,995.9,10.0,3.9,8.9,999.9,86.0,62.1,0.0,999.9,,False,False,False,False,False,False
72530094846,8/8/2020,41.96017,-87.93164,204.8,CHICAGO OHARE INTERNATIONAL AIRPORT - IL US,78.2,59.8,1019.3,995.2,10.0,7.5,12.0,19.0,89.1,62.1,0.0,999.9,,False,False,False,False,False,False
72530094846,8/9/2020,41.96017,-87.93164,204.8,CHICAGO OHARE INTERNATIONAL AIRPORT - IL US,82.2,69.0,1016.8,992.8,10.0,8.9,14.0,20.0,93.0,68.0,0.0,999.9,,False,False,False,False,False,False
72530094846,8/10/2020,41.96017,-87.93164,204.8,CHICAGO OHARE INTERNATIONAL AIRPORT - IL US,79.2,71.9,1012.7,989.0,9.7,7.8,31.1,54.0,93.0,71.1,0.06,999.9,,False,True,False,False,True,False
72530094846,8/11/2020,41.96017,-87.93164,204.8,CHICAGO OHARE INTERNATIONAL AIRPORT - IL US,74.8,60.3,1013.7,989.8,10.0,6.2,11.1,999.9,91.0,66.0,0.41,999.9,,False,False,False,False,False,False
72530094846,8/12/2020,41.96017,-87.93164,204.8,CHICAGO OHARE INTERNATIONAL AIRPORT - IL US,75.6,54.8,1017.9,994.0,10.0,3.9,9.9,18.1,86.0,64.0,0.0,999.9,,False,False,False,False,False,False
72530094846,8/13/2020,41.96017,-87.93164,204.8,CHICAGO OHARE INTERNATIONAL AIRPORT - IL US,78.2,60.7,1018.3,994.3,10.0,4.9,9.9,15.0,87.1,64.0,0.0,999.9,,False,False,False,False,False,False
72530094846,8/14/2020,41.96017,-87.93164,204.8,CHICAGO OHARE INTERNATIONAL AIRPORT - IL US,78.8,61.7,1016.3,992.4,10.0,6.3,11.1,999.9,90.0,68.0,0.0,999.9,,False,False,False,False,False,False
72530094846,8/15/2020,41.96017,-87.93164,204.8,CHICAGO OHARE INTERNATIONAL AIRPORT - IL US,79.2,64.0,1013.4,989.5,9.8,4.4,11.1,999.9,91.0,68.0,0.0,999.9,,False,True,False,False,True,False
72530094846,8/16/2020,41.96017,-87.93164,204.8,CHICAGO OHARE INTERNATIONAL AIRPORT - IL US,74.7,58.2,1015.1,991.2,10.0,7.4,12.0,21.0,91.0,64.0,0.25,999.9,,False,False,False,False,False,False
72530094846,8/17/2020,41.96017,-87.93164,204.8,CHICAGO OHARE INTERNATIONAL AIRPORT - IL US,77.3,55.9,1015.2,991.4,10.0,5.0,8.9,999.9,86.0,64.0,0.0,999.9,,False,False,False,False,False,False
72530094846,8/18/2020,41.96017,-87.93164,204.8,CHICAGO OHARE INTERNATIONAL AIRPORT - IL US,74.9,54.4,1016.1,992.3,10.0,7.7,15.9,20.0,86.0,69.1,0.0,999.9,,False,False,False,False,False,False
72530094846,8/19/2020,41.96017,-87.93164,204.8,CHICAGO OHARE INTERNATIONAL AIRPORT - IL US,71.9,54.0,1018.2,994.1,10.0,4.4,11.1,999.9,84.0,62.1,0.0,999.9,,False,False,False,False,False,False
72530094846,8/20/2020,41.96017,-87.93164,204.8,CHICAGO OHARE INTERNATIONAL AIRPORT - IL US,74.4,52.9,1016.2,992.0,10.0,5.5,8.9,999.9,86.0,62.1,0.0,999.9,,False,False,False,False,False,False
72530094846,8/21/2020,41.96017,-87.93164,204.8,CHICAGO OHARE INTERNATIONAL AIRPORT - IL US,77.1,57.7,1013.6,989.7,10.0,4.8,8.9,999.9,88.0,64.0,0.0,999.9,,False,False,False,False,False,False
72530094846,8/22/2020,41.96017,-87.93164,204.8,CHICAGO OHARE INTERNATIONAL AIRPORT - IL US,78.5,59.3,1012.9,989.1,10.0,6.5,12.0,15.9,89.1,66.9,0.0,999.9,,False,False,False,False,False,False
72530094846,8/23/2020,41.96017,-87.93164,204.8,CHICAGO OHARE INTERNATIONAL AIRPORT - IL US,79.8,62.5,1013.8,989.9,10.0,6.7,13.0,18.1,91.9,66.9,0.0,999.9,,False,True,False,False,True,False
72530094846,8/24/2020,41.96017,-87.93164,204.8,CHICAGO OHARE INTERNATIONAL AIRPORT - IL US,82.6,67.9,1014.4,990.6,9.9,5.1,11.1,15.0,97.0,70.0,0.0,999.9,,False,True,False,False,True,False
72530094846,8/25/2020,41.96017,-87.93164,204.8,CHICAGO OHARE INTERNATIONAL AIRPORT - IL US,83.2,66.9,1015.8,992.1,10.0,7.0,21.0,33.0,97.0,72.0,0.03,999.9,,False,True,False,False,True,False
72530094846,8/26/2020,41.96017,-87.93164,204.8,CHICAGO OHARE INTERNATIONAL AIRPORT - IL US,83.6,68.7,1014.6,990.7,10.0,7.8,14.0,22.9,93.9,72.0,0.0,999.9,,False,False,False,False,False,False
72530094846,8/27/2020,41.96017,-87.93164,204.8,CHICAGO OHARE INTERNATIONAL AIRPORT - IL US,85.4,70.4,1010.8,987.2,10.0,9.2,12.0,19.0,95.0,75.9,0.0,999.9,,False,False,False,False,False,False
72530094846,8/28/2020,41.96017,-87.93164,204.8,CHICAGO OHARE INTERNATIONAL AIRPORT - IL US,85.5,70.6,1008.1,984.3,10.0,8.7,15.9,999.9,95.0,77.0,0.0,999.9,,False,False,False,False,False,False
72530094846,8/29/2020,41.96017,-87.93164,204.8,CHICAGO OHARE INTERNATIONAL AIRPORT - IL US,79.8,58.8,1006.3,982.9,10.0,12.6,17.1,22.0,95.0,70.0,0.0,999.9,,False,False,False,False,False,False
72530094846,8/30/2020,41.96017,-87.93164,204.8,CHICAGO OHARE INTERNATIONAL AIRPORT - IL US,72.0,53.0,1012.0,988.1,10.0,6.8,11.1,999.9,82.0,60.1,0.0,999.9,,False,False,False,False,False,False
72530094846,8/31/2020,41.96017,-87.93164,204.8,CHICAGO OHARE INTERNATIONAL AIRPORT - IL US,74.2,56.9,1009.6,985.7,10.0,8.0,12.0,18.1,84.9,60.1,0.0,999.9,,False,False,False,False,False,False
72530094846,9/1/2020,41.96017,-87.93164,204.8,CHICAGO OHARE INTERNATIONAL AIRPORT - IL US,73.3,62.3,1010.8,987.2,9.6,7.0,12.0,999.9,84.9,66.9,0.0,999.9,,False,True,False,False,True,False
72530094846,9/2/2020,41.96017,-87.93164,204.8,CHICAGO OHARE INTERNATIONAL AIRPORT - IL US,75.3,62.3,1008.6,984.5,9.0,7.8,13.0,24.1,88.0,69.1,0.24,999.9,,False,True,False,False,False,False
72530094846,9/3/2020,41.96017,-87.93164,204.8,CHICAGO OHARE INTERNATIONAL AIRPORT - IL US,76.7,54.7,1007.8,984.1,10.0,11.3,24.1,33.0,88.0,66.9,0.05,999.9,,False,False,False,False,False,False
72530094846,9/4/2020,41.96017,-87.93164,204.8,CHICAGO OHARE INTERNATIONAL AIRPORT - IL US,68.9,43.1,1016.8,992.9,10.0,8.4,15.0,25.1,88.0,55.9,0.0,999.9,,False,False,False,False,False,False
72530094846,9/5/2020,41.96017,-87.93164,204.8,CHICAGO OHARE INTERNATIONAL AIRPORT - IL US,72.9,48.5,1020.9,996.8,10.0,9.9,15.9,28.9,82.0,55.9,0.0,999.9,,False,False,False,False,False,False
72530094846,9/6/2020,41.96017,-87.93164,204.8,CHICAGO OHARE INTERNATIONAL AIRPORT - IL US,69.0,55.9,1017.3,993.5,9.2,8.5,20.0,29.9,82.9,59.0,0.2,999.9,,False,True,False,False,True,False
72530094846,9/7/2020,41.96017,-87.93164,204.8,CHICAGO OHARE INTERNATIONAL AIRPORT - IL US,75.7,60.2,1009.0,985.5,10.0,11.0,17.1,31.1,82.9,63.0,0.4,999.9,,False,True,False,False,False,False
72530094846,9/8/2020,41.96017,-87.93164,204.8,CHICAGO OHARE INTERNATIONAL AIRPORT - IL US,63.5,56.6,1015.4,991.6,8.6,13.6,22.0,25.1,80.1,60.1,0.67,999.9,,False,True,False,False,True,False
72530094846,9/9/2020,41.96017,-87.93164,204.8,CHICAGO OHARE INTERNATIONAL AIRPORT - IL US,61.9,56.8,1022.3,997.7,9.1,11.6,17.1,21.0,78.1,60.1,0.76,999.9,,False,True,False,False,True,False
72530094846,9/10/2020,41.96017,-87.93164,204.8,CHICAGO OHARE INTERNATIONAL AIRPORT - IL US,60.5,53.9,1026.6,2.0,9.2,10.4,15.0,20.0,68.0,55.0,0.56,999.9,FLAG_ANOMALY_STP,False,True,False,False,False,False
72530094846,9/11/2020,41.96017,-87.93164,204.8,CHICAGO OHARE INTERNATIONAL AIRPORT - IL US,62.4,57.2,1025.0,0.8,9.1,9.0,13.0,999.9,68.0,55.0,0.19,999.9,FLAG_ANOMALY_STP,False,True,False,False,False,False
72530094846,9/12/2020,41.96017,-87.93164,204.8,CHICAGO OHARE INTERNATIONAL AIRPORT - IL US,67.1,61.6,1016.3,991.6,7.5,7.9,11.1,18.1,73.0,61.0,0.05,999.9,,False,True,False,False,False,False
72530094846,9/13/2020,41.96017,-87.93164,204.8,CHICAGO OHARE INTERNATIONAL AIRPORT - IL US,67.9,58.2,1015.9,991.8,9.7,6.3,12.0,17.1,77.0,61.0,0.27,999.9,,False,True,False,False,False,False
72530094846,9/14/2020,41.96017,-87.93164,204.8,CHICAGO OHARE INTERNATIONAL AIRPORT - IL US,66.3,56.4,1025.3,1.2,10.0,3.3,8.0,999.9,77.0,57.9,0.02,999.9,FLAG_ANOMALY_STP,False,False,False,False,False,False
72530094846,9/15/2020,41.96017,-87.93164,204.8,CHICAGO OHARE INTERNATIONAL AIRPORT - IL US,67.8,56.0,1024.5,999.9,9.9,6.7,11.1,17.1,79.0,57.9,0.0,999.9,,False,False,False,False,False,False
72530094846,9/16/2020,41.96017,-87.93164,204.8,CHICAGO OHARE INTERNATIONAL AIRPORT - IL US,70.7,56.5,1016.9,992.7,9.9,7.9,14.0,21.0,84.0,60.1,0.0,999.9,,False,False,False,False,False,False
72530094846,9/17/2020,41.96017,-87.93164,204.8,CHICAGO OHARE INTERNATIONAL AIRPORT - IL US,68.2,54.7,1019.2,994.8,10.0,11.9,15.9,22.9,84.0,62.1,0.0,999.9,,False,False,False,False,False,False
72530094846,9/18/2020,41.96017,-87.93164,204.8,CHICAGO OHARE INTERNATIONAL AIRPORT - IL US,59.3,41.9,1025.4,1.1,10.0,11.6,17.1,22.9,69.1,55.9,0.0,999.9,FLAG_ANOMALY_STP,False,False,False,False,False,False
72530094846,9/19/2020,41.96017,-87.93164,204.8,CHICAGO OHARE INTERNATIONAL AIRPORT - IL US,54.2,38.6,1028.3,3.5,10.0,4.3,11.1,999.9,66.9,46.0,0.0,999.9,FLAG_ANOMALY_STP,False,False,False,False,False,False
72530094846,9/20/2020,41.96017,-87.93164,204.8,CHICAGO OHARE INTERNATIONAL AIRPORT - IL US,59.5,40.3,1028.5,3.8,10.0,4.8,11.1,20.0,73.0,46.0,0.0,999.9,FLAG_ANOMALY_STP,False,False,False,False,False,False
72530094846,9/21/2020,41.96017,-87.93164,204.8,CHICAGO OHARE INTERNATIONAL AIRPORT - IL US,63.7,41.2,1027.8,3.1,10.0,5.6,8.9,999.9,75.0,48.0,0.0,999.9,FLAG_ANOMALY_STP,False,False,False,False,False,False
72530094846,9/22/2020,41.96017,-87.93164,204.8,CHICAGO OHARE INTERNATIONAL AIRPORT - IL US,65.8,49.5,1022.5,997.9,10.0,3.9,8.9,15.9,79.0,53.1,0.0,999.9,,False,False,False,False,False,False
72530094846,9/23/2020,41.96017,-87.93164,204.8,CHICAGO OHARE INTERNATIONAL AIRPORT - IL US,68.9,55.3,1017.4,993.1,10.0,5.3,9.9,14.0,79.0,54.0,0.0,999.9,,False,False,False,False,False,False
72530094846,9/24/2020,41.96017,-87.93164,204.8,CHICAGO OHARE INTERNATIONAL AIRPORT - IL US,68.1,54.8,1013.9,989.9,10.0,6.0,11.1,999.9,79.0,57.9,0.0,999.9,,False,False,False,False,False,False
72530094846,9/25/2020,41.96017,-87.93164,204.8,CHICAGO OHARE INTERNATIONAL AIRPORT - IL US,70.7,54.1,1013.6,989.5,10.0,6.8,13.0,20.0,80.1,57.9,0.0,999.9,,False,False,False,False,False,False
72530094846,9/26/2020,41.96017,-87.93164,204.8,CHICAGO OHARE INTERNATIONAL AIRPORT - IL US,69.7,59.6,1009.2,985.1,10.0,9.9,14.0,27.0,80.1,61.0,0.0,999.9,,False,False,False,False,False,False
72530094846,9/27/2020,41.96017,-87.93164,204.8,CHICAGO OHARE INTERNATIONAL AIRPORT - IL US,71.9,57.5,1005.5,981.9,10.0,12.3,18.1,31.1,79.0,64.0,0.0,999.9,,False,False,False,False,False,False
72530094846,9/28/2020,41.96017,-87.93164,204.8,CHICAGO OHARE INTERNATIONAL AIRPORT - IL US,56.9,50.0,1008.2,984.0,9.5,6.7,13.0,24.1,77.0,53.1,0.4,999.9,,False,True,False,False,False,False
72530094846,9/29/2020,41.96017,-87.93164,204.8,CHICAGO OHARE INTERNATIONAL AIRPORT - IL US,53.3,44.5,1010.6,986.3,10.0,7.0,12.0,21.0,63.0,46.0,0.21,999.9,,False,False,False,False,False,False
72530094846,9/30/2020,41.96017,-87.93164,204.8,CHICAGO OHARE INTERNATIONAL AIRPORT - IL US,57.6,44.6,1004.4,980.4,10.0,11.6,21.0,35.0,66.9,46.9,0.0,999.9,,False,True,False,False,False,False
72530094846,10/1/2020,41.96017,-87.93164,204.8,CHICAGO OHARE INTERNATIONAL AIRPORT - IL US,52.8,41.4,1013.8,989.6,9.6,8.1,15.0,35.0,66.9,48.0,0.0,999.9,,False,True,False,False,False,False
72530094846,10/2/2020,41.96017,-87.93164,204.8,CHICAGO OHARE INTERNATIONAL AIRPORT - IL US,48.9,37.0,1021.3,996.6,10.0,6.5,11.1,18.1,59.0,42.1,0.21,999.9,,False,True,False,False,False,False
72530094846,10/3/2020,41.96017,-87.93164,204.8,CHICAGO OHARE INTERNATIONAL AIRPORT - IL US,50.0,36.2,1021.9,997.1,10.0,4.5,7.0,999.9,55.9,43.0,0.0,999.9,,False,True,False,False,False,False
72530094846,10/4/2020,41.96017,-87.93164,204.8,CHICAGO OHARE INTERNATIONAL AIRPORT - IL US,49.1,39.3,1022.0,997.4,10.0,7.6,14.0,20.0,57.0,41.0,0.11,999.9,,False,True,False,False,False,False
72530094846,10/5/2020,41.96017,-87.93164,204.8,CHICAGO OHARE INTERNATIONAL AIRPORT - IL US,48.5,32.2,1023.1,997.9,10.0,6.7,18.1,27.0,63.0,37.9,0.0,999.9,,False,False,False,False,False,False
72530094846,10/6/2020,41.96017,-87.93164,204.8,CHICAGO OHARE INTERNATIONAL AIRPORT - IL US,60.3,38.9,1013.1,988.7,10.0,10.7,15.9,25.1,75.0,37.9,0.0,999.9,,False,False,False,False,False,False
72530094846,10/7/2020,41.96017,-87.93164,204.8,CHICAGO OHARE INTERNATIONAL AIRPORT - IL US,67.1,44.5,1010.5,986.8,10.0,10.2,15.9,25.1,75.9,52.0,0.0,999.9,,False,False,False,False,False,False
72530094846,10/8/2020,41.96017,-87.93164,204.8,CHICAGO OHARE INTERNATIONAL AIRPORT - IL US,59.4,43.8,1019.6,995.3,10.0,3.6,11.1,999.9,75.9,50.0,0.0,999.9,,False,False,False,False,False,False
72530094846,10/9/2020,41.96017,-87.93164,204.8,CHICAGO OHARE INTERNATIONAL AIRPORT - IL US,63.0,46.6,1016.1,991.4,9.5,8.5,17.1,31.1,82.0,50.0,0.0,999.9,,False,False,False,False,False,False
72530094846,10/10/2020,41.96017,-87.93164,204.8,CHICAGO OHARE INTERNATIONAL AIRPORT - IL US,69.7,56.9,1010.8,987.0,10.0,11.4,15.9,21.0,82.0,52.0,0.0,999.9,,False,False,False,False,False,False
72530094846,10/11/2020,41.96017,-87.93164,204.8,CHICAGO OHARE INTERNATIONAL AIRPORT - IL US,61.3,51.3,1014.5,990.3,10.0,9.0,15.0,22.0,77.0,55.9,0.0,999.9,,False,False,False,False,False,False
72530094846,10/12/2020,41.96017,-87.93164,204.8,CHICAGO OHARE INTERNATIONAL AIRPORT - IL US,62.5,56.3,1009.0,983.8,9.2,10.0,21.0,35.0,69.1,55.0,0.0,999.9,,False,True,False,False,False,False
72530094846,10/13/2020,41.96017,-87.93164,204.8,CHICAGO OHARE INTERNATIONAL AIRPORT - IL US,56.8,37.4,1015.3,990.8,10.0,9.8,20.0,36.9,73.0,46.0,0.11,999.9,,False,False,False,False,False,False
72530094846,10/14/2020,41.96017,-87.93164,204.8,CHICAGO OHARE INTERNATIONAL AIRPORT - IL US,59.9,36.1,1011.6,986.7,10.0,9.4,20.0,42.0,79.0,46.0,0.0,999.9,,False,False,False,False,False,False
72530094846,10/15/2020,41.96017,-87.93164,204.8,CHICAGO OHARE INTERNATIONAL AIRPORT - IL US,58.3,35.1,1008.3,984.7,10.0,12.3,20.0,31.1,79.0,46.9,0.0,999.9,,False,False,False,False,False,False
72530094846,10/16/2020,41.96017,-87.93164,204.8,CHICAGO OHARE INTERNATIONAL AIRPORT - IL US,44.9,25.4,1020.6,995.6,10.0,8.3,15.9,22.9,64.0,37.0,0.0,999.9,,False,True,False,False,False,False
72530094846,10/17/2020,41.96017,-87.93164,204.8,CHICAGO OHARE INTERNATIONAL AIRPORT - IL US,49.1,28.1,1019.1,994.1,10.0,10.1,21.0,40.0,64.9,37.0,0.01,999.9,,False,True,False,False,False,False
72530094846,10/18/2020,41.96017,-87.93164,204.8,CHICAGO OHARE INTERNATIONAL AIRPORT - IL US,53.3,33.5,1016.1,992.6,9.8,10.3,17.1,28.9,64.9,42.1,0.0,999.9,,False,True,False,False,False,False
72530094846,10/19/2020,41.96017,-87.93164,204.8,CHICAGO OHARE INTERNATIONAL AIRPORT - IL US,41.9,35.5,1024.2,999.1,9.5,5.7,14.0,20.0,60.1,37.9,0.18,999.9,,False,True,False,False,False,False
72530094846,10/20/2020,41.96017,-87.93164,204.8,CHICAGO OHARE INTERNATIONAL AIRPORT - IL US,43.3,36.4,1022.7,998.0,9.2,7.8,13.0,999.9,53.1,37.9,0.05,999.9,,False,True,False,False,True,False
72530094846,10/21/2020,41.96017,-87.93164,204.8,CHICAGO OHARE INTERNATIONAL AIRPORT - IL US,50.8,42.7,1019.9,994.4,7.8,6.2,12.0,19.0,59.0,37.9,0.12,999.9,,False,True,False,False,True,False
72530094846,10/22/2020,41.96017,-87.93164,204.8,CHICAGO OHARE INTERNATIONAL AIRPORT - IL US,55.2,49.9,1016.6,993.9,5.2,7.5,13.0,20.0,78.1,46.4,2.03,999.9,FLAG_SPARSE_SLP_OBSERVATIONS,False,True,False,False,True,False
72530094846,10/23/2020,41.96017,-87.93164,204.8,CHICAGO OHARE INTERNATIONAL AIRPORT - IL US,61.0,54.3,1012.2,988.3,8.6,11.3,15.0,29.9,78.1,44.1,0.02,999.9,,False,True,False,False,True,False
72530094846,10/24/2020,41.96017,-87.93164,204.8,CHICAGO OHARE INTERNATIONAL AIRPORT - IL US,41.0,30.8,1024.7,999.6,10.0,7.9,15.9,22.0,48.0,34.0,0.65,999.9,,False,False,False,False,False,False
72530094846,10/25/2020,41.96017,-87.93164,204.8,CHICAGO OHARE INTERNATIONAL AIRPORT - IL US,42.0,32.6,1023.0,998.1,10.0,9.1,14.0,999.9,48.9,34.0,0.0,999.9,,False,True,False,False,False,False
72530094846,10/26/2020,41.96017,-87.93164,204.8,CHICAGO OHARE INTERNATIONAL AIRPORT - IL US,37.9,31.7,1023.9,998.7,8.7,10.0,15.0,19.0,46.9,34.0,0.01,999.9,,False,True,True,False,False,False
72530094846,10/27/2020,41.96017,-87.93164,204.8,CHICAGO OHARE INTERNATIONAL AIRPORT - IL US,35.8,27.7,1026.1,0.9,9.0,4.2,8.0,999.9,37.9,33.8,0.05,999.9,FLAG_ANOMALY_STP,False,True,True,False,False,False
72530094846,10/28/2020,41.96017,-87.93164,204.8,CHICAGO OHARE INTERNATIONAL AIRPORT - IL US,39.1,26.1,1018.8,993.5,10.0,6.7,14.0,20.0,51.1,30.9,0.03,999.9,,False,False,False,False,False,False
72530094846,10/29/2020,41.96017,-87.93164,204.8,CHICAGO OHARE INTERNATIONAL AIRPORT - IL US,44.6,33.6,1013.0,988.1,10.0,11.9,26.0,35.9,51.1,31.1,0.0,999.9,,False,False,False,False,False,False
72530094846,10/30/2020,41.96017,-87.93164,204.8,CHICAGO OHARE INTERNATIONAL AIRPORT - IL US,37.2,23.1,1022.8,998.0,10.0,7.3,15.0,21.0,48.9,30.9,0.0,999.9,,False,False,False,False,False,False
72530094846,10/31/2020,41.96017,-87.93164,204.8,CHICAGO OHARE INTERNATIONAL AIRPORT - IL US,41.0,28.4,1024.1,998.4,10.0,8.1,18.1,28.9,59.0,30.0,0.0,999.9,,False,False,False,False,False,False
72530094846,11/1/2020,41.96017,-87.93164,204.8,CHICAGO OHARE INTERNATIONAL AIRPORT - IL US,44.9,25.4,1016.4,992.5,10.0,16.8,25.1,44.1,59.0,32.0,0.0,999.9,,False,False,False,False,False,False
72530094846,11/2/2020,41.96017,-87.93164,204.8,CHICAGO OHARE INTERNATIONAL AIRPORT - IL US,36.8,17.2,1026.9,1.2,10.0,9.1,17.1,25.1,55.0,28.0,0.0,999.9,FLAG_ANOMALY_STP,False,False,False,False,False,False
72530094846,11/3/2020,41.96017,-87.93164,204.8,CHICAGO OHARE INTERNATIONAL AIRPORT - IL US,50.2,29.6,1018.5,993.7,10.0,7.7,12.0,22.0,69.1,29.1,0.0,999.9,,False,False,False,False,False,False
72530094846,11/4/2020,41.96017,-87.93164,204.8,CHICAGO OHARE INTERNATIONAL AIRPORT - IL US,61.1,40.5,1017.3,992.9,10.0,11.3,17.1,27.0,73.9,39.0,0.0,999.9,,False,False,False,False,False,False
72530094846,11/5/2020,41.96017,-87.93164,204.8,CHICAGO OHARE INTERNATIONAL AIRPORT - IL US,63.2,43.2,1018.9,994.7,10.0,10.2,14.0,22.0,73.9,52.0,0.0,999.9,,False,False,False,False,False,False
72530094846,11/6/2020,41.96017,-87.93164,204.8,CHICAGO OHARE INTERNATIONAL AIRPORT - IL US,60.8,45.9,1020.7,996.3,10.0,7.2,12.0,22.0,73.9,51.1,0.0,999.9,,False,False,False,False,False,False
72530094846,11/7/2020,41.96017,-87.93164,204.8,CHICAGO OHARE INTERNATIONAL AIRPORT - IL US,62.7,46.2,1020.4,996.0,10.0,9.2,14.0,21.0,73.9,51.1,0.0,999.9,,False,False,False,False,False,False
72530094846,11/8/2020,41.96017,-87.93164,204.8,CHICAGO OHARE INTERNATIONAL AIRPORT - IL US,63.0,51.2,1021.3,996.9,10.0,7.1,14.0,20.0,75.9,52.0,0.0,999.9,,False,False,False,False,False,False
72530094846,11/9/2020,41.96017,-87.93164,204.8,CHICAGO OHARE INTERNATIONAL AIRPORT - IL US,69.4,56.9,1018.5,994.0,10.0,9.6,17.1,29.9,75.9,52.0,0.0,999.9,,False,False,False,False,False,False
72530094846,11/10/2020,41.96017,-87.93164,204.8,CHICAGO OHARE INTERNATIONAL AIRPORT - IL US,70.5,59.8,1009.0,984.8,10.0,13.9,26.0,55.9,73.9,60.8,0.0,999.9,,False,True,False,False,True,False
72530094846,11/11/2020,41.96017,-87.93164,204.8,CHICAGO OHARE INTERNATIONAL AIRPORT - IL US,43.4,33.9,1013.7,989.0,9.8,12.2,21.0,35.9,62.1,35.1,0.32,999.9,,False,True,False,False,False,False
72530094846,11/12/2020,41.96017,-87.93164,204.8,CHICAGO OHARE INTERNATIONAL AIRPORT - IL US,42.7,31.5,1020.1,995.0,10.0,4.9,11.1,15.9,54.0,35.1,0.0,999.9,,False,False,False,False,False,False
72530094846,11/13/2020,41.96017,-87.93164,204.8,CHICAGO OHARE INTERNATIONAL AIRPORT - IL US,40.8,29.1,1019.4,994.8,10.0,7.4,17.1,26.0,54.0,33.1,0.02,999.9,,False,True,False,False,False,False
72530094846,11/14/2020,41.96017,-87.93164,204.8,CHICAGO OHARE INTERNATIONAL AIRPORT - IL US,35.1,25.7,1018.8,992.5,10.0,7.6,15.0,26.0,46.4,28.9,0.0,999.9,,False,False,False,False,False,False
72530094846,11/15/2020,41.96017,-87.93164,204.8,CHICAGO OHARE INTERNATIONAL AIRPORT - IL US,46.3,39.7,1000.7,975.4,9.0,17.2,28.0,42.9,55.0,29.1,0.28,999.9,,False,True,False,False,True,False
72530094846,11/16/2020,41.96017,-87.93164,204.8,CHICAGO OHARE INTERNATIONAL AIRPORT - IL US,37.6,24.6,1016.8,991.6,10.0,11.1,18.1,33.0,55.0,32.0,0.05,999.9,,False,False,False,False,False,False
72530094846,11/17/2020,41.96017,-87.93164,204.8,CHICAGO OHARE INTERNATIONAL AIRPORT - IL US,37.5,21.6,1026.9,1.8,10.0,10.7,15.9,28.0,46.9,28.9,0.0,999.9,FLAG_ANOMALY_STP,False,False,False,False,False,False
72530094846,11/18/2020,41.96017,-87.93164,204.8,CHICAGO OHARE INTERNATIONAL AIRPORT - IL US,41.3,22.2,1031.0,5.3,10.0,9.2,22.0,33.0,51.1,30.2,0.0,999.9,FLAG_ANOMALY_STP,False,False,False,False,False,False
72530094846,11/19/2020,41.96017,-87.93164,204.8,CHICAGO OHARE INTERNATIONAL AIRPORT - IL US,53.5,28.1,1016.4,991.6,10.0,17.1,24.1,35.9,66.0,35.1,0.0,999.9,,False,False,False,False,False,False
72530094846,11/20/2020,41.96017,-87.93164,204.8,CHICAGO OHARE INTERNATIONAL AIRPORT - IL US,57.4,37.0,1019.8,995.9,10.0,12.0,19.0,33.0,66.0,46.9,0.0,999.9,,False,False,False,False,False,False
72530094846,11/21/2020,41.96017,-87.93164,204.8,CHICAGO OHARE INTERNATIONAL AIRPORT - IL US,43.1,30.7,1032.4,7.3,10.0,5.7,9.9,999.9,61.0,36.0,0.0,999.9,FLAG_ANOMALY_STP,False,False,False,False,False,False
72530094846,11/22/2020,41.96017,-87.93164,204.8,CHICAGO OHARE INTERNATIONAL AIRPORT - IL US,43.1,33.8,1025.8,0.6,9.9,5.5,8.9,999.9,48.0,37.0,0.0,999.9,FLAG_ANOMALY_STP,False,False,False,False,False,False
72530094846,11/23/2020,41.96017,-87.93164,204.8,CHICAGO OHARE INTERNATIONAL AIRPORT - IL US,40.6,29.6,1024.3,999.4,10.0,6.0,9.9,17.1,46.9,33.1,0.0,999.9,,False,False,False,False,False,False
72530094846,11/24/2020,41.96017,-87.93164,204.8,CHICAGO OHARE INTERNATIONAL AIRPORT - IL US,37.4,31.0,1023.6,997.4,6.5,7.1,13.0,999.9,46.0,33.1,0.07,999.9,,False,True,True,False,False,False
72530094846,11/25/2020,41.96017,-87.93164,204.8,CHICAGO OHARE INTERNATIONAL AIRPORT - IL US,45.0,41.7,1010.0,985.1,4.3,6.9,12.0,999.9,46.9,34.0,0.51,999.9,,False,True,False,False,False,False
72530094846,11/26/2020,41.96017,-87.93164,204.8,CHICAGO OHARE INTERNATIONAL AIRPORT - IL US,44.0,39.2,1013.4,988.7,7.7,8.9,12.0,999.9,46.9,42.1,0.47,999.9,,False,True,False,False,False,False
72530094846,11/27/2020,41.96017,-87.93164,204.8,CHICAGO OHARE INTERNATIONAL AIRPORT - IL US,41.8,36.1,1018.4,993.6,8.8,6.7,9.9,999.9,46.0,39.0,0.0,999.9,,False,False,False,False,False,False
72530094846,11/28/2020,41.96017,-87.93164,204.8,CHICAGO OHARE INTERNATIONAL AIRPORT - IL US,37.4,26.7,1020.7,995.5,10.0,7.6,13.0,19.0,50.0,28.9,0.0,999.9,,False,False,False,False,False,False
72530094846,11/29/2020,41.96017,-87.93164,204.8,CHICAGO OHARE INTERNATIONAL AIRPORT - IL US,42.8,32.5,1015.4,990.5,10.0,9.6,15.0,25.1,50.0,29.1,0.0,999.9,,False,False,False,False,False,False
72530094846,11/30/2020,41.96017,-87.93164,204.8,CHICAGO OHARE INTERNATIONAL AIRPORT - IL US,34.5,21.5,1015.3,990.5,10.0,15.8,20.0,28.9,48.9,30.0,0.0,999.9,,False,False,True,False,False,False
72530094846,12/1/2020,41.96017,-87.93164,204.8,CHICAGO OHARE INTERNATIONAL AIRPORT - IL US,29.2,17.3,1017.7,992.5,10.0,9.8,15.9,22.9,37.0,25.0,0.0,999.9,,False,False,False,False,False,False
72530094846,12/2/2020,41.96017,-87.93164,204.8,CHICAGO OHARE INTERNATIONAL AIRPORT - IL US,33.3,17.1,1024.9,999.7,10.0,4.8,7.0,999.9,48.0,25.0,0.0,999.9,,False,False,False,False,False,False
72530094846,12/3/2020,41.96017,-87.93164,204.8,CHICAGO OHARE INTERNATIONAL AIRPORT - IL US,36.4,21.8,1021.9,996.5,10.0,9.0,15.9,25.1,48.0,26.2,0.0,999.9,,False,False,False,False,False,False
72530094846,12/4/2020,41.96017,-87.93164,204.8,CHICAGO OHARE INTERNATIONAL AIRPORT - IL US,37.6,26.4,1014.1,989.2,10.0,9.9,14.0,24.1,46.0,31.1,0.0,999.9,,False,False,False,False,False,False
72530094846,12/5/2020,41.96017,-87.93164,204.8,CHICAGO OHARE INTERNATIONAL AIRPORT - IL US,34.2,26.2,1019.8,994.9,10.0,5.3,8.0,999.9,46.0,28.9,0.0,999.9,,False,False,False,False,False,False
72530094846,12/6/2020,41.96017,-87.93164,204.8,CHICAGO OHARE INTERNATIONAL AIRPORT - IL US,35.4,28.3,1019.2,994.0,9.7,4.3,8.0,999.9,41.0,29.1,0.0,999.9,,False,True,True,False,False,False
72530094846,12/7/2020,41.96017,-87.93164,204.8,CHICAGO OHARE INTERNATIONAL AIRPORT - IL US,35.6,28.2,1017.1,992.2,9.9,3.3,8.0,999.9,37.9,33.1,0.0,999.9,,False,False,False,False,False,False
72530094846,12/8/2020,41.96017,-87.93164,204.8,CHICAGO OHARE INTERNATIONAL AIRPORT - IL US,35.0,26.5,1018.4,993.4,9.7,6.3,13.0,22.0,37.9,33.1,0.0,999.9,,False,False,False,False,False,False
72530094846,12/9/2020,41.96017,-87.93164,204.8,CHICAGO OHARE INTERNATIONAL AIRPORT - IL US,39.3,30.7,1011.6,986.6,7.4,7.1,14.0,20.0,53.1,32.0,0.0,999.9,,False,False,False,False,False,False
72530094846,12/10/2020,41.96017,-87.93164,204.8,CHICAGO OHARE INTERNATIONAL AIRPORT - IL US,42.0,31.4,1015.2,990.2,9.5,3.5,9.9,999.9,57.0,30.9,0.0,999.9,,False,False,False,False,False,False
72530094846,12/11/2020,41.96017,-87.93164,204.8,CHICAGO OHARE INTERNATIONAL AIRPORT - IL US,43.2,36.2,1012.8,988.3,8.8,9.6,24.1,28.9,57.0,31.1,0.0,999.9,,False,True,False,False,False,False
72530094846,12/12/2020,41.96017,-87.93164,204.8,CHICAGO OHARE INTERNATIONAL AIRPORT - IL US,40.0,36.6,1008.4,982.9,5.2,14.7,19.0,28.0,44.1,35.1,1.18,999.9,,False,True,True,False,False,False
72530094846,12/13/2020,41.96017,-87.93164,204.8,CHICAGO OHARE INTERNATIONAL AIRPORT - IL US,31.3,25.0,1019.5,994.3,9.8,5.8,11.1,999.9,42.1,27.0,0.49,999.9,,False,False,True,False,False,False
72530094846,12/14/2020,41.96017,-87.93164,204.8,CHICAGO OHARE INTERNATIONAL AIRPORT - IL US,29.8,19.0,1021.8,996.9,10.0,9.4,15.0,25.1,36.0,27.0,0.0,999.9,,False,False,False,False,False,False
72530094846,12/15/2020,41.96017,-87.93164,204.8,CHICAGO OHARE INTERNATIONAL AIRPORT - IL US,24.9,13.1,1028.5,2.6,10.0,6.3,12.0,999.9,34.0,18.0,0.0,999.9,FLAG_ANOMALY_STP,False,False,False,False,False,False
72530094846,12/16/2020,41.96017,-87.93164,204.8,CHICAGO OHARE INTERNATIONAL AIRPORT - IL US,31.2,21.9,1019.0,993.5,9.5,9.4,12.0,17.1,34.0,19.0,0.0,999.9,,False,False,True,False,False,False
72530094846,12/17/2020,41.96017,-87.93164,204.8,CHICAGO OHARE INTERNATIONAL AIRPORT - IL US,33.1,22.8,1019.1,993.5,9.9,6.0,8.9,999.9,35.1,29.1,0.0,999.9,,False,False,True,False,False,False
72530094846,12/18/2020,41.96017,-87.93164,204.8,CHICAGO OHARE INTERNATIONAL AIRPORT - IL US,30.1,22.3,1025.2,999.7,9.3,5.5,13.0,21.0,37.0,24.1,0.0,999.9,,False,False,False,False,False,False
72530094846,12/19/2020,41.96017,-87.93164,204.8,CHICAGO OHARE INTERNATIONAL AIRPORT - IL US,38.3,31.0,1017.0,992.0,9.9,10.2,17.1,26.0,43.0,25.2,0.0,999.9,,False,False,False,False,False,False
72530094846,12/20/2020,41.96017,-87.93164,204.8,CHICAGO OHARE INTERNATIONAL AIRPORT - IL US,36.4,28.2,1013.0,988.1,8.7,8.4,13.0,22.9,43.0,32.0,0.0,999.9,,False,False,False,False,False,False
72530094846,12/21/2020,41.96017,-87.93164,204.8,CHICAGO OHARE INTERNATIONAL AIRPORT - IL US,37.4,29.1,1005.8,981.1,9.1,8.7,18.1,28.0,46.0,33.1,0.0,999.9,,False,True,False,False,False,False
72530094846,12/22/2020,41.96017,-87.93164,204.8,CHICAGO OHARE INTERNATIONAL AIRPORT - IL US,37.3,27.3,1017.6,992.3,10.0,10.0,19.0,29.9,46.0,32.0,0.0,999.9,,False,True,False,False,False,False
72530094846,12/23/2020,41.96017,-87.93164,204.8,CHICAGO OHARE INTERNATIONAL AIRPORT - IL US,46.7,32.7,1007.1,981.9,9.7,16.3,26.0,35.9,57.9,32.0,0.0,999.9,,False,True,False,False,False,False
72530094846,12/24/2020,41.96017,-87.93164,204.8,CHICAGO OHARE INTERNATIONAL AIRPORT - IL US,21.9,11.6,1005.3,980.9,9.0,14.3,21.0,38.1,50.0,12.2,0.17,999.9,,False,True,True,False,False,False
72530094846,12/25/2020,41.96017,-87.93164,204.8,CHICAGO OHARE INTERNATIONAL AIRPORT - IL US,13.4,2.7,1014.3,988.6,9.7,10.5,15.0,21.0,26.1,8.1,0.0,999.9,,False,False,True,False,False,False
72530094846,12/26/2020,41.96017,-87.93164,204.8,CHICAGO OHARE INTERNATIONAL AIRPORT - IL US,23.1,10.4,1013.9,988.6,10.0,7.3,14.0,28.0,33.1,8.1,0.0,999.9,,False,False,False,False,False,False
72530094846,12/27/2020,41.96017,-87.93164,204.8,CHICAGO OHARE INTERNATIONAL AIRPORT - IL US,31.8,23.6,1010.5,984.9,10.0,5.6,11.1,999.9,46.9,19.0,0.0,999.9,,False,False,False,False,False,False
72530094846,12/28/2020,41.96017,-87.93164,204.8,CHICAGO OHARE INTERNATIONAL AIRPORT - IL US,33.0,23.3,1018.2,993.7,10.0,10.3,14.0,24.1,46.9,25.2,0.0,999.9,,False,True,False,False,False,False
72530094846,12/29/2020,41.96017,-87.93164,204.8,CHICAGO OHARE INTERNATIONAL AIRPORT - IL US,24.2,15.7,1032.4,6.5,9.6,5.1,15.9,22.9,34.0,18.0,0.0,1.2,FLAG_ANOMALY_STP,True,False,True,False,False,False
72530094846,12/30/2020,41.96017,-87.93164,204.8,CHICAGO OHARE INTERNATIONAL AIRPORT - IL US,31.8,26.6,1013.7,989.8,6.6,13.2,18.1,28.9,35.1,18.0,0.7,1.2,,True,True,True,False,False,False
72530094846,12/31/2020,41.96017,-87.93164,204.8,CHICAGO OHARE INTERNATIONAL AIRPORT - IL US,25.6,17.2,1023.1,998.0,9.9,5.1,12.0,22.0,35.1,23.0,0.01,1.2,,False,False,False,False,False,False
72530094846,1/1/2021,41.96017,-87.93164,204.8,CHICAGO OHARE INTERNATIONAL AIRPORT - IL US,26.7,22.3,1022.0,996.3,5.6,7.6,18.1,25.1,35.1,18.0,0.0,1.2,,False,True,True,False,False,False
72530094846,1/2/2021,41.96017,-87.93164,204.8,CHICAGO OHARE INTERNATIONAL AIRPORT - IL US,32.0,28.5,1016.2,991.0,3.8,7.5,15.0,999.9,35.1,19.2,0.38,2.0,,True,True,True,False,False,False
72530094846,1/3/2021,41.96017,-87.93164,204.8,CHICAGO OHARE INTERNATIONAL AIRPORT - IL US,31.9,28.4,1015.4,990.2,5.1,5.5,8.0,999.9,35.1,29.1,0.02,2.0,,False,False,True,False,False,False
72530094846,1/4/2021,41.96017,-87.93164,204.8,CHICAGO OHARE INTERNATIONAL AIRPORT - IL US,26.9,23.3,1016.2,990.8,5.8,6.7,9.9,999.9,33.1,24.1,0.01,2.0,,True,False,True,False,False,False
72530094846,1/5/2021,41.96017,-87.93164,204.8,CHICAGO OHARE INTERNATIONAL AIRPORT - IL US,30.9,27.2,1018.3,992.4,6.2,6.3,11.1,999.9,37.0,24.1,0.0,2.0,,False,True,True,False,False,False
72530094846,1/6/2021,41.96017,-87.93164,204.8,CHICAGO OHARE INTERNATIONAL AIRPORT - IL US,33.0,27.5,1026.4,1.2,5.4,2.7,8.0,999.9,39.0,28.9,0.0,2.0,FLAG_ANOMALY_STP,False,False,False,False,False,False
72530094846,1/7/2021,41.96017,-87.93164,204.8,CHICAGO OHARE INTERNATIONAL AIRPORT - IL US,35.3,28.3,1028.3,3.0,8.5,7.1,12.0,999.9,39.0,31.1,0.0,1.2,FLAG_ANOMALY_STP,False,False,False,False,False,False
72530094846,1/8/2021,41.96017,-87.93164,204.8,CHICAGO OHARE INTERNATIONAL AIRPORT - IL US,33.8,26.7,1025.6,0.2,9.2,9.6,15.0,999.9,37.9,30.9,0.0,1.2,FLAG_ANOMALY_STP,False,False,True,False,False,False
72530094846,1/9/2021,41.96017,-87.93164,204.8,CHICAGO OHARE INTERNATIONAL AIRPORT - IL US,31.4,22.9,1025.5,0.4,10.0,8.2,13.0,19.0,37.0,28.9,0.02,1.2,FLAG_ANOMALY_STP,False,False,False,False,False,False
72530094846,1/10/2021,41.96017,-87.93164,204.8,CHICAGO OHARE INTERNATIONAL AIRPORT - IL US,28.9,21.7,1027.1,1.6,10.0,4.2,7.0,999.9,37.0,28.0,0.0,1.2,FLAG_ANOMALY_STP,False,False,False,False,False,False
72530094846,1/11/2021,41.96017,-87.93164,204.8,CHICAGO OHARE INTERNATIONAL AIRPORT - IL US,25.2,19.8,1025.5,0.0,8.7,9.9,15.9,25.1,28.9,21.9,0.0,1.2,FLAG_ANOMALY_STP,False,False,False,False,False,False
72530094846,1/12/2021,41.96017,-87.93164,204.8,CHICAGO OHARE INTERNATIONAL AIRPORT - IL US,30.7,24.8,1019.0,993.7,9.7,11.2,15.0,22.9,37.0,21.9,0.0,1.2,,False,False,False,False,False,False
72530094846,1/13/2021,41.96017,-87.93164,204.8,CHICAGO OHARE INTERNATIONAL AIRPORT - IL US,34.5,28.2,1012.2,986.9,9.5,7.9,12.0,17.1,41.0,27.0,0.0,1.2,,False,False,False,False,False,False
72530094846,1/14/2021,41.96017,-87.93164,204.8,CHICAGO OHARE INTERNATIONAL AIRPORT - IL US,36.3,30.5,1002.8,977.9,9.6,6.4,12.0,20.0,41.0,31.1,0.0,1.2,,False,True,False,False,False,False
72530094846,1/15/2021,41.96017,-87.93164,204.8,CHICAGO OHARE INTERNATIONAL AIRPORT - IL US,35.4,30.7,997.8,973.1,9.4,7.5,13.0,22.0,39.9,32.0,0.14,999.9,,False,True,True,False,False,False
72530094846,1/16/2021,41.96017,-87.93164,204.8,CHICAGO OHARE INTERNATIONAL AIRPORT - IL US,33.0,28.9,1002.6,977.7,7.3,6.2,11.1,999.9,39.0,30.0,0.06,1.2,,False,True,True,False,False,False
72530094846,1/17/2021,41.96017,-87.93164,204.8,CHICAGO OHARE INTERNATIONAL AIRPORT - IL US,31.9,28.0,1006.0,981.2,6.0,5.9,8.9,999.9,36.0,28.4,0.03,1.2,,False,True,True,False,False,False
72530094846,1/18/2021,41.96017,-87.93164,204.8,CHICAGO OHARE INTERNATIONAL AIRPORT - IL US,28.4,22.9,1010.8,985.6,9.1,7.7,13.0,19.0,32.0,26.6,0.04,1.2,,False,False,True,False,False,False
72530094846,1/19/2021,41.96017,-87.93164,204.8,CHICAGO OHARE INTERNATIONAL AIRPORT - IL US,24.3,16.9,1019.9,994.7,9.3,7.7,12.0,21.0,30.0,19.9,0.0,1.2,,False,False,True,False,False,False
72530094846,1/20/2021,41.96017,-87.93164,204.8,CHICAGO OHARE INTERNATIONAL AIRPORT - IL US,22.7,14.7,1020.7,995.1,8.3,10.2,19.0,28.9,32.0,12.9,0.05,1.2,,True,False,True,False,False,False
72530094846,1/21/2021,41.96017,-87.93164,204.8,CHICAGO OHARE INTERNATIONAL AIRPORT - IL US,34.0,23.4,1007.2,982.3,10.0,13.8,22.9,32.1,39.0,30.0,0.0,1.2,,False,False,False,False,False,False
72530094846,1/22/2021,41.96017,-87.93164,204.8,CHICAGO OHARE INTERNATIONAL AIRPORT - IL US,22.8,9.7,1016.2,991.6,10.0,10.8,17.1,22.9,39.0,14.0,0.0,1.2,,False,False,False,False,False,False
72530094846,1/23/2021,41.96017,-87.93164,204.8,CHICAGO OHARE INTERNATIONAL AIRPORT - IL US,17.1,3.3,1027.9,2.0,10.0,4.3,8.9,999.9,30.0,10.0,0.0,999.9,FLAG_ANOMALY_STP,False,False,False,False,False,False
72530094846,1/24/2021,41.96017,-87.93164,204.8,CHICAGO OHARE INTERNATIONAL AIRPORT - IL US,29.7,19.8,1021.1,995.5,8.6,6.2,11.1,999.9,34.0,27.0,0.01,999.9,,False,False,True,False,False,False
72530094846,1/25/2021,41.96017,-87.93164,204.8,CHICAGO OHARE INTERNATIONAL AIRPORT - IL US,30.9,23.3,1017.9,992.5,9.8,9.4,18.1,26.0,34.0,28.0,0.01,999.9,,False,False,True,False,False,False
72530094846,1/26/2021,41.96017,-87.93164,204.8,CHICAGO OHARE INTERNATIONAL AIRPORT - IL US,31.0,26.9,1010.4,985.6,2.5,15.7,21.0,31.1,34.0,28.0,0.11,5.9,FLAG_SPARSE_SLP_OBSERVATIONS,True,False,True,False,False,False
72530094846,1/27/2021,41.96017,-87.93164,204.8,CHICAGO OHARE INTERNATIONAL AIRPORT - IL US,24.3,16.7,1025.6,0.3,10.0,11.1,19.0,21.0,32.0,19.9,0.07,5.1,FLAG_ANOMALY_STP,False,False,False,False,False,False
72530094846,1/28/2021,41.96017,-87.93164,204.8,CHICAGO OHARE INTERNATIONAL AIRPORT - IL US,16.8,4.8,1036.1,10.0,10.0,6.6,11.1,999.9,27.0,8.1,0.0,5.1,FLAG_ANOMALY_STP,False,False,False,False,False,False
72530094846,1/29/2021,41.96017,-87.93164,204.8,CHICAGO OHARE INTERNATIONAL AIRPORT - IL US,22.0,9.1,1032.0,5.9,10.0,3.8,9.9,999.9,32.0,8.1,0.0,5.1,FLAG_ANOMALY_STP,False,False,False,False,False,False
72530094846,1/30/2021,41.96017,-87.93164,204.8,CHICAGO OHARE INTERNATIONAL AIRPORT - IL US,30.5,19.8,1021.7,995.3,9.2,11.1,21.0,32.1,34.0,17.1,0.0,5.1,,False,False,True,False,False,False
72530094846,1/31/2021,41.96017,-87.93164,204.8,CHICAGO OHARE INTERNATIONAL AIRPORT - IL US,30.7,27.6,1012.4,987.5,1.0,15.3,21.0,29.9,34.0,28.9,0.32,15.0,,True,False,True,False,False,False
72530094846,2/1/2021,41.96017,-87.93164,204.8,CHICAGO OHARE INTERNATIONAL AIRPORT - IL US,29.5,23.4,1021.2,996.1,9.2,11.5,17.1,28.9,33.1,25.0,0.04,13.0,,False,False,True,False,False,False
72530094846,2/2/2021,41.96017,-87.93164,204.8,CHICAGO OHARE INTERNATIONAL AIRPORT - IL US,26.0,17.6,1024.4,998.9,10.0,8.6,12.0,999.9,33.1,21.0,0.0,11.8,,False,False,False,False,False,False
72530094846,2/3/2021,41.96017,-87.93164,204.8,CHICAGO OHARE INTERNATIONAL AIRPORT - IL US,25.5,16.8,1021.2,996.0,10.0,3.9,9.9,999.9,36.0,17.1,0.0,11.0,,False,False,False,False,False,False
72530094846,2/4/2021,41.96017,-87.93164,204.8,CHICAGO OHARE INTERNATIONAL AIRPORT - IL US,32.2,24.1,1008.5,981.7,8.0,10.2,21.0,28.9,39.0,17.1,0.0,11.0,,True,False,True,False,False,False
72530094846,2/5/2021,41.96017,-87.93164,204.8,CHICAGO OHARE INTERNATIONAL AIRPORT - IL US,17.1,9.6,1003.9,976.9,7.5,16.9,26.0,42.9,39.0,10.0,0.17,11.0,,False,False,True,False,False,False
72530094846,2/6/2021,41.96017,-87.93164,204.8,CHICAGO OHARE INTERNATIONAL AIRPORT - IL US,8.7,0.0,1015.6,990.5,8.9,9.5,17.1,28.9,19.0,3.0,0.0,11.0,,False,False,True,False,False,False
72530094846,2/7/2021,41.96017,-87.93164,204.8,CHICAGO OHARE INTERNATIONAL AIRPORT - IL US,1.3,-9.1,1023.9,997.5,8.8,8.6,11.1,18.1,12.0,-7.1,0.07,11.0,,False,False,True,False,False,False
72530094846,2/8/2021,41.96017,-87.93164,204.8,CHICAGO OHARE INTERNATIONAL AIRPORT - IL US,5.4,-4.7,1027.5,1.0,7.8,2.5,8.9,999.9,15.1,-6.0,0.0,14.2,FLAG_ANOMALY_STP,False,False,True,False,False,False
72530094846,2/9/2021,41.96017,-87.93164,204.8,CHICAGO OHARE INTERNATIONAL AIRPORT - IL US,8.2,-3.5,1028.6,2.1,8.3,7.7,14.0,999.9,18.0,0.0,0.08,13.0,FLAG_ANOMALY_STP,False,False,True,False,False,False
72530094846,2/10/2021,41.96017,-87.93164,204.8,CHICAGO OHARE INTERNATIONAL AIRPORT - IL US,9.7,-1.8,1030.2,3.9,8.7,5.9,11.1,999.9,18.0,0.0,0.0,13.0,FLAG_ANOMALY_STP,False,False,True,False,False,False
72530094846,2/11/2021,41.96017,-87.93164,204.8,CHICAGO OHARE INTERNATIONAL AIRPORT - IL US,11.7,0.9,1031.0,4.7,8.5,10.6,15.9,999.9,21.2,1.9,0.03,13.0,FLAG_ANOMALY_STP,False,False,True,False,False,False
72530094846,2/12/2021,41.96017,-87.93164,204.8,CHICAGO OHARE INTERNATIONAL AIRPORT - IL US,13.8,6.2,1029.4,3.2,8.7,8.3,14.0,999.9,17.6,10.0,0.01,11.8,FLAG_ANOMALY_STP,False,False,True,False,False,False
72530094846,2/13/2021,41.96017,-87.93164,204.8,CHICAGO OHARE INTERNATIONAL AIRPORT - IL US,7.8,0.3,1028.7,2.2,3.9,8.2,13.0,999.9,17.1,5.0,0.03,15.0,FLAG_ANOMALY_STP | FLAG_SPARSE_SLP_OBSERVATIONS,False,False,True,False,False,False
72530094846,2/14/2021,41.96017,-87.93164,204.8,CHICAGO OHARE INTERNATIONAL AIRPORT - IL US,0.1,-12.2,1031.8,5.5,9.8,9.4,13.0,999.9,12.0,-5.1,0.06,15.0,FLAG_ANOMALY_STP,False,False,True,False,False,False
72530094846,2/15/2021,41.96017,-87.93164,204.8,CHICAGO OHARE INTERNATIONAL AIRPORT - IL US,3.5,-4.1,1029.7,3.9,2.8,13.3,20.0,28.9,12.0,-5.1,0.03,16.9,FLAG_ANOMALY_STP,False,False,True,False,False,False
72530094846,2/16/2021,41.96017,-87.93164,204.8,CHICAGO OHARE INTERNATIONAL AIRPORT - IL US,11.6,4.5,1019.3,993.0,5.1,11.3,18.1,27.0,19.9,0.0,0.19,20.1,,False,False,True,False,False,False
72530094846,2/17/2021,41.96017,-87.93164,204.8,CHICAGO OHARE INTERNATIONAL AIRPORT - IL US,15.5,4.9,1027.5,1.6,10.0,3.9,8.0,999.9,27.0,6.1,0.01,18.1,FLAG_ANOMALY_STP,False,False,False,False,False,False
72530094846,2/18/2021,41.96017,-87.93164,204.8,CHICAGO OHARE INTERNATIONAL AIRPORT - IL US,20.6,12.3,1028.4,2.3,6.0,5.1,8.0,999.9,27.0,8.1,0.01,18.1,FLAG_ANOMALY_STP,False,False,True,False,False,False
72530094846,2/19/2021,41.96017,-87.93164,204.8,CHICAGO OHARE INTERNATIONAL AIRPORT - IL US,16.2,7.9,1026.6,0.8,9.5,7.0,12.0,18.1,21.0,8.1,0.03,16.9,FLAG_ANOMALY_STP,False,False,True,False,False,False
72530094846,2/20/2021,41.96017,-87.93164,204.8,CHICAGO OHARE INTERNATIONAL AIRPORT - IL US,16.8,8.0,1027.9,1.9,7.8,4.7,8.0,999.9,28.9,6.1,0.0,16.1,FLAG_ANOMALY_STP,False,False,True,False,False,False
72530094846,2/21/2021,41.96017,-87.93164,204.8,CHICAGO OHARE INTERNATIONAL AIRPORT - IL US,25.6,16.1,1024.3,997.7,9.1,8.0,14.0,24.1,37.0,17.1,0.0,16.1,,True,False,True,False,False,False
72530094846,2/22/2021,41.96017,-87.93164,204.8,CHICAGO OHARE INTERNATIONAL AIRPORT - IL US,32.7,27.6,1008.0,983.2,6.0,13.1,17.1,27.0,37.9,17.2,0.26,14.2,,False,True,True,False,False,False
72530094846,2/23/2021,41.96017,-87.93164,204.8,CHICAGO OHARE INTERNATIONAL AIRPORT - IL US,40.4,30.3,1006.6,982.3,9.9,10.5,15.9,25.1,46.9,28.9,0.0,11.0,,False,False,False,False,False,False
72530094846,2/24/2021,41.96017,-87.93164,204.8,CHICAGO OHARE INTERNATIONAL AIRPORT - IL US,42.0,32.1,1009.1,984.7,10.0,10.3,15.9,22.9,46.9,37.9,0.0,7.1,,False,False,False,False,False,False
72530094846,2/25/2021,41.96017,-87.93164,204.8,CHICAGO OHARE INTERNATIONAL AIRPORT - IL US,33.9,23.9,1025.6,0.5,10.0,6.4,14.0,21.0,45.0,27.0,0.0,5.9,FLAG_ANOMALY_STP,False,False,False,False,False,False
72530094846,2/26/2021,41.96017,-87.93164,204.8,CHICAGO OHARE INTERNATIONAL AIRPORT - IL US,33.6,21.3,1023.7,997.9,10.0,6.4,12.0,999.9,43.0,24.1,0.0,5.1,,False,False,False,False,False,False
72530094846,2/27/2021,41.96017,-87.93164,204.8,CHICAGO OHARE INTERNATIONAL AIRPORT - IL US,40.3,31.2,1014.2,989.5,7.9,6.5,9.9,999.9,52.0,24.3,0.02,3.9,,False,True,True,False,False,False
72530094846,2/28/2021,41.96017,-87.93164,204.8,CHICAGO OHARE INTERNATIONAL AIRPORT - IL US,42.8,38.2,1011.9,986.0,6.2,8.1,19.0,31.1,52.0,33.1,0.0,1.2,,False,True,False,False,False,False
72530094846,3/1/2021,41.96017,-87.93164,204.8,CHICAGO OHARE INTERNATIONAL AIRPORT - IL US,32.5,21.7,1020.0,994.7,10.0,9.8,15.9,24.1,48.9,26.1,0.01,3.1,,False,False,False,False,False,False
72530094846,3/2/2021,41.96017,-87.93164,204.8,CHICAGO OHARE INTERNATIONAL AIRPORT - IL US,29.6,14.5,1026.2,0.2,10.0,6.9,18.1,28.0,43.0,21.9,0.0,999.9,FLAG_ANOMALY_STP,False,False,False,False,False,False
72530094846,3/3/2021,41.96017,-87.93164,204.8,CHICAGO OHARE INTERNATIONAL AIRPORT - IL US,44.3,30.1,1014.6,990.0,10.0,8.6,14.0,22.0,59.0,22.1,0.0,999.9,,False,False,False,False,False,False
72530094846,3/4/2021,41.96017,-87.93164,204.8,CHICAGO OHARE INTERNATIONAL AIRPORT - IL US,35.7,27.0,1024.9,999.6,9.8,11.0,17.1,24.1,59.0,30.9,0.0,999.9,,False,False,False,False,False,False
72530094846,3/5/2021,41.96017,-87.93164,204.8,CHICAGO OHARE INTERNATIONAL AIRPORT - IL US,34.1,20.2,1028.3,2.9,10.0,6.3,12.0,20.0,48.9,24.1,0.0,999.9,FLAG_ANOMALY_STP,False,False,False,False,False,False
72530094846,3/6/2021,41.96017,-87.93164,204.8,CHICAGO OHARE INTERNATIONAL AIRPORT - IL US,36.5,22.9,1027.5,2.3,10.0,3.0,11.1,999.9,48.9,25.2,0.0,999.9,FLAG_ANOMALY_STP,False,False,False,False,False,False
72530094846,3/7/2021,41.96017,-87.93164,204.8,CHICAGO OHARE INTERNATIONAL AIRPORT - IL US,36.5,22.2,1028.6,3.3,10.0,4.5,12.0,15.0,52.0,26.1,0.0,999.9,FLAG_ANOMALY_STP,False,False,False,False,False,False
72530094846,3/8/2021,41.96017,-87.93164,204.8,CHICAGO OHARE INTERNATIONAL AIRPORT - IL US,50.8,32.3,1025.3,0.3,10.0,10.9,18.1,27.0,62.1,44.1,0.0,999.9,FLAG_ANOMALY_STP,False,False,False,False,False,False
72530094846,3/9/2021,41.96017,-87.93164,204.8,CHICAGO OHARE INTERNATIONAL AIRPORT - IL US,52.6,36.1,1024.0,999.0,10.0,5.9,18.1,31.1,69.1,39.9,0.0,999.9,,False,False,False,False,False,False
72530094846,3/10/2021,41.96017,-87.93164,204.8,CHICAGO OHARE INTERNATIONAL AIRPORT - IL US,61.0,42.5,1014.7,990.1,10.0,14.7,20.0,35.0,69.1,57.0,0.0,999.9,,False,True,False,False,False,False
72530094846,3/11/2021,41.96017,-87.93164,204.8,CHICAGO OHARE INTERNATIONAL AIRPORT - IL US,55.3,43.5,1013.6,989.1,10.0,16.1,26.0,47.0,69.1,45.0,0.16,999.9,,False,True,False,False,False,False
72530094846,3/12/2021,41.96017,-87.93164,204.8,CHICAGO OHARE INTERNATIONAL AIRPORT - IL US,45.2,29.1,1027.4,2.6,10.0,7.4,11.1,999.9,64.0,37.0,0.0,999.9,FLAG_ANOMALY_STP,False,False,False,False,False,False
72530094846,3/13/2021,41.96017,-87.93164,204.8,CHICAGO OHARE INTERNATIONAL AIRPORT - IL US,43.2,24.7,1031.0,5.7,10.0,4.8,8.9,999.9,59.0,30.9,0.0,999.9,FLAG_ANOMALY_STP,False,False,False,False,False,False
72530094846,3/14/2021,41.96017,-87.93164,204.8,CHICAGO OHARE INTERNATIONAL AIRPORT - IL US,45.4,26.4,1027.5,2.6,10.0,11.8,22.9,31.1,59.0,31.1,0.0,999.9,FLAG_ANOMALY_STP,False,False,False,False,False,False
72530094846,3/15/2021,41.96017,-87.93164,204.8,CHICAGO OHARE INTERNATIONAL AIRPORT - IL US,35.0,22.6,1025.9,999.2,7.9,16.0,22.9,31.1,48.0,28.9,0.0,2.0,,True,True,True,False,False,False
72530094846,3/16/2021,41.96017,-87.93164,204.8,CHICAGO OHARE INTERNATIONAL AIRPORT - IL US,34.8,30.1,1016.3,990.7,5.5,6.4,17.1,26.0,39.9,28.9,0.23,1.2,FLAG_SPARSE_SLP_OBSERVATIONS,False,True,False,False,False,False
72530094846,3/17/2021,41.96017,-87.93164,204.8,CHICAGO OHARE INTERNATIONAL AIRPORT - IL US,35.7,30.3,1016.8,991.6,7.5,8.0,20.0,25.1,39.0,33.1,0.0,1.2,,False,True,False,False,False,False
72530094846,3/18/2021,41.96017,-87.93164,204.8,CHICAGO OHARE INTERNATIONAL AIRPORT - IL US,38.6,33.2,1014.5,989.6,7.9,23.8,31.1,42.9,43.0,34.0,0.4,999.9,,False,True,False,False,False,False
72530094846,3/19/2021,41.96017,-87.93164,204.8,CHICAGO OHARE INTERNATIONAL AIRPORT - IL US,39.0,21.4,1030.6,5.5,10.0,14.0,22.9,31.1,45.0,35.1,0.03,999.9,FLAG_ANOMALY_STP,False,False,False,False,False,False
72530094846,3/20/2021,41.96017,-87.93164,204.8,CHICAGO OHARE INTERNATIONAL AIRPORT - IL US,40.9,23.1,1033.3,7.8,10.0,4.5,11.1,999.9,57.9,28.0,0.0,999.9,FLAG_ANOMALY_STP,False,False,False,False,False,False
72530094846,3/21/2021,41.96017,-87.93164,204.8,CHICAGO OHARE INTERNATIONAL AIRPORT - IL US,49.8,26.8,1026.8,1.6,10.0,7.8,15.0,22.9,64.9,28.2,0.0,999.9,FLAG_ANOMALY_STP,False,False,False,False,False,False
72530094846,3/22/2021,41.96017,-87.93164,204.8,CHICAGO OHARE INTERNATIONAL AIRPORT - IL US,56.5,29.0,1018.8,994.1,10.0,9.5,14.0,26.0,68.0,37.0,0.0,999.9,,False,False,False,False,False,False
72530094846,3/23/2021,41.96017,-87.93164,204.8,CHICAGO OHARE INTERNATIONAL AIRPORT - IL US,56.8,41.0,1013.0,988.3,9.6,7.0,15.0,22.9,68.0,46.0,0.0,999.9,,False,True,False,False,False,False
72530094846,3/24/2021,41.96017,-87.93164,204.8,CHICAGO OHARE INTERNATIONAL AIRPORT - IL US,55.2,48.5,1004.2,980.0,9.5,13.4,21.0,35.9,64.0,50.0,0.24,999.9,,False,True,False,False,False,False
72530094846,3/25/2021,41.96017,-87.93164,204.8,CHICAGO OHARE INTERNATIONAL AIRPORT - IL US,47.0,40.0,1011.3,986.8,9.8,8.4,15.9,27.0,57.9,42.1,0.01,999.9,,False,True,False,False,False,False
72530094846,3/26/2021,41.96017,-87.93164,204.8,CHICAGO OHARE INTERNATIONAL AIRPORT - IL US,39.3,33.9,1012.8,987.8,9.6,9.6,22.0,28.0,50.0,35.1,0.18,999.9,,False,True,False,False,False,False
72530094846,3/27/2021,41.96017,-87.93164,204.8,CHICAGO OHARE INTERNATIONAL AIRPORT - IL US,47.2,39.6,1015.2,990.6,8.8,6.5,15.9,24.1,66.0,35.1,0.0,999.9,,False,False,False,False,False,False
72530094846,3/28/2021,41.96017,-87.93164,204.8,CHICAGO OHARE INTERNATIONAL AIRPORT - IL US,47.6,34.0,1011.2,985.9,9.9,15.0,24.1,34.0,66.0,36.0,0.0,999.9,,False,True,False,False,False,False
72530094846,3/29/2021,41.96017,-87.93164,204.8,CHICAGO OHARE INTERNATIONAL AIRPORT - IL US,43.6,25.7,1019.1,993.8,10.0,9.7,20.0,36.9,62.1,30.9,0.0,999.9,,False,False,False,False,False,False
72530094846,3/30/2021,41.96017,-87.93164,204.8,CHICAGO OHARE INTERNATIONAL AIRPORT - IL US,56.8,35.1,1008.6,984.3,10.0,17.5,22.9,38.1,66.9,48.9,0.0,999.9,,False,False,False,False,False,False
72530094846,3/31/2021,41.96017,-87.93164,204.8,CHICAGO OHARE INTERNATIONAL AIRPORT - IL US,42.1,18.8,1018.3,994.0,10.0,11.7,15.9,25.1,68.0,34.0,0.0,999.9,,False,True,False,False,False,False
72530094846,4/1/2021,41.96017,-87.93164,204.8,CHICAGO OHARE INTERNATIONAL AIRPORT - IL US,33.4,12.4,1030.4,5.3,10.0,12.3,15.9,22.9,44.1,24.1,0.0,999.9,FLAG_ANOMALY_STP,False,False,False,False,False,False
72530094846,4/2/2021,41.96017,-87.93164,204.8,CHICAGO OHARE INTERNATIONAL AIRPORT - IL US,36.0,16.1,1033.2,7.4,10.0,5.9,14.0,19.0,51.1,24.1,0.0,999.9,FLAG_ANOMALY_STP,False,False,False,False,False,False
72530094846,4/3/2021,41.96017,-87.93164,204.8,CHICAGO OHARE INTERNATIONAL AIRPORT - IL US,51.3,23.0,1022.1,997.0,10.0,12.9,18.1,28.0,71.1,26.2,0.0,999.9,,False,False,False,False,False,False
72530094846,4/4/2021,41.96017,-87.93164,204.8,CHICAGO OHARE INTERNATIONAL AIRPORT - IL US,59.8,37.1,1019.8,995.2,10.0,4.4,13.0,21.0,75.9,39.9,0.0,999.9,,False,False,False,False,False,False
72530094846,4/5/2021,41.96017,-87.93164,204.8,CHICAGO OHARE INTERNATIONAL AIRPORT - IL US,67.0,46.7,1013.5,989.2,10.0,9.9,17.1,24.1,75.9,60.1,0.0,999.9,,False,True,False,False,False,False
72530094846,4/6/2021,41.96017,-87.93164,204.8,CHICAGO OHARE INTERNATIONAL AIRPORT - IL US,69.7,48.4,1010.6,986.6,10.0,9.5,14.0,24.1,81.0,59.0,0.0,999.9,,False,False,False,False,False,False
72530094846,4/7/2021,41.96017,-87.93164,204.8,CHICAGO OHARE INTERNATIONAL AIRPORT - IL US,70.2,51.6,1008.9,984.7,10.0,8.7,15.9,32.1,82.0,59.0,0.0,999.9,,False,True,False,False,False,False
72530094846,4/8/2021,41.96017,-87.93164,204.8,CHICAGO OHARE INTERNATIONAL AIRPORT - IL US,63.5,54.9,1002.4,978.0,9.2,7.6,15.0,24.1,82.0,55.0,0.03,999.9,,False,True,False,False,False,False
72530094846,4/9/2021,41.96017,-87.93164,204.8,CHICAGO OHARE INTERNATIONAL AIRPORT - IL US,54.1,46.9,1002.6,978.4,9.4,10.8,19.0,31.1,69.1,51.1,0.33,999.9,,False,True,False,False,False,False
72530094846,4/10/2021,41.96017,-87.93164,204.8,CHICAGO OHARE INTERNATIONAL AIRPORT - IL US,52.8,47.3,1004.1,978.7,8.6,7.4,15.0,22.0,62.1,46.9,0.0,999.9,,False,True,False,False,False,False
72530094846,4/11/2021,41.96017,-87.93164,204.8,CHICAGO OHARE INTERNATIONAL AIRPORT - IL US,50.1,44.3,994.1,969.8,9.3,4.7,9.9,999.9,55.9,45.0,0.26,999.9,,False,True,False,False,False,False
72530094846,4/12/2021,41.96017,-87.93164,204.8,CHICAGO OHARE INTERNATIONAL AIRPORT - IL US,54.5,43.8,1004.9,980.3,9.8,8.9,19.0,29.9,62.1,45.0,0.01,999.9,,False,True,False,False,False,False
72530094846,4/13/2021,41.96017,-87.93164,204.8,CHICAGO OHARE INTERNATIONAL AIRPORT - IL US,49.4,32.8,1016.7,992.3,10.0,10.1,17.1,28.0,62.1,42.1,0.0,999.9,,False,False,False,False,False,False
72530094846,4/14/2021,41.96017,-87.93164,204.8,CHICAGO OHARE INTERNATIONAL AIRPORT - IL US,44.3,26.4,1019.4,994.6,10.0,8.2,15.9,22.0,54.0,36.0,0.0,999.9,,False,False,False,False,False,False
72530094846,4/15/2021,41.96017,-87.93164,204.8,CHICAGO OHARE INTERNATIONAL AIRPORT - IL US,44.7,30.6,1017.0,992.2,10.0,9.4,14.0,21.0,55.9,36.0,0.0,999.9,,False,False,False,False,False,False
72530094846,4/16/2021,41.96017,-87.93164,204.8,CHICAGO OHARE INTERNATIONAL AIRPORT - IL US,46.9,35.3,1015.9,991.1,10.0,5.4,9.9,999.9,57.0,39.0,0.0,999.9,,False,False,False,False,False,False
72530094846,4/17/2021,41.96017,-87.93164,204.8,CHICAGO OHARE INTERNATIONAL AIRPORT - IL US,44.1,33.3,1014.5,989.8,10.0,6.4,11.1,999.9,57.0,35.1,0.0,999.9,,False,False,False,False,False,False
72530094846,4/18/2021,41.96017,-87.93164,204.8,CHICAGO OHARE INTERNATIONAL AIRPORT - IL US,49.2,27.3,1013.4,988.6,10.0,4.5,11.1,15.9,62.1,35.1,0.0,999.9,,False,False,False,False,False,False
72530094846,4/19/2021,41.96017,-87.93164,204.8,CHICAGO OHARE INTERNATIONAL AIRPORT - IL US,50.9,31.9,1010.1,985.8,10.0,9.4,14.0,21.0,62.1,39.0,0.0,999.9,,False,True,False,False,False,False
72530094846,4/20/2021,41.96017,-87.93164,204.8,CHICAGO OHARE INTERNATIONAL AIRPORT - IL US,40.2,24.0,1016.7,992.3,9.1,6.9,12.0,999.9,52.0,34.0,0.0,999.9,,False,False,True,False,False,False
72530094846,4/21/2021,41.96017,-87.93164,204.8,CHICAGO OHARE INTERNATIONAL AIRPORT - IL US,39.1,23.9,1018.9,993.9,9.7,7.8,22.0,33.0,50.0,34.0,0.0,999.9,,False,False,False,False,False,False
72530094846,4/22/2021,41.96017,-87.93164,204.8,CHICAGO OHARE INTERNATIONAL AIRPORT - IL US,41.7,25.5,1018.9,993.9,9.8,6.3,15.0,22.9,60.1,32.0,0.0,999.9,,False,False,False,False,False,False
72530094846,4/23/2021,41.96017,-87.93164,204.8,CHICAGO OHARE INTERNATIONAL AIRPORT - IL US,52.8,27.1,1016.7,992.0,10.0,9.9,15.0,22.9,62.1,32.0,0.0,999.9,,False,False,False,False,False,False
72530094846,4/24/2021,41.96017,-87.93164,204.8,CHICAGO OHARE INTERNATIONAL AIRPORT - IL US,55.4,40.9,1012.1,987.5,10.0,3.3,14.0,999.9,64.0,43.0,0.0,999.9,,False,True,False,False,False,False
72530094846,4/25/2021,41.96017,-87.93164,204.8,CHICAGO OHARE INTERNATIONAL AIRPORT - IL US,46.2,33.6,1016.3,991.7,9.9,10.4,18.1,20.0,64.0,39.9,0.0,999.9,,False,True,False,False,False,False
72530094846,4/26/2021,41.96017,-87.93164,204.8,CHICAGO OHARE INTERNATIONAL AIRPORT - IL US,52.8,31.7,1015.2,990.0,10.0,12.2,24.1,41.0,79.0,39.0,0.0,999.9,,False,False,False,False,False,False
72530094846,4/27/2021,41.96017,-87.93164,204.8,CHICAGO OHARE INTERNATIONAL AIRPORT - IL US,73.3,50.3,1005.9,982.0,10.0,13.2,17.1,27.0,86.0,64.9,0.0,999.9,,False,False,False,False,False,False
72530094846,4/29/2021,41.96017,-87.93164,204.8,CHICAGO OHARE INTERNATIONAL AIRPORT - IL US,53.5,45.2,1010.4,986.0,9.2,8.3,12.0,15.9,71.1,46.9,0.04,999.9,,False,True,False,False,False,False
72530094846,4/30/2021,41.96017,-87.93164,204.8,CHICAGO OHARE INTERNATIONAL AIRPORT - IL US,53.1,37.4,1017.5,993.3,10.0,10.4,22.9,27.0,71.1,46.9,0.04,999.9,,False,False,False,False,False,False
72530094846,5/1/2021,41.96017,-87.93164,204.8,CHICAGO OHARE INTERNATIONAL AIRPORT - IL US,55.9,34.3,1015.4,990.2,10.0,12.8,27.0,41.0,84.9,42.1,0.0,999.9,,False,False,False,False,False,False
72530094846,5/2/2021,41.96017,-87.93164,204.8,CHICAGO OHARE INTERNATIONAL AIRPORT - IL US,74.4,50.4,1003.5,979.6,10.0,13.6,22.0,29.9,84.0,63.0,0.0,999.9,,False,False,False,False,False,False
72530094846,5/3/2021,41.96017,-87.93164,204.8,CHICAGO OHARE INTERNATIONAL AIRPORT - IL US,65.4,57.0,1001.5,977.7,9.5,9.7,19.0,28.9,84.9,59.0,0.01,999.9,,False,True,False,False,False,False
72530094846,5/4/2021,41.96017,-87.93164,204.8,CHICAGO OHARE INTERNATIONAL AIRPORT - IL US,56.9,51.0,1007.8,983.3,9.9,8.0,11.1,15.0,73.0,52.0,0.06,999.9,,False,True,False,False,False,False
72530094846,5/5/2021,41.96017,-87.93164,204.8,CHICAGO OHARE INTERNATIONAL AIRPORT - IL US,51.2,37.1,1017.1,992.7,10.0,7.9,15.0,22.0,61.0,41.0,0.0,999.9,,False,False,False,False,False,False
72530094846,5/6/2021,41.96017,-87.93164,204.8,CHICAGO OHARE INTERNATIONAL AIRPORT - IL US,49.2,35.2,1019.5,994.7,10.0,7.2,13.0,999.9,61.0,41.0,0.05,999.9,,False,True,False,False,False,False
72530094846,5/7/2021,41.96017,-87.93164,204.8,CHICAGO OHARE INTERNATIONAL AIRPORT - IL US,50.2,32.4,1016.3,991.7,10.0,8.0,17.1,24.1,60.1,44.1,0.01,999.9,,False,False,False,False,False,False
72530094846,5/8/2021,41.96017,-87.93164,204.8,CHICAGO OHARE INTERNATIONAL AIRPORT - IL US,45.0,32.5,1019.7,994.9,9.6,6.0,15.0,999.9,60.1,37.0,0.0,999.9,,False,False,False,False,False,False
72530094846,5/9/2021,41.96017,-87.93164,204.8,CHICAGO OHARE INTERNATIONAL AIRPORT - IL US,46.1,34.8,1014.7,990.0,9.4,10.7,17.1,24.1,57.0,37.0,0.12,999.9,,False,True,False,False,False,False
72530094846,5/10/2021,41.96017,-87.93164,204.8,CHICAGO OHARE INTERNATIONAL AIRPORT - IL US,46.2,33.4,1019.6,995.1,10.0,7.8,15.0,15.9,57.0,39.0,0.1,999.9,,False,False,False,False,False,False
72530094846,5/11/2021,41.96017,-87.93164,204.8,CHICAGO OHARE INTERNATIONAL AIRPORT - IL US,46.3,30.2,1025.9,1.2,10.0,7.4,15.9,22.0,55.9,36.0,0.0,999.9,FLAG_ANOMALY_STP,False,False,False,False,False,False
72530094846,5/12/2021,41.96017,-87.93164,204.8,CHICAGO OHARE INTERNATIONAL AIRPORT - IL US,49.8,27.0,1030.7,5.7,10.0,4.8,12.0,17.1,62.1,36.0,0.0,999.9,FLAG_ANOMALY_STP,False,False,False,False,False,False
72530094846,5/13/2021,41.96017,-87.93164,204.8,CHICAGO OHARE INTERNATIONAL AIRPORT - IL US,55.4,24.1,1029.1,4.2,10.0,4.0,8.9,999.9,70.0,37.0,0.0,999.9,FLAG_ANOMALY_STP,False,False,False,False,False,False
72530094846,5/14/2021,41.96017,-87.93164,204.8,CHICAGO OHARE INTERNATIONAL AIRPORT - IL US,60.3,27.5,1025.7,1.1,10.0,5.5,11.1,999.9,71.1,41.0,0.0,999.9,FLAG_ANOMALY_STP,False,False,False,False,False,False
72530094846,5/15/2021,41.96017,-87.93164,204.8,CHICAGO OHARE INTERNATIONAL AIRPORT - IL US,58.6,37.9,1022.8,998.2,10.0,6.9,12.0,24.1,71.1,48.0,0.0,999.9,,False,True,False,False,False,False
72530094846,5/16/2021,41.96017,-87.93164,204.8,CHICAGO OHARE INTERNATIONAL AIRPORT - IL US,61.7,47.0,1021.1,996.6,10.0,3.5,8.0,999.9,72.0,55.0,0.01,999.9,,False,False,False,False,False,False
72530094846,5/17/2021,41.96017,-87.93164,204.8,CHICAGO OHARE INTERNATIONAL AIRPORT - IL US,63.5,48.7,1021.0,996.7,10.0,5.9,11.1,999.9,72.0,55.0,0.0,999.9,,False,False,False,False,False,False
72530094846,5/18/2021,41.96017,-87.93164,204.8,CHICAGO OHARE INTERNATIONAL AIRPORT - IL US,65.2,54.6,1022.1,997.7,10.0,8.8,18.1,24.1,75.9,55.9,0.0,999.9,,False,True,False,False,False,False
72530094846,5/19/2021,41.96017,-87.93164,204.8,CHICAGO OHARE INTERNATIONAL AIRPORT - IL US,68.7,61.2,1021.1,997.0,9.6,9.5,15.9,26.0,75.9,57.9,0.07,999.9,,False,True,False,False,False,False
72530094846,5/20/2021,41.96017,-87.93164,204.8,CHICAGO OHARE INTERNATIONAL AIRPORT - IL US,74.1,60.4,1022.6,998.4,10.0,9.2,17.1,25.1,86.0,66.0,0.04,999.9,,False,True,False,False,False,False
72530094846,5/21/2021,41.96017,-87.93164,204.8,CHICAGO OHARE INTERNATIONAL AIRPORT - IL US,77.3,58.3,1024.7,0.7,10.0,8.9,15.0,25.1,86.0,66.0,0.0,999.9,FLAG_ANOMALY_STP,False,False,False,False,False,False
72530094846,5/22/2021,41.96017,-87.93164,204.8,CHICAGO OHARE INTERNATIONAL AIRPORT - IL US,77.6,61.0,1026.1,1.7,10.0,5.1,11.1,19.0,88.0,69.1,0.0,999.9,FLAG_ANOMALY_STP,False,False,False,False,False,False
72530094846,5/23/2021,41.96017,-87.93164,204.8,CHICAGO OHARE INTERNATIONAL AIRPORT - IL US,75.3,63.6,1022.0,997.9,9.9,6.9,11.1,14.0,84.9,60.1,0.0,999.9,,False,True,False,False,False,False
72530094846,5/24/2021,41.96017,-87.93164,204.8,CHICAGO OHARE INTERNATIONAL AIRPORT - IL US,68.5,56.5,1019.4,995.5,7.3,6.1,12.0,20.0,89.1,55.4,0.02,999.9,,True,True,False,False,False,False
72530094846,5/25/2021,41.96017,-87.93164,204.8,CHICAGO OHARE INTERNATIONAL AIRPORT - IL US,79.0,58.1,1015.1,991.2,10.0,10.4,21.0,32.1,86.0,73.0,0.0,999.9,,False,True,False,False,False,False
72530094846,5/26/2021,41.96017,-87.93164,204.8,CHICAGO OHARE INTERNATIONAL AIRPORT - IL US,72.8,58.8,1014.2,990.1,9.0,10.7,21.0,26.0,84.9,64.9,0.77,999.9,,False,True,False,False,True,False
72530094846,5/27/2021,41.96017,-87.93164,204.8,CHICAGO OHARE INTERNATIONAL AIRPORT - IL US,57.3,45.3,1019.3,994.7,9.9,13.3,20.0,28.9,82.0,50.0,0.74,999.9,,False,True,False,False,False,False
72530094846,5/28/2021,41.96017,-87.93164,204.8,CHICAGO OHARE INTERNATIONAL AIRPORT - IL US,48.2,42.8,1014.7,990.7,8.4,18.4,27.0,35.0,59.0,44.1,0.24,999.9,,False,True,False,False,True,False
72530094846,5/29/2021,41.96017,-87.93164,204.8,CHICAGO OHARE INTERNATIONAL AIRPORT - IL US,51.4,31.4,1021.9,997.2,9.8,13.1,18.1,28.9,60.1,44.1,0.29,999.9,,False,True,False,False,False,False
72530094846,5/30/2021,41.96017,-87.93164,204.8,CHICAGO OHARE INTERNATIONAL AIRPORT - IL US,55.7,32.7,1024.8,0.0,10.0,4.8,11.1,999.9,69.1,42.1,0.0,999.9,FLAG_ANOMALY_STP,False,False,False,False,False,False
72530094846,5/31/2021,41.96017,-87.93164,204.8,CHICAGO OHARE INTERNATIONAL AIRPORT - IL US,62.7,40.5,1023.9,999.4,10.0,6.0,13.0,17.1,70.0,42.1,0.0,999.9,,False,False,False,False,False,False
72530094846,6/1/2021,41.96017,-87.93164,204.8,CHICAGO OHARE INTERNATIONAL AIRPORT - IL US,63.2,46.1,1022.6,998.0,9.7,3.9,11.1,999.9,77.0,50.0,0.0,999.9,,False,False,False,False,False,False
72530094846,6/2/2021,41.96017,-87.93164,204.8,CHICAGO OHARE INTERNATIONAL AIRPORT - IL US,67.3,47.5,1017.0,992.6,10.0,5.2,9.9,14.0,78.1,50.0,0.0,999.9,,False,False,False,False,False,False
72530094846,6/3/2021,41.96017,-87.93164,204.8,CHICAGO OHARE INTERNATIONAL AIRPORT - IL US,70.7,48.9,1011.9,987.8,9.9,4.4,8.9,999.9,87.1,55.9,0.0,999.9,,False,False,False,False,False,False
72530094846,6/4/2021,41.96017,-87.93164,204.8,CHICAGO OHARE INTERNATIONAL AIRPORT - IL US,79.8,50.4,1011.8,988.1,10.0,8.6,15.9,25.1,90.0,71.1,0.0,999.9,,False,True,False,False,False,False
72530094846,6/5/2021,41.96017,-87.93164,204.8,CHICAGO OHARE INTERNATIONAL AIRPORT - IL US,80.6,54.8,1011.8,987.9,10.0,10.7,17.1,22.9,91.9,69.1,0.0,999.9,,False,False,False,False,False,False
72530094846,6/6/2021,41.96017,-87.93164,204.8,CHICAGO OHARE INTERNATIONAL AIRPORT - IL US,81.5,59.2,1012.0,988.2,10.0,10.2,15.9,28.9,91.9,69.1,0.0,999.9,,False,False,False,False,False,False
72530094846,6/7/2021,41.96017,-87.93164,204.8,CHICAGO OHARE INTERNATIONAL AIRPORT - IL US,77.5,67.5,1012.4,988.8,9.9,7.3,9.9,15.9,89.1,72.0,0.0,999.9,,False,True,False,False,False,False
72530094846,6/8/2021,41.96017,-87.93164,204.8,CHICAGO OHARE INTERNATIONAL AIRPORT - IL US,77.5,67.8,1014.7,990.8,9.8,3.5,8.0,999.9,91.0,71.1,0.0,999.9,,False,True,False,False,False,False
72530094846,6/9/2021,41.96017,-87.93164,204.8,CHICAGO OHARE INTERNATIONAL AIRPORT - IL US,79.9,66.7,1015.7,991.8,10.0,4.4,9.9,17.1,91.0,71.1,0.01,999.9,,False,False,False,False,False,False
72530094846,6/10/2021,41.96017,-87.93164,204.8,CHICAGO OHARE INTERNATIONAL AIRPORT - IL US,77.3,65.0,1014.0,990.0,10.0,5.1,9.9,999.9,90.0,66.0,0.0,999.9,,False,False,False,False,False,False
72530094846,6/11/2021,41.96017,-87.93164,204.8,CHICAGO OHARE INTERNATIONAL AIRPORT - IL US,81.2,66.3,1010.0,986.2,10.0,4.0,8.9,999.9,91.9,66.0,0.0,999.9,,False,False,False,False,False,False
72530094846,6/12/2021,41.96017,-87.93164,204.8,CHICAGO OHARE INTERNATIONAL AIRPORT - IL US,79.9,67.8,1009.7,986.1,9.3,4.8,20.0,35.0,93.0,68.0,0.0,999.9,,False,True,False,False,True,False
72530094846,6/13/2021,41.96017,-87.93164,204.8,CHICAGO OHARE INTERNATIONAL AIRPORT - IL US,77.9,58.8,1013.3,989.5,10.0,6.1,8.9,14.0,93.0,66.0,1.5,999.9,,False,False,False,False,False,False
72530094846,6/14/2021,41.96017,-87.93164,204.8,CHICAGO OHARE INTERNATIONAL AIRPORT - IL US,75.3,52.8,1012.8,989.1,10.0,10.4,19.0,24.1,87.1,64.9,0.0,999.9,,False,False,False,False,False,False
72530094846,6/15/2021,41.96017,-87.93164,204.8,CHICAGO OHARE INTERNATIONAL AIRPORT - IL US,70.5,52.7,1017.7,993.8,10.0,7.1,14.0,20.0,82.9,62.1,0.0,999.9,,False,False,False,False,False,False
72530094846,6/16/2021,41.96017,-87.93164,204.8,CHICAGO OHARE INTERNATIONAL AIRPORT - IL US,67.1,44.9,1019.3,995.0,10.0,7.5,15.0,15.9,77.0,55.9,0.0,999.9,,False,False,False,False,False,False
72530094846,6/17/2021,41.96017,-87.93164,204.8,CHICAGO OHARE INTERNATIONAL AIRPORT - IL US,71.5,46.0,1015.3,991.1,10.0,5.7,15.0,21.0,88.0,55.9,0.0,999.9,,False,True,False,False,True,False
72530094846,6/18/2021,41.96017,-87.93164,204.8,CHICAGO OHARE INTERNATIONAL AIRPORT - IL US,80.9,62.5,1008.3,984.8,10.0,8.7,28.9,40.0,90.0,57.9,0.24,999.9,,False,True,False,False,True,False
72530094846,6/19/2021,41.96017,-87.93164,204.8,CHICAGO OHARE INTERNATIONAL AIRPORT - IL US,79.5,62.2,1007.4,983.6,10.0,7.8,18.1,26.0,90.0,66.9,0.01,999.9,,False,False,False,False,False,False
72530094846,6/20/2021,41.96017,-87.93164,204.8,CHICAGO OHARE INTERNATIONAL AIRPORT - IL US,72.3,63.0,1005.9,981.9,9.8,5.7,12.0,999.9,90.0,62.1,0.0,999.9,,False,True,False,False,False,False
72530094846,6/21/2021,41.96017,-87.93164,204.8,CHICAGO OHARE INTERNATIONAL AIRPORT - IL US,69.8,57.8,1003.9,979.2,9.4,10.7,26.0,34.0,82.0,62.1,1.85,999.9,,False,True,False,False,True,False
72530094846,6/22/2021,41.96017,-87.93164,204.8,CHICAGO OHARE INTERNATIONAL AIRPORT - IL US,62.9,44.8,1014.0,989.8,10.0,7.7,15.9,22.9,73.0,54.0,0.0,999.9,,False,False,False,False,False,False
72530094846,6/23/2021,41.96017,-87.93164,204.8,CHICAGO OHARE INTERNATIONAL AIRPORT - IL US,68.9,52.0,1015.4,991.3,10.0,10.1,19.0,29.9,79.0,54.0,0.0,999.9,,False,True,False,False,False,False
72530094846,6/24/2021,41.96017,-87.93164,204.8,CHICAGO OHARE INTERNATIONAL AIRPORT - IL US,71.9,57.8,1014.5,990.5,9.0,11.0,17.1,27.0,79.0,64.9,0.02,999.9,,False,True,False,False,True,False
72530094846,6/25/2021,41.96017,-87.93164,204.8,CHICAGO OHARE INTERNATIONAL AIRPORT - IL US,72.0,69.1,1011.9,987.7,7.9,9.2,15.9,26.0,75.9,68.0,1.49,999.9,FLAG_SPARSE_SLP_OBSERVATIONS,False,True,False,False,True,False
72530094846,6/26/2021,41.96017,-87.93164,204.8,CHICAGO OHARE INTERNATIONAL AIRPORT - IL US,75.0,70.5,1009.0,985.0,9.2,7.6,14.0,22.0,82.0,70.0,0.45,999.9,,False,True,False,False,True,False
72530094846,6/27/2021,41.96017,-87.93164,204.8,CHICAGO OHARE INTERNATIONAL AIRPORT - IL US,76.5,69.2,1010.4,987.0,10.0,11.5,17.1,28.9,82.9,70.0,0.46,999.9,,False,True,False,False,False,False
72530094846,6/28/2021,41.96017,-87.93164,204.8,CHICAGO OHARE INTERNATIONAL AIRPORT - IL US,71.9,65.2,1018.3,994.4,9.9,5.6,12.0,999.9,82.9,66.0,0.0,999.9,,False,True,False,False,False,False
72530094846,6/29/2021,41.96017,-87.93164,204.8,CHICAGO OHARE INTERNATIONAL AIRPORT - IL US,76.2,71.0,1019.7,995.9,9.5,5.9,11.1,17.1,84.0,66.0,0.17,999.9,,False,True,False,False,True,False
72530094846,6/30/2021,41.96017,-87.93164,204.8,CHICAGO OHARE INTERNATIONAL AIRPORT - IL US,76.8,68.7,1018.3,994.1,9.7,4.9,15.0,22.9,84.0,71.1,0.29,999.9,,False,True,False,False,True,False
72530094846,7/1/2021,41.96017,-87.93164,204.8,CHICAGO OHARE INTERNATIONAL AIRPORT - IL US,71.3,62.3,1016.2,992.0,10.0,10.3,18.1,25.1,82.9,66.0,0.29,999.9,,False,True,False,False,False,False
72530094846,7/2/2021,41.96017,-87.93164,204.8,CHICAGO OHARE INTERNATIONAL AIRPORT - IL US,64.8,54.5,1018.5,994.3,10.0,7.7,14.0,999.9,75.9,57.0,0.0,999.9,,False,False,False,False,False,False
72530094846,7/3/2021,41.96017,-87.93164,204.8,CHICAGO OHARE INTERNATIONAL AIRPORT - IL US,70.4,55.1,1016.5,992.2,10.0,6.4,12.0,19.0,86.0,57.0,0.0,999.9,,False,False,False,False,False,False
72530094846,7/4/2021,41.96017,-87.93164,204.8,CHICAGO OHARE INTERNATIONAL AIRPORT - IL US,79.1,64.3,1013.5,989.7,10.0,6.4,11.1,15.0,89.1,59.0,0.0,999.9,,False,False,False,False,False,False
72530094846,7/5/2021,41.96017,-87.93164,204.8,CHICAGO OHARE INTERNATIONAL AIRPORT - IL US,81.6,67.7,1013.9,990.1,10.0,10.2,18.1,26.0,91.0,70.0,0.0,999.9,,False,False,False,False,False,False
72530094846,7/6/2021,41.96017,-87.93164,204.8,CHICAGO OHARE INTERNATIONAL AIRPORT - IL US,83.4,67.7,1015.1,991.4,10.0,9.6,13.0,22.9,91.0,73.0,0.0,999.9,,False,False,False,False,False,False
72530094846,7/7/2021,41.96017,-87.93164,204.8,CHICAGO OHARE INTERNATIONAL AIRPORT - IL US,80.5,67.6,1012.7,988.9,10.0,7.3,18.1,25.1,91.0,73.0,0.0,999.9,,False,False,False,False,False,False
72530094846,7/8/2021,41.96017,-87.93164,204.8,CHICAGO OHARE INTERNATIONAL AIRPORT - IL US,66.7,61.1,1012.3,988.4,10.0,7.1,12.0,999.9,89.1,63.0,0.0,999.9,,False,True,False,False,False,False
72530094846,7/9/2021,41.96017,-87.93164,204.8,CHICAGO OHARE INTERNATIONAL AIRPORT - IL US,66.4,53.7,1016.8,992.6,10.0,6.8,11.1,15.9,75.9,59.0,0.0,999.9,,False,False,False,False,False,False
72530094846,7/10/2021,41.96017,-87.93164,204.8,CHICAGO OHARE INTERNATIONAL AIRPORT - IL US,69.3,57.7,1015.6,991.4,10.0,7.5,13.0,15.9,75.9,59.0,0.0,999.9,,False,True,False,False,False,False
72530094846,7/11/2021,41.96017,-87.93164,204.8,CHICAGO OHARE INTERNATIONAL AIRPORT - IL US,67.8,63.2,1013.1,989.0,8.8,11.5,15.9,26.0,75.9,63.0,0.15,999.9,,False,True,False,False,False,False
72530094846,7/12/2021,41.96017,-87.93164,204.8,CHICAGO OHARE INTERNATIONAL AIRPORT - IL US,69.7,63.5,1015.9,991.8,10.0,8.1,14.0,18.1,73.9,66.0,0.05,999.9,,False,True,False,False,False,False
72530094846,7/13/2021,41.96017,-87.93164,204.8,CHICAGO OHARE INTERNATIONAL AIRPORT - IL US,71.1,66.6,1015.6,991.6,6.6,5.5,9.9,999.9,80.1,66.9,0.04,999.9,,False,True,False,False,False,False
72530094846,7/14/2021,41.96017,-87.93164,204.8,CHICAGO OHARE INTERNATIONAL AIRPORT - IL US,76.3,66.5,1018.3,994.2,10.0,6.8,13.0,20.0,84.0,68.0,0.0,999.9,,False,True,False,False,False,False
72530094846,7/15/2021,41.96017,-87.93164,204.8,CHICAGO OHARE INTERNATIONAL AIRPORT - IL US,75.4,68.4,1014.0,990.3,9.8,9.9,15.9,28.9,84.0,69.1,0.12,999.9,,False,True,False,False,False,False
72530094846,7/16/2021,41.96017,-87.93164,204.8,CHICAGO OHARE INTERNATIONAL AIRPORT - IL US,68.9,64.5,1015.3,991.2,8.7,9.1,15.0,999.9,79.0,64.9,1.04,999.9,,False,True,False,False,False,False
72530094846,7/17/2021,41.96017,-87.93164,204.8,CHICAGO OHARE INTERNATIONAL AIRPORT - IL US,70.6,62.5,1017.7,993.7,10.0,9.8,15.9,22.9,77.0,64.0,0.04,999.9,,False,True,False,False,False,False
72530094846,7/18/2021,41.96017,-87.93164,204.8,CHICAGO OHARE INTERNATIONAL AIRPORT - IL US,72.7,62.0,1021.7,997.6,10.0,7.7,12.0,15.0,82.0,63.0,0.0,999.9,,False,False,False,False,False,False
72530094846,7/19/2021,41.96017,-87.93164,204.8,CHICAGO OHARE INTERNATIONAL AIRPORT - IL US,73.4,62.6,1021.4,997.2,10.0,5.5,8.9,999.9,84.9,63.0,0.0,999.9,,False,False,False,False,False,False
72530094846,7/20/2021,41.96017,-87.93164,204.8,CHICAGO OHARE INTERNATIONAL AIRPORT - IL US,76.2,62.7,1018.1,994.1,10.0,6.4,15.9,18.1,88.0,64.0,0.0,999.9,,False,False,False,False,False,False
72530094846,7/21/2021,41.96017,-87.93164,204.8,CHICAGO OHARE INTERNATIONAL AIRPORT - IL US,69.6,62.0,1019.4,995.4,8.7,8.8,12.0,999.9,88.0,64.9,0.0,999.9,,False,False,False,False,False,False
72530094846,7/22/2021,41.96017,-87.93164,204.8,CHICAGO OHARE INTERNATIONAL AIRPORT - IL US,72.2,64.1,1021.0,996.8,9.2,3.8,9.9,999.9,86.0,64.0,0.0,999.9,,False,False,False,False,False,False
72530094846,7/23/2021,41.96017,-87.93164,204.8,CHICAGO OHARE INTERNATIONAL AIRPORT - IL US,80.5,69.9,1018.6,994.5,6.7,6.6,9.9,15.0,89.1,64.0,0.0,999.9,,False,False,False,False,False,False
72530094846,7/24/2021,41.96017,-87.93164,204.8,CHICAGO OHARE INTERNATIONAL AIRPORT - IL US,82.0,71.4,1012.9,989.0,7.1,9.4,28.0,35.0,91.9,73.9,0.0,999.9,,False,True,False,False,True,False
72530094846,7/25/2021,41.96017,-87.93164,204.8,CHICAGO OHARE INTERNATIONAL AIRPORT - IL US,81.5,64.4,1012.3,988.7,10.0,4.6,8.9,999.9,91.9,72.0,0.12,999.9,,False,False,False,False,False,False
72530094846,7/26/2021,41.96017,-87.93164,204.8,CHICAGO OHARE INTERNATIONAL AIRPORT - IL US,81.6,57.9,1015.0,991.3,10.0,3.7,7.0,999.9,93.9,70.0,0.0,999.9,,False,False,False,False,False,False
72530094846,7/27/2021,41.96017,-87.93164,204.8,CHICAGO OHARE INTERNATIONAL AIRPORT - IL US,80.2,63.7,1016.3,992.4,10.0,5.9,14.0,19.0,93.9,70.0,0.0,999.9,,False,False,False,False,False,False
72530094846,7/28/2021,41.96017,-87.93164,204.8,CHICAGO OHARE INTERNATIONAL AIRPORT - IL US,81.0,70.4,1015.7,991.9,10.0,6.1,21.0,28.0,88.0,70.0,0.21,999.9,,False,True,False,False,True,False
72530094846,7/29/2021,41.96017,-87.93164,204.8,CHICAGO OHARE INTERNATIONAL AIRPORT - IL US,81.7,71.9,1012.3,988.6,9.9,9.8,28.9,42.0,89.1,70.0,0.17,999.9,,False,True,False,False,True,False
72530094846,7/30/2021,41.96017,-87.93164,204.8,CHICAGO OHARE INTERNATIONAL AIRPORT - IL US,70.3,58.6,1018.9,994.9,10.0,11.6,17.1,22.0,89.1,66.0,0.0,999.9,,False,False,False,False,False,False
72530094846,7/31/2021,41.96017,-87.93164,204.8,CHICAGO OHARE INTERNATIONAL AIRPORT - IL US,69.4,56.9,1017.4,993.1,10.0,4.3,12.0,999.9,80.1,61.0,0.0,999.9,,False,True,False,False,False,False
72530094846,8/1/2021,41.96017,-87.93164,204.8,CHICAGO OHARE INTERNATIONAL AIRPORT - IL US,71.8,60.1,1015.2,991.4,8.3,9.0,15.0,21.0,80.1,62.1,0.0,999.9,,False,False,False,False,False,False
72530094846,8/2/2021,41.96017,-87.93164,204.8,CHICAGO OHARE INTERNATIONAL AIRPORT - IL US,68.7,55.7,1020.2,996.0,10.0,5.9,15.0,999.9,78.1,60.1,0.0,999.9,,False,False,False,False,False,False
72530094846,8/3/2021,41.96017,-87.93164,204.8,CHICAGO OHARE INTERNATIONAL AIRPORT - IL US,71.6,54.0,1018.9,994.7,10.0,3.5,9.9,999.9,82.9,60.1,0.0,999.9,,False,False,False,False,False,False
72530094846,8/4/2021,41.96017,-87.93164,204.8,CHICAGO OHARE INTERNATIONAL AIRPORT - IL US,74.8,55.6,1018.8,994.8,10.0,2.7,8.9,999.9,84.9,62.1,0.0,999.9,,False,False,False,False,False,False
72530094846,8/5/2021,41.96017,-87.93164,204.8,CHICAGO OHARE INTERNATIONAL AIRPORT - IL US,76.0,56.5,1018.5,994.4,9.3,6.0,12.0,19.0,87.1,64.0,0.0,999.9,,False,False,False,False,False,False
72530094846,8/6/2021,41.96017,-87.93164,204.8,CHICAGO OHARE INTERNATIONAL AIRPORT - IL US,77.0,61.8,1014.9,991.0,10.0,9.0,13.0,21.0,87.1,66.0,0.0,999.9,,False,False,False,False,False,False
72530094846,8/7/2021,41.96017,-87.93164,204.8,CHICAGO OHARE INTERNATIONAL AIRPORT - IL US,76.2,66.7,1014.0,990.2,9.3,6.4,19.0,33.0,89.1,66.0,0.19,999.9,,False,True,False,False,True,False
72530094846,8/8/2021,41.96017,-87.93164,204.8,CHICAGO OHARE INTERNATIONAL AIRPORT - IL US,82.8,69.4,1011.3,987.7,9.5,9.9,20.0,40.0,91.9,66.0,0.0,999.9,,False,True,False,False,True,False
72530094846,8/9/2021,41.96017,-87.93164,204.8,CHICAGO OHARE INTERNATIONAL AIRPORT - IL US,74.6,68.6,1010.8,986.8,9.7,10.0,17.1,32.1,91.9,70.0,0.03,999.9,,False,True,False,False,True,False
72530094846,8/10/2021,41.96017,-87.93164,204.8,CHICAGO OHARE INTERNATIONAL AIRPORT - IL US,81.0,74.0,1011.1,987.2,9.5,6.6,15.0,24.1,93.0,70.0,0.64,999.9,,False,True,False,False,True,False
72530094846,8/11/2021,41.96017,-87.93164,204.8,CHICAGO OHARE INTERNATIONAL AIRPORT - IL US,77.8,70.3,1009.8,986.1,9.5,10.3,25.1,49.9,93.0,70.0,0.38,999.9,,False,True,False,False,True,False
72530094846,8/12/2021,41.96017,-87.93164,204.8,CHICAGO OHARE INTERNATIONAL AIRPORT - IL US,80.1,70.7,1011.1,987.4,10.0,10.2,17.1,39.0,88.0,72.0,0.09,999.9,,False,True,False,False,True,False
72530094846,8/13/2021,41.96017,-87.93164,204.8,CHICAGO OHARE INTERNATIONAL AIRPORT - IL US,75.9,62.4,1016.5,992.6,10.0,5.7,9.9,999.9,84.9,72.0,0.0,999.9,,False,False,False,False,False,False
72530094846,8/14/2021,41.96017,-87.93164,204.8,CHICAGO OHARE INTERNATIONAL AIRPORT - IL US,72.9,52.5,1022.7,998.7,10.0,6.5,9.9,999.9,84.0,62.1,0.0,999.9,,False,False,False,False,False,False
72530094846,8/15/2021,41.96017,-87.93164,204.8,CHICAGO OHARE INTERNATIONAL AIRPORT - IL US,70.6,51.5,1023.3,998.9,10.0,4.6,11.1,17.1,80.1,60.1,0.0,999.9,,False,False,False,False,False,False
72530094846,8/16/2021,41.96017,-87.93164,204.8,CHICAGO OHARE INTERNATIONAL AIRPORT - IL US,72.3,56.5,1019.2,995.0,10.0,5.4,11.1,15.0,80.1,60.1,0.0,999.9,,False,False,False,False,False,False
72530094846,8/17/2021,41.96017,-87.93164,204.8,CHICAGO OHARE INTERNATIONAL AIRPORT - IL US,74.2,61.2,1016.7,992.6,10.0,4.2,8.9,999.9,84.0,63.0,0.0,999.9,,False,False,False,False,False,False
72530094846,8/18/2021,41.96017,-87.93164,204.8,CHICAGO OHARE INTERNATIONAL AIRPORT - IL US,77.2,68.6,1017.4,993.5,9.7,5.8,8.9,999.9,86.0,66.0,0.0,999.9,,False,False,False,False,False,False
72530094846,8/19/2021,41.96017,-87.93164,204.8,CHICAGO OHARE INTERNATIONAL AIRPORT - IL US,79.2,69.9,1017.8,993.9,9.5,5.0,13.0,999.9,88.0,70.0,0.0,999.9,,False,False,False,False,True,False
72530094846,8/20/2021,41.96017,-87.93164,204.8,CHICAGO OHARE INTERNATIONAL AIRPORT - IL US,79.8,69.1,1014.4,990.5,8.8,4.8,9.9,999.9,91.0,70.0,0.0,999.9,,True,False,False,False,False,False
72530094846,8/21/2021,41.96017,-87.93164,204.8,CHICAGO OHARE INTERNATIONAL AIRPORT - IL US,79.7,69.1,1010.6,986.8,9.1,7.2,18.1,28.9,91.0,70.0,0.0,999.9,,False,True,False,False,True,False
72530094846,8/22/2021,41.96017,-87.93164,204.8,CHICAGO OHARE INTERNATIONAL AIRPORT - IL US,76.3,66.8,1013.8,990.2,10.0,7.2,12.0,18.1,88.0,70.0,0.6,999.9,,False,False,False,False,False,False
72530094846,8/23/2021,41.96017,-87.93164,204.8,CHICAGO OHARE INTERNATIONAL AIRPORT - IL US,75.1,65.6,1014.7,990.7,10.0,5.2,9.9,15.9,87.1,66.9,0.0,999.9,,False,False,False,False,False,False
72530094846,8/24/2021,41.96017,-87.93164,204.8,CHICAGO OHARE INTERNATIONAL AIRPORT - IL US,82.5,72.1,1013.7,989.9,9.7,6.8,19.0,39.0,95.0,66.9,0.0,999.9,,False,True,False,False,True,False
72530094846,8/25/2021,41.96017,-87.93164,204.8,CHICAGO OHARE INTERNATIONAL AIRPORT - IL US,78.7,70.8,1016.3,992.3,9.5,6.4,21.0,31.1,95.0,71.1,1.91,999.9,,False,True,False,False,True,False
72530094846,8/26/2021,41.96017,-87.93164,204.8,CHICAGO OHARE INTERNATIONAL AIRPORT - IL US,77.4,69.5,1019.3,995.3,9.6,4.8,9.9,17.1,93.9,70.0,0.39,999.9,,False,True,False,False,True,False
72530094846,8/27/2021,41.96017,-87.93164,204.8,CHICAGO OHARE INTERNATIONAL AIRPORT - IL US,80.7,70.0,1016.8,992.8,10.0,4.8,9.9,15.0,91.0,70.0,0.0,999.9,,False,False,False,False,False,False
72530094846,8/28/2021,41.96017,-87.93164,204.8,CHICAGO OHARE INTERNATIONAL AIRPORT - IL US,83.6,72.8,1016.9,993.1,10.0,7.8,12.0,21.0,91.9,73.0,0.0,999.9,,False,False,False,False,False,False
72530094846,8/29/2021,41.96017,-87.93164,204.8,CHICAGO OHARE INTERNATIONAL AIRPORT - IL US,81.5,71.7,1015.5,991.6,10.0,9.4,20.0,28.9,91.9,73.9,0.0,999.9,,False,True,False,False,True,False
72530094846,8/30/2021,41.96017,-87.93164,204.8,CHICAGO OHARE INTERNATIONAL AIRPORT - IL US,76.2,63.1,1014.4,990.3,10.0,4.8,8.9,999.9,89.1,66.9,0.28,999.9,,False,False,False,False,False,False
72530094846,8/31/2021,41.96017,-87.93164,204.8,CHICAGO OHARE INTERNATIONAL AIRPORT - IL US,74.7,58.9,1010.8,986.9,10.0,4.9,12.0,999.9,84.9,66.0,0.0,999.9,,False,False,False,False,False,False
72530094846,9/1/2021,41.96017,-87.93164,204.8,CHICAGO OHARE INTERNATIONAL AIRPORT - IL US,73.2,58.7,1012.6,988.9,10.0,11.4,15.9,22.0,82.0,66.9,0.0,999.9,,False,True,False,False,False,False
72530094846,9/2/2021,41.96017,-87.93164,204.8,CHICAGO OHARE INTERNATIONAL AIRPORT - IL US,69.5,55.6,1018.5,994.4,10.0,5.8,14.0,999.9,78.1,62.1,0.0,999.9,,False,False,False,False,False,False
72530094846,9/3/2021,41.96017,-87.93164,204.8,CHICAGO OHARE INTERNATIONAL AIRPORT - IL US,69.7,56.6,1018.6,994.3,10.0,5.9,8.9,999.9,78.1,62.1,0.0,999.9,,False,True,False,False,False,False
72530094846,9/4/2021,41.96017,-87.93164,204.8,CHICAGO OHARE INTERNATIONAL AIRPORT - IL US,70.1,60.2,1013.2,988.6,9.9,7.1,14.0,18.1,75.0,64.0,0.01,999.9,,False,True,False,False,False,False
72530094846,9/5/2021,41.96017,-87.93164,204.8,CHICAGO OHARE INTERNATIONAL AIRPORT - IL US,69.5,56.3,1011.5,987.5,10.0,7.1,12.0,24.1,82.0,60.1,0.0,999.9,,False,True,False,False,False,False
72530094846,9/6/2021,41.96017,-87.93164,204.8,CHICAGO OHARE INTERNATIONAL AIRPORT - IL US,72.0,53.0,1012.6,988.6,10.0,4.9,9.9,999.9,82.0,60.1,0.0,999.9,,False,False,False,False,False,False
72530094846,9/7/2021,41.96017,-87.93164,204.8,CHICAGO OHARE INTERNATIONAL AIRPORT - IL US,72.3,61.0,1008.4,984.1,10.0,9.0,19.0,29.9,88.0,61.0,0.0,999.9,,False,True,False,False,True,False
72530094846,9/8/2021,41.96017,-87.93164,204.8,CHICAGO OHARE INTERNATIONAL AIRPORT - IL US,69.7,52.5,1008.1,984.4,10.0,8.7,15.9,27.0,88.0,59.0,0.0,999.9,,False,False,False,False,False,False
72530094846,9/9/2021,41.96017,-87.93164,204.8,CHICAGO OHARE INTERNATIONAL AIRPORT - IL US,66.9,51.2,1014.0,990.1,10.0,5.8,8.9,999.9,79.0,57.9,0.0,999.9,,False,False,False,False,False,False
72530094846,9/10/2021,41.96017,-87.93164,204.8,CHICAGO OHARE INTERNATIONAL AIRPORT - IL US,68.5,52.4,1017.2,992.9,10.0,4.4,11.1,18.1,80.1,57.9,0.0,999.9,,False,False,False,False,False,False
72530094846,9/11/2021,41.96017,-87.93164,204.8,CHICAGO OHARE INTERNATIONAL AIRPORT - IL US,73.6,59.2,1013.4,989.2,10.0,7.5,13.0,20.0,87.1,59.0,0.0,999.9,,False,False,False,False,False,False
72530094846,9/12/2021,41.96017,-87.93164,204.8,CHICAGO OHARE INTERNATIONAL AIRPORT - IL US,78.8,64.5,1013.1,989.4,10.0,8.8,13.0,20.0,87.1,64.9,0.0,999.9,,False,False,False,False,False,False
72530094846,9/13/2021,41.96017,-87.93164,204.8,CHICAGO OHARE INTERNATIONAL AIRPORT - IL US,74.6,65.6,1016.2,992.5,10.0,6.3,13.0,999.9,88.0,68.0,0.0,999.9,,False,False,False,False,False,False
72530094846,9/14/2021,41.96017,-87.93164,204.8,CHICAGO OHARE INTERNATIONAL AIRPORT - IL US,77.1,65.8,1010.0,986.2,9.5,10.5,18.1,25.1,88.0,68.0,0.0,999.9,,False,False,False,False,False,False
72530094846,9/15/2021,41.96017,-87.93164,204.8,CHICAGO OHARE INTERNATIONAL AIRPORT - IL US,68.4,53.4,1014.5,990.6,10.0,6.5,15.9,22.9,86.0,59.0,0.0,999.9,,False,False,False,False,False,False
72530094846,9/16/2021,41.96017,-87.93164,204.8,CHICAGO OHARE INTERNATIONAL AIRPORT - IL US,68.7,51.4,1018.2,994.0,10.0,4.5,11.1,14.0,82.0,57.0,0.0,999.9,,False,False,False,False,False,False
72530094846,9/17/2021,41.96017,-87.93164,204.8,CHICAGO OHARE INTERNATIONAL AIRPORT - IL US,74.8,57.8,1017.3,993.3,10.0,6.3,15.9,27.0,89.1,57.0,0.0,999.9,,False,True,False,False,True,False
72530094846,9/18/2021,41.96017,-87.93164,204.8,CHICAGO OHARE INTERNATIONAL AIRPORT - IL US,71.4,62.2,1020.9,996.7,9.9,8.6,13.0,15.9,89.1,64.0,0.45,999.9,,False,True,False,False,True,False
72530094846,9/19/2021,41.96017,-87.93164,204.8,CHICAGO OHARE INTERNATIONAL AIRPORT - IL US,73.6,62.3,1019.0,994.7,10.0,4.5,11.1,999.9,89.1,64.0,0.0,999.9,,False,False,False,False,False,False
72530094846,9/20/2021,41.96017,-87.93164,204.8,CHICAGO OHARE INTERNATIONAL AIRPORT - IL US,75.7,66.9,1013.3,989.3,9.4,7.7,13.0,22.9,89.1,64.0,0.0,999.9,,False,True,False,False,True,False
72530094846,9/21/2021,41.96017,-87.93164,204.8,CHICAGO OHARE INTERNATIONAL AIRPORT - IL US,69.0,62.2,1014.1,990.4,9.2,11.3,15.9,31.1,82.0,61.0,0.23,999.9,,False,True,False,False,True,False
72530094846,9/22/2021,41.96017,-87.93164,204.8,CHICAGO OHARE INTERNATIONAL AIRPORT - IL US,59.7,50.4,1019.7,995.3,9.4,13.9,21.0,28.9,75.9,55.9,0.42,999.9,,False,True,False,False,False,False
72530094846,9/23/2021,41.96017,-87.93164,204.8,CHICAGO OHARE INTERNATIONAL AIRPORT - IL US,58.0,42.0,1015.4,990.9,10.0,11.6,14.0,24.1,66.9,51.1,0.4,999.9,,False,False,False,False,False,False
72530094846,9/24/2021,41.96017,-87.93164,204.8,CHICAGO OHARE INTERNATIONAL AIRPORT - IL US,62.7,44.0,1013.5,989.1,10.0,9.0,19.0,32.1,79.0,51.1,0.0,999.9,,False,False,False,False,False,False
72530094846,9/25/2021,41.96017,-87.93164,204.8,CHICAGO OHARE INTERNATIONAL AIRPORT - IL US,61.4,45.9,1014.1,989.9,9.8,9.8,15.9,25.1,79.0,50.0,0.12,999.9,,False,True,False,False,False,False
72530094846,9/26/2021,41.96017,-87.93164,204.8,CHICAGO OHARE INTERNATIONAL AIRPORT - IL US,66.1,41.2,1013.6,989.2,10.0,9.5,17.1,29.9,82.9,50.0,0.0,999.9,,False,False,False,False,False,False
72530094846,9/27/2021,41.96017,-87.93164,204.8,CHICAGO OHARE INTERNATIONAL AIRPORT - IL US,73.4,54.5,1008.3,984.6,10.0,10.3,18.1,22.9,87.1,54.0,0.0,999.9,,False,False,False,False,False,False
72530094846,9/28/2021,41.96017,-87.93164,204.8,CHICAGO OHARE INTERNATIONAL AIRPORT - IL US,65.9,54.7,1014.1,990.1,10.0,9.6,17.1,999.9,87.1,60.1,0.0,999.9,,False,False,False,False,False,False
72530094846,9/29/2021,41.96017,-87.93164,204.8,CHICAGO OHARE INTERNATIONAL AIRPORT - IL US,67.0,54.5,1016.8,992.7,10.0,4.8,8.9,999.9,82.0,55.0,0.0,999.9,,False,False,False,False,False,False
72530094846,9/30/2021,41.96017,-87.93164,204.8,CHICAGO OHARE INTERNATIONAL AIRPORT - IL US,68.7,55.0,1020.1,995.9,10.0,4.5,8.9,999.9,82.0,55.0,0.0,999.9,,False,False,False,False,False,False
72530094846,10/1/2021,41.96017,-87.93164,204.8,CHICAGO OHARE INTERNATIONAL AIRPORT - IL US,70.8,57.1,1021.1,996.8,10.0,4.2,8.9,999.9,84.9,61.0,0.0,999.9,,False,False,False,False,False,False
72530094846,10/2/2021,41.96017,-87.93164,204.8,CHICAGO OHARE INTERNATIONAL AIRPORT - IL US,72.7,61.5,1016.5,992.0,9.9,6.8,15.0,21.0,84.9,61.0,0.02,999.9,,False,True,False,False,False,False
72530094846,10/3/2021,41.96017,-87.93164,204.8,CHICAGO OHARE INTERNATIONAL AIRPORT - IL US,70.6,65.6,1010.2,986.1,9.4,5.0,8.9,14.0,80.1,66.0,0.14,999.9,,False,True,False,False,True,False
72530094846,10/4/2021,41.96017,-87.93164,204.8,CHICAGO OHARE INTERNATIONAL AIRPORT - IL US,66.9,62.5,1012.4,988.3,9.5,7.7,18.1,24.1,75.9,64.0,0.0,999.9,,False,True,False,False,False,False
72530094846,10/5/2021,41.96017,-87.93164,204.8,CHICAGO OHARE INTERNATIONAL AIRPORT - IL US,65.6,60.8,1021.0,996.6,10.0,11.9,18.1,22.0,73.0,64.0,0.0,999.9,,False,True,False,False,False,False
72530094846,10/6/2021,41.96017,-87.93164,204.8,CHICAGO OHARE INTERNATIONAL AIRPORT - IL US,65.6,61.9,1023.3,999.2,7.7,8.3,11.1,999.9,68.0,64.0,0.0,999.9,,False,True,False,False,False,False
72530094846,10/7/2021,41.96017,-87.93164,204.8,CHICAGO OHARE INTERNATIONAL AIRPORT - IL US,68.1,64.3,1019.8,995.1,7.2,6.7,12.0,25.1,75.0,64.0,0.03,999.9,,False,True,False,False,True,False
72530094846,10/8/2021,41.96017,-87.93164,204.8,CHICAGO OHARE INTERNATIONAL AIRPORT - IL US,67.0,62.2,1015.9,991.9,8.4,2.7,9.9,999.9,75.0,62.1,0.63,999.9,,False,True,False,False,True,False
72530094846,10/9/2021,41.96017,-87.93164,204.8,CHICAGO OHARE INTERNATIONAL AIRPORT - IL US,69.4,61.9,1013.4,989.2,9.3,3.5,9.9,15.0,80.1,62.1,0.02,999.9,,False,True,False,False,False,False
72530094846,10/10/2021,41.96017,-87.93164,204.8,CHICAGO OHARE INTERNATIONAL AIRPORT - IL US,73.0,63.9,1007.5,983.6,9.9,8.7,17.1,26.0,80.1,64.0,0.01,999.9,,False,True,False,False,False,False
72530094846,10/11/2021,41.96017,-87.93164,204.8,CHICAGO OHARE INTERNATIONAL AIRPORT - IL US,72.2,63.7,1005.6,981.7,9.1,9.2,15.0,26.0,79.0,66.0,0.02,999.9,,False,True,False,False,True,False
72530094846,10/12/2021,41.96017,-87.93164,204.8,CHICAGO OHARE INTERNATIONAL AIRPORT - IL US,63.0,60.0,1008.4,983.8,8.9,9.5,15.0,20.0,77.0,61.0,0.76,999.9,,False,True,False,False,False,False
72530094846,10/13/2021,41.96017,-87.93164,204.8,CHICAGO OHARE INTERNATIONAL AIRPORT - IL US,60.0,55.0,1014.0,989.4,8.9,4.1,15.0,20.0,71.1,53.1,0.01,999.9,,False,True,False,False,True,False
72530094846,10/14/2021,41.96017,-87.93164,204.8,CHICAGO OHARE INTERNATIONAL AIRPORT - IL US,66.7,58.3,1011.1,986.9,9.5,6.8,13.0,21.0,71.1,53.1,0.41,999.9,,False,True,False,False,False,False
72530094846,10/15/2021,41.96017,-87.93164,204.8,CHICAGO OHARE INTERNATIONAL AIRPORT - IL US,57.7,48.7,1012.1,987.9,10.0,5.3,12.0,999.9,71.1,52.0,0.1,999.9,,False,True,False,False,False,False
72530094846,10/16/2021,41.96017,-87.93164,204.8,CHICAGO OHARE INTERNATIONAL AIRPORT - IL US,52.1,38.1,1014.8,990.5,10.0,8.9,14.0,24.1,62.1,44.1,0.02,999.9,,False,True,False,False,False,False
72530094846,10/17/2021,41.96017,-87.93164,204.8,CHICAGO OHARE INTERNATIONAL AIRPORT - IL US,53.3,35.0,1019.1,994.6,10.0,6.9,11.1,18.1,66.0,42.1,0.0,999.9,,False,False,False,False,False,False
72530094846,10/18/2021,41.96017,-87.93164,204.8,CHICAGO OHARE INTERNATIONAL AIRPORT - IL US,57.0,39.0,1019.6,995.0,10.0,3.7,8.9,15.0,72.0,43.0,0.0,999.9,,False,False,False,False,False,False
72530094846,10/19/2021,41.96017,-87.93164,204.8,CHICAGO OHARE INTERNATIONAL AIRPORT - IL US,60.7,45.6,1018.5,994.1,10.0,6.6,12.0,20.0,72.0,45.0,0.0,999.9,,False,False,False,False,False,False
72530094846,10/20/2021,41.96017,-87.93164,204.8,CHICAGO OHARE INTERNATIONAL AIRPORT - IL US,61.3,47.3,1016.7,992.2,10.0,6.8,14.0,19.0,72.0,52.0,0.0,999.9,,False,False,False,False,False,False
72530094846,10/21/2021,41.96017,-87.93164,204.8,CHICAGO OHARE INTERNATIONAL AIRPORT - IL US,56.7,48.6,1011.3,987.4,9.9,10.1,15.9,24.1,72.0,48.0,0.0,999.9,,False,True,False,False,True,False
72530094846,10/22/2021,41.96017,-87.93164,204.8,CHICAGO OHARE INTERNATIONAL AIRPORT - IL US,47.9,38.2,1017.3,992.7,10.0,5.4,9.9,999.9,64.9,41.0,0.0,999.9,,False,True,False,False,False,False
72530094846,10/23/2021,41.96017,-87.93164,204.8,CHICAGO OHARE INTERNATIONAL AIRPORT - IL US,47.4,33.6,1016.7,992.1,10.0,4.1,8.0,999.9,55.9,39.0,0.0,999.9,,False,False,False,False,False,False
72530094846,10/24/2021,41.96017,-87.93164,204.8,CHICAGO OHARE INTERNATIONAL AIRPORT - IL US,45.7,39.4,1015.4,989.9,8.7,5.5,20.0,29.9,55.9,39.0,0.0,999.9,,False,True,False,False,True,False
72530094846,10/25/2021,41.96017,-87.93164,204.8,CHICAGO OHARE INTERNATIONAL AIRPORT - IL US,49.6,45.2,1010.3,985.2,7.4,19.4,26.0,40.0,55.0,39.0,2.26,999.9,,False,True,False,False,True,False
72530094846,10/26/2021,41.96017,-87.93164,204.8,CHICAGO OHARE INTERNATIONAL AIRPORT - IL US,49.1,41.3,1018.6,993.9,10.0,8.0,9.9,999.9,57.0,42.1,0.35,999.9,,False,False,False,False,False,False
72530094846,10/27/2021,41.96017,-87.93164,204.8,CHICAGO OHARE INTERNATIONAL AIRPORT - IL US,47.1,38.1,1016.2,991.4,10.0,5.3,13.0,999.9,57.0,37.9,0.0,999.9,,False,False,False,False,False,False
72530094846,10/28/2021,41.96017,-87.93164,204.8,CHICAGO OHARE INTERNATIONAL AIRPORT - IL US,51.3,46.1,1006.1,980.7,9.0,8.9,13.0,999.9,55.9,37.9,0.0,999.9,,False,True,False,False,False,False
72530094846,10/29/2021,41.96017,-87.93164,204.8,CHICAGO OHARE INTERNATIONAL AIRPORT - IL US,54.3,52.3,1001.3,977.0,4.9,12.3,22.0,29.9,57.0,48.0,0.51,999.9,,False,True,False,False,False,False
72530094846,10/30/2021,41.96017,-87.93164,204.8,CHICAGO OHARE INTERNATIONAL AIRPORT - IL US,54.4,48.8,1004.1,980.0,8.1,13.9,19.0,29.9,59.0,51.1,0.5,999.9,,False,True,False,False,False,False
72530094846,10/31/2021,41.96017,-87.93164,204.8,CHICAGO OHARE INTERNATIONAL AIRPORT - IL US,48.7,41.1,1011.3,986.8,10.0,8.3,15.0,21.0,59.0,45.0,0.04,999.9,,False,False,False,False,False,False
72530094846,11/1/2021,41.96017,-87.93164,204.8,CHICAGO OHARE INTERNATIONAL AIRPORT - IL US,41.4,28.1,1023.9,999.0,10.0,7.3,14.0,21.0,53.1,35.1,0.0,999.9,,False,False,False,False,False,False
72530094846,11/2/2021,41.96017,-87.93164,204.8,CHICAGO OHARE INTERNATIONAL AIRPORT - IL US,39.6,25.2,1026.8,1.7,10.0,7.2,13.0,20.0,48.9,32.0,0.0,999.9,FLAG_ANOMALY_STP,False,False,False,False,False,False
72530094846,11/3/2021,41.96017,-87.93164,204.8,CHICAGO OHARE INTERNATIONAL AIRPORT - IL US,36.9,24.4,1029.0,3.6,10.0,4.6,8.9,15.9,46.9,28.9,0.0,999.9,FLAG_ANOMALY_STP,False,False,False,False,False,False
72530094846,11/4/2021,41.96017,-87.93164,204.8,CHICAGO OHARE INTERNATIONAL AIRPORT - IL US,37.8,24.3,1027.7,2.4,10.0,3.9,8.9,999.9,46.9,28.9,0.0,999.9,FLAG_ANOMALY_STP,False,False,False,False,False,False
72530094846,11/5/2021,41.96017,-87.93164,204.8,CHICAGO OHARE INTERNATIONAL AIRPORT - IL US,41.5,28.6,1027.0,1.8,10.0,6.5,12.0,19.0,52.0,29.1,0.0,999.9,FLAG_ANOMALY_STP,False,False,False,False,False,False
72530094846,11/6/2021,41.96017,-87.93164,204.8,CHICAGO OHARE INTERNATIONAL AIRPORT - IL US,45.9,31.9,1023.0,997.9,10.0,7.7,12.0,21.0,59.0,34.0,0.0,999.9,,False,False,False,False,False,False
72530094846,11/7/2021,41.96017,-87.93164,204.8,CHICAGO OHARE INTERNATIONAL AIRPORT - IL US,52.4,39.6,1020.0,995.3,9.9,8.1,14.0,22.9,64.9,36.0,0.0,999.9,,False,False,False,False,False,False
72530094846,11/8/2021,41.96017,-87.93164,204.8,CHICAGO OHARE INTERNATIONAL AIRPORT - IL US,55.9,42.6,1018.2,993.9,10.0,9.2,14.0,22.9,64.9,41.0,0.0,999.9,,False,False,False,False,False,False
72530094846,11/9/2021,41.96017,-87.93164,204.8,CHICAGO OHARE INTERNATIONAL AIRPORT - IL US,54.7,47.3,1020.4,996.0,9.4,7.1,13.0,20.0,64.9,48.9,0.0,999.9,,False,False,False,False,False,False
72530094846,11/10/2021,41.96017,-87.93164,204.8,CHICAGO OHARE INTERNATIONAL AIRPORT - IL US,47.8,41.0,1020.5,995.6,9.7,6.1,13.0,999.9,57.9,37.9,0.0,999.9,,False,True,False,False,False,False
72530094846,11/11/2021,41.96017,-87.93164,204.8,CHICAGO OHARE INTERNATIONAL AIRPORT - IL US,52.7,45.4,1006.0,981.0,8.8,11.5,18.1,32.1,71.1,37.9,0.0,999.9,,False,True,False,False,False,False
72530094846,11/12/2021,41.96017,-87.93164,204.8,CHICAGO OHARE INTERNATIONAL AIRPORT - IL US,40.6,31.9,1005.9,981.4,9.5,11.8,18.1,33.0,57.0,35.1,0.44,999.9,,False,True,True,False,False,False
72530094846,11/13/2021,41.96017,-87.93164,204.8,CHICAGO OHARE INTERNATIONAL AIRPORT - IL US,37.1,30.8,1012.3,987.5,9.8,10.1,13.0,21.0,43.0,35.1,0.05,999.9,,False,True,True,False,False,False
72530094846,11/14/2021,41.96017,-87.93164,204.8,CHICAGO OHARE INTERNATIONAL AIRPORT - IL US,35.6,29.9,1009.0,984.3,8.6,12.0,20.0,31.1,39.0,33.1,0.03,999.9,,False,True,True,False,False,False
72530094846,11/15/2021,41.96017,-87.93164,204.8,CHICAGO OHARE INTERNATIONAL AIRPORT - IL US,32.9,23.5,1017.9,992.9,9.7,6.2,13.0,22.0,37.0,30.0,0.01,999.9,,False,False,True,False,False,False
72530094846,11/16/2021,41.96017,-87.93164,204.8,CHICAGO OHARE INTERNATIONAL AIRPORT - IL US,37.7,30.3,1017.5,992.6,9.5,4.8,12.0,22.0,48.9,30.0,0.01,999.9,,False,False,False,False,False,False
72530094846,11/17/2021,41.96017,-87.93164,204.8,CHICAGO OHARE INTERNATIONAL AIRPORT - IL US,54.7,49.4,1008.7,984.4,8.6,10.2,17.1,27.0,61.0,46.9,0.0,999.9,,False,True,False,False,False,False
72530094846,11/18/2021,41.96017,-87.93164,204.8,CHICAGO OHARE INTERNATIONAL AIRPORT - IL US,36.9,22.9,1019.1,995.0,10.0,12.4,20.0,31.1,61.0,32.0,0.13,999.9,,False,False,True,False,False,False
72530094846,11/19/2021,41.96017,-87.93164,204.8,CHICAGO OHARE INTERNATIONAL AIRPORT - IL US,32.8,18.7,1030.6,5.1,10.0,7.6,17.1,25.1,39.9,26.1,0.0,999.9,FLAG_ANOMALY_STP,False,False,True,False,False,False
72530094846,11/20/2021,41.96017,-87.93164,204.8,CHICAGO OHARE INTERNATIONAL AIRPORT - IL US,39.7,26.1,1023.0,997.7,10.0,8.9,14.0,20.0,50.0,27.1,0.0,999.9,,False,False,False,False,False,False
72530094846,11/21/2021,41.96017,-87.93164,204.8,CHICAGO OHARE INTERNATIONAL AIRPORT - IL US,43.5,32.4,1018.0,993.0,9.9,5.5,19.0,34.0,55.0,35.1,0.0,999.9,,False,True,False,False,False,False
72530094846,11/22/2021,41.96017,-87.93164,204.8,CHICAGO OHARE INTERNATIONAL AIRPORT - IL US,31.2,10.0,1021.5,996.4,10.0,10.5,18.1,33.0,55.0,23.0,0.0,999.9,,False,False,False,False,False,False
72530094846,11/23/2021,41.96017,-87.93164,204.8,CHICAGO OHARE INTERNATIONAL AIRPORT - IL US,31.7,11.5,1022.9,997.4,10.0,6.4,14.0,20.0,43.0,24.1,0.0,999.9,,False,False,False,False,False,False
72530094846,11/24/2021,41.96017,-87.93164,204.8,CHICAGO OHARE INTERNATIONAL AIRPORT - IL US,41.9,26.4,1015.1,990.1,10.0,12.5,17.1,26.0,53.1,24.3,0.0,999.9,,False,False,False,False,False,False
72530094846,11/25/2021,41.96017,-87.93164,204.8,CHICAGO OHARE INTERNATIONAL AIRPORT - IL US,44.1,37.4,1016.6,991.9,10.0,9.7,17.1,25.1,53.1,30.0,0.04,999.9,,False,True,False,False,False,False
72530094846,11/26/2021,41.96017,-87.93164,204.8,CHICAGO OHARE INTERNATIONAL AIRPORT - IL US,24.7,10.1,1023.6,998.0,10.0,8.3,17.1,27.0,30.0,19.0,0.0,999.9,,False,False,False,False,False,False
72530094846,11/27/2021,41.96017,-87.93164,204.8,CHICAGO OHARE INTERNATIONAL AIRPORT - IL US,33.7,21.0,1013.4,988.0,10.0,6.8,9.9,999.9,42.1,19.0,0.0,999.9,,False,True,False,False,False,False
72530094846,11/28/2021,41.96017,-87.93164,204.8,CHICAGO OHARE INTERNATIONAL AIRPORT - IL US,34.8,20.6,1015.1,990.3,10.0,10.3,15.9,27.0,42.1,30.0,0.0,999.9,,False,False,False,False,False,False
72530094846,11/29/2021,41.96017,-87.93164,204.8,CHICAGO OHARE INTERNATIONAL AIRPORT - IL US,33.1,14.9,1017.8,992.3,10.0,6.2,17.1,27.0,41.0,27.0,0.0,999.9,,False,True,True,False,False,False
72530094846,11/30/2021,41.96017,-87.93164,204.8,CHICAGO OHARE INTERNATIONAL AIRPORT - IL US,41.5,26.0,1013.5,989.0,10.0,8.5,13.0,19.0,53.1,27.1,0.0,999.9,,False,False,False,False,False,False
72530094846,12/1/2021,41.96017,-87.93164,204.8,CHICAGO OHARE INTERNATIONAL AIRPORT - IL US,41.3,30.7,1015.6,990.0,9.9,5.4,13.0,21.0,53.1,34.0,0.0,999.9,,False,True,False,False,False,False
72530094846,12/2/2021,41.96017,-87.93164,204.8,CHICAGO OHARE INTERNATIONAL AIRPORT - IL US,51.2,35.6,1007.5,983.6,9.9,11.0,19.0,28.0,59.0,34.0,0.0,999.9,,False,False,False,False,False,False
72530094846,12/3/2021,41.96017,-87.93164,204.8,CHICAGO OHARE INTERNATIONAL AIRPORT - IL US,45.7,31.5,1016.6,992.0,10.0,4.8,8.9,999.9,59.0,42.1,0.0,999.9,,False,True,False,False,False,False
72530094846,12/4/2021,41.96017,-87.93164,204.8,CHICAGO OHARE INTERNATIONAL AIRPORT - IL US,37.6,25.3,1023.7,998.5,8.3,6.6,11.1,15.9,51.1,30.9,0.0,999.9,,True,False,False,False,False,False
72530094846,12/5/2021,41.96017,-87.93164,204.8,CHICAGO OHARE INTERNATIONAL AIRPORT - IL US,37.6,20.0,1018.9,991.7,8.2,7.6,17.1,24.1,44.1,32.0,0.0,999.9,,False,True,True,False,False,False
72530094846,12/6/2021,41.96017,-87.93164,204.8,CHICAGO OHARE INTERNATIONAL AIRPORT - IL US,34.6,24.0,1010.6,985.4,9.0,13.6,22.0,33.0,41.0,24.1,0.26,999.9,,False,True,True,False,False,False
72530094846,12/7/2021,41.96017,-87.93164,204.8,CHICAGO OHARE INTERNATIONAL AIRPORT - IL US,18.3,0.2,1024.6,998.8,10.0,6.5,15.9,25.1,37.9,12.9,0.0,999.9,,False,False,True,False,False,False
72530094846,12/8/2021,41.96017,-87.93164,204.8,CHICAGO OHARE INTERNATIONAL AIRPORT - IL US,28.3,13.0,1015.9,990.7,10.0,7.8,12.0,999.9,35.1,12.9,0.0,999.9,,False,False,False,False,False,False
72530094846,12/9/2021,41.96017,-87.93164,204.8,CHICAGO OHARE INTERNATIONAL AIRPORT - IL US,34.3,22.7,1011.9,986.4,9.9,7.3,14.0,21.0,46.0,25.0,0.0,999.9,,False,False,False,False,False,False
72530094846,12/10/2021,41.96017,-87.93164,204.8,CHICAGO OHARE INTERNATIONAL AIRPORT - IL US,42.0,34.5,1009.5,984.6,9.1,6.7,14.0,20.0,46.9,28.2,0.0,999.9,,False,True,False,False,False,False
72530094846,12/11/2021,41.96017,-87.93164,204.8,CHICAGO OHARE INTERNATIONAL AIRPORT - IL US,45.3,38.0,1000.4,974.4,8.5,13.8,27.0,47.0,60.1,35.1,0.84,999.9,,False,True,True,False,False,False
72530094846,12/12/2021,41.96017,-87.93164,204.8,CHICAGO OHARE INTERNATIONAL AIRPORT - IL US,37.9,24.1,1018.2,993.2,10.0,10.6,17.1,26.0,57.9,32.0,0.0,999.9,,False,False,False,False,False,False
72530094846,12/13/2021,41.96017,-87.93164,204.8,CHICAGO OHARE INTERNATIONAL AIRPORT - IL US,42.5,28.1,1020.5,995.8,10.0,10.8,18.1,27.0,48.9,32.0,0.0,999.9,,False,False,False,False,False,False
72530094846,12/14/2021,41.96017,-87.93164,204.8,CHICAGO OHARE INTERNATIONAL AIRPORT - IL US,40.7,31.6,1026.3,1.1,9.9,3.7,9.9,999.9,54.0,32.0,0.0,999.9,FLAG_ANOMALY_STP,False,False,False,False,False,False
72530094846,12/15/2021,41.96017,-87.93164,204.8,CHICAGO OHARE INTERNATIONAL AIRPORT - IL US,56.2,50.1,1013.8,990.5,9.3,12.6,20.0,34.0,64.9,48.9,0.03,999.9,,False,True,False,False,False,False
72530094846,12/16/2021,41.96017,-87.93164,204.8,CHICAGO OHARE INTERNATIONAL AIRPORT - IL US,51.5,41.0,1006.8,982.0,9.8,20.5,32.1,52.1,66.2,37.9,0.0,999.9,,False,True,False,False,False,False
72530094846,12/17/2021,41.96017,-87.93164,204.8,CHICAGO OHARE INTERNATIONAL AIRPORT - IL US,32.9,20.4,1022.1,997.0,10.0,7.3,14.0,22.9,37.9,27.0,0.0,999.9,,False,False,False,False,False,False
72530094846,12/18/2021,41.96017,-87.93164,204.8,CHICAGO OHARE INTERNATIONAL AIRPORT - IL US,37.2,30.4,1019.5,993.7,8.5,9.5,13.0,22.0,39.9,27.1,0.04,999.9,,False,True,True,False,False,False
72530094846,12/19/2021,41.96017,-87.93164,204.8,CHICAGO OHARE INTERNATIONAL AIRPORT - IL US,32.4,22.3,1026.3,1.1,10.0,6.2,12.0,15.9,39.9,28.0,0.02,999.9,FLAG_ANOMALY_STP,False,False,False,False,False,False
72530094846,12/20/2021,41.96017,-87.93164,204.8,CHICAGO OHARE INTERNATIONAL AIRPORT - IL US,34.1,26.2,1021.5,996.2,10.0,10.7,15.0,25.1,42.1,28.9,0.0,999.9,,False,False,False,False,False,False
72530094846,12/21/2021,41.96017,-87.93164,204.8,CHICAGO OHARE INTERNATIONAL AIRPORT - IL US,32.4,23.4,1015.1,989.8,10.0,7.6,19.0,28.9,42.1,23.0,0.0,999.9,,False,False,False,False,False,False
72530094846,12/22/2021,41.96017,-87.93164,204.8,CHICAGO OHARE INTERNATIONAL AIRPORT - IL US,26.4,11.5,1014.7,989.8,10.0,9.4,19.0,31.1,39.9,19.0,0.0,999.9,,False,False,False,False,False,False
72530094846,12/23/2021,41.96017,-87.93164,204.8,CHICAGO OHARE INTERNATIONAL AIRPORT - IL US,34.1,21.9,1013.3,987.8,10.0,7.1,14.0,22.0,46.0,19.9,0.0,999.9,,False,False,False,False,False,False
72530094846,12/24/2021,41.96017,-87.93164,204.8,CHICAGO OHARE INTERNATIONAL AIRPORT - IL US,42.6,38.3,1004.4,979.4,7.3,6.1,12.0,19.0,55.0,27.1,0.0,999.9,,True,False,False,False,False,False
72530094846,12/25/2021,41.96017,-87.93164,204.8,CHICAGO OHARE INTERNATIONAL AIRPORT - IL US,49.1,40.2,1002.7,977.8,9.1,9.6,15.9,18.1,57.0,34.0,0.03,999.9,,False,True,False,False,False,False
72530094846,12/26/2021,41.96017,-87.93164,204.8,CHICAGO OHARE INTERNATIONAL AIRPORT - IL US,34.8,27.7,1016.7,992.0,10.0,4.5,14.0,19.0,55.0,26.1,0.0,999.9,,False,False,False,False,False,False
72530094846,12/27/2021,41.96017,-87.93164,204.8,CHICAGO OHARE INTERNATIONAL AIRPORT - IL US,39.9,35.3,1008.4,982.1,5.7,9.6,19.0,29.9,46.0,26.2,0.69,999.9,,True,True,False,False,True,False
72530094846,12/28/2021,41.96017,-87.93164,204.8,CHICAGO OHARE INTERNATIONAL AIRPORT - IL US,33.7,26.8,1010.0,984.1,7.8,7.0,14.0,17.1,46.0,30.0,0.32,1.2,,True,True,True,False,False,False
72530094846,12/29/2021,41.96017,-87.93164,204.8,CHICAGO OHARE INTERNATIONAL AIRPORT - IL US,34.7,28.5,1010.1,984.9,6.6,6.3,11.1,999.9,37.0,30.2,0.38,1.2,,False,True,False,False,False,False
72530094846,12/30/2021,41.96017,-87.93164,204.8,CHICAGO OHARE INTERNATIONAL AIRPORT - IL US,31.5,25.0,1012.8,987.8,8.1,5.2,9.9,999.9,37.0,28.0,0.01,1.2,,False,True,True,False,False,False
72530094846,12/31/2021,41.96017,-87.93164,204.8,CHICAGO OHARE INTERNATIONAL AIRPORT - IL US,36.6,31.4,1008.7,983.0,7.0,5.7,14.0,24.1,43.0,28.2,0.0,999.9,,False,True,False,False,False,False
70261026411,1/1/2019,64.80309,-147.87606,131.1,FAIRBANKS INTERNATIONAL AIRPORT - AK US,22.1,15.9,986.1,969.1,10.0,4.1,8.0,999.9,34.0,10.0,0.0,9.8,,False,False,False,False,False,False
70261026411,1/2/2019,64.80309,-147.87606,131.1,FAIRBANKS INTERNATIONAL AIRPORT - AK US,20.4,16.2,978.5,961.9,8.1,1.6,7.0,999.9,34.0,8.1,0.0,9.8,,False,False,True,False,False,False
70261026411,1/3/2019,64.80309,-147.87606,131.1,FAIRBANKS INTERNATIONAL AIRPORT - AK US,8.5,3.1,1006.1,987.8,6.5,4.6,8.0,17.1,27.0,-17.0,0.15,9.8,,False,False,True,False,False,False
70261026411,1/4/2019,64.80309,-147.87606,131.1,FAIRBANKS INTERNATIONAL AIRPORT - AK US,-21.9,-29.0,1015.1,996.8,10.0,0.9,5.1,999.9,-13.0,-27.0,0.0,13.0,,False,False,False,False,False,False
70261026411,1/5/2019,64.80309,-147.87606,131.1,FAIRBANKS INTERNATIONAL AIRPORT - AK US,-29.1,-36.1,1016.6,997.8,8.5,0.5,4.1,999.9,-16.1,-34.1,0.0,13.0,,False,False,True,False,False,False
70261026411,1/9/2019,64.80309,-147.87606,131.1,FAIRBANKS INTERNATIONAL AIRPORT - AK US,-11.6,-18.6,1020.0,1.4,6.6,0.5,5.1,999.9,-2.9,-35.0,0.01,11.8,FLAG_ANOMALY_STP,False,False,True,False,False,False
70261026411,1/10/2019,64.80309,-147.87606,131.1,FAIRBANKS INTERNATIONAL AIRPORT - AK US,-15.7,-22.9,1016.1,997.8,3.6,2.6,6.0,999.9,-2.9,-25.1,0.07,11.8,,False,False,True,False,False,False
70261026411,1/11/2019,64.80309,-147.87606,131.1,FAIRBANKS INTERNATIONAL AIRPORT - AK US,-29.6,-34.3,1013.4,994.7,4.3,0.3,4.1,999.9,-11.0,-36.0,0.02,13.0,,False,False,True,False,False,False
70261026411,1/13/2019,64.80309,-147.87606,131.1,FAIRBANKS INTERNATIONAL AIRPORT - AK US,-13.1,-20.8,1011.8,993.4,10.0,3.3,7.0,999.9,-4.0,-24.0,0.0,13.0,,False,False,False,False,False,False
70261026411,1/14/2019,64.80309,-147.87606,131.1,FAIRBANKS INTERNATIONAL AIRPORT - AK US,-2.9,-9.0,1015.0,997.0,10.0,1.5,8.0,999.9,3.0,-18.0,0.0,13.0,,False,False,False,False,False,False
70261026411,1/15/2019,64.80309,-147.87606,131.1,FAIRBANKS INTERNATIONAL AIRPORT - AK US,-10.4,-16.6,1017.3,999.2,10.0,1.1,4.1,999.9,3.0,-17.0,0.0,13.0,,False,False,False,False,False,False
70261026411,1/16/2019,64.80309,-147.87606,131.1,FAIRBANKS INTERNATIONAL AIRPORT - AK US,-14.2,-20.6,1015.1,996.8,10.0,1.1,6.0,999.9,-7.1,-18.9,0.0,13.0,,False,False,False,False,False,False
70261026411,1/17/2019,64.80309,-147.87606,131.1,FAIRBANKS INTERNATIONAL AIRPORT - AK US,-10.1,-16.2,1013.8,995.6,10.0,1.9,8.0,999.9,-0.9,-18.9,0.0,13.0,,False,False,False,False,False,False
70261026411,1/18/2019,64.80309,-147.87606,131.1,FAIRBANKS INTERNATIONAL AIRPORT - AK US,-14.7,-21.5,1013.5,995.1,9.5,0.5,4.1,999.9,-0.9,-20.9,0.0,13.0,,False,False,True,False,False,False
70261026411,1/19/2019,64.80309,-147.87606,131.1,FAIRBANKS INTERNATIONAL AIRPORT - AK US,-0.9,-7.0,1013.9,995.8,5.8,0.2,4.1,999.9,1.4,-4.0,0.04,14.2,,False,False,True,False,False,False
70261026411,1/20/2019,64.80309,-147.87606,131.1,FAIRBANKS INTERNATIONAL AIRPORT - AK US,-3.5,-9.7,1016.3,998.3,9.4,0.2,4.1,999.9,1.0,-8.0,0.02,14.2,,False,False,True,False,False,False
70261026411,1/21/2019,64.80309,-147.87606,131.1,FAIRBANKS INTERNATIONAL AIRPORT - AK US,-9.3,-15.4,1013.5,995.5,10.0,2.5,8.9,999.9,-0.9,-23.1,0.0,14.2,,False,False,True,False,False,False
70261026411,1/22/2019,64.80309,-147.87606,131.1,FAIRBANKS INTERNATIONAL AIRPORT - AK US,-10.2,-16.7,1013.9,995.7,10.0,5.4,8.0,999.9,-2.9,-23.1,0.0,14.2,,False,False,False,False,False,False
70261026411,1/23/2019,64.80309,-147.87606,131.1,FAIRBANKS INTERNATIONAL AIRPORT - AK US,-1.7,-7.7,1009.8,991.8,10.0,2.0,7.0,999.9,12.0,-16.1,0.0,14.2,,False,False,False,False,False,False
70261026411,1/24/2019,64.80309,-147.87606,131.1,FAIRBANKS INTERNATIONAL AIRPORT - AK US,6.9,1.7,1006.7,989.0,10.0,0.9,6.0,999.9,18.0,-9.0,0.0,14.2,,False,False,False,False,False,False
70261026411,1/25/2019,64.80309,-147.87606,131.1,FAIRBANKS INTERNATIONAL AIRPORT - AK US,15.0,10.0,997.4,979.9,9.8,1.1,5.1,999.9,28.9,-2.9,0.0,14.2,,False,False,True,False,False,False
70261026411,1/26/2019,64.80309,-147.87606,131.1,FAIRBANKS INTERNATIONAL AIRPORT - AK US,23.4,19.6,1010.9,992.3,5.2,3.1,15.0,999.9,34.0,3.0,0.14,14.2,,True,False,True,False,False,False
70261026411,1/27/2019,64.80309,-147.87606,131.1,FAIRBANKS INTERNATIONAL AIRPORT - AK US,7.2,2.1,1024.1,6.2,10.0,0.8,4.1,999.9,14.0,1.9,0.0,16.1,FLAG_ANOMALY_STP,True,False,True,False,False,False
70261026411,1/28/2019,64.80309,-147.87606,131.1,FAIRBANKS INTERNATIONAL AIRPORT - AK US,15.6,11.0,1025.8,7.9,10.0,1.4,5.1,999.9,24.1,1.0,0.0,16.1,FLAG_ANOMALY_STP,False,False,True,False,False,False
70261026411,1/29/2019,64.80309,-147.87606,131.1,FAIRBANKS INTERNATIONAL AIRPORT - AK US,22.6,19.2,1012.8,996.4,3.9,0.8,5.1,999.9,25.0,12.9,0.08,16.1,,False,False,True,False,False,False
70261026411,1/30/2019,64.80309,-147.87606,131.1,FAIRBANKS INTERNATIONAL AIRPORT - AK US,9.3,4.8,1010.5,992.5,9.2,2.9,7.0,999.9,25.0,-2.9,0.11,16.1,,True,False,True,False,False,False
70261026411,1/31/2019,64.80309,-147.87606,131.1,FAIRBANKS INTERNATIONAL AIRPORT - AK US,-4.6,-11.0,1022.7,4.6,10.0,4.1,17.1,999.9,17.1,-23.1,0.0,16.9,FLAG_ANOMALY_STP,False,False,False,False,False,False
70261026411,2/1/2019,64.80309,-147.87606,131.1,FAIRBANKS INTERNATIONAL AIRPORT - AK US,-17.3,-24.5,1027.4,8.8,10.0,2.6,11.1,999.9,6.1,-26.0,0.0,16.1,FLAG_ANOMALY_STP,False,False,False,False,False,False
70261026411,2/2/2019,64.80309,-147.87606,131.1,FAIRBANKS INTERNATIONAL AIRPORT - AK US,-13.1,-20.7,1024.2,5.8,10.0,3.9,8.9,999.9,6.1,-29.0,0.0,16.1,FLAG_ANOMALY_STP,False,False,False,False,False,False
70261026411,2/3/2019,64.80309,-147.87606,131.1,FAIRBANKS INTERNATIONAL AIRPORT - AK US,0.4,-6.5,1023.2,5.1,7.8,1.3,4.1,999.9,9.0,-11.9,0.0,16.1,FLAG_ANOMALY_STP,False,False,True,False,False,False
70261026411,2/4/2019,64.80309,-147.87606,131.1,FAIRBANKS INTERNATIONAL AIRPORT - AK US,10.3,4.8,1018.2,0.3,4.3,1.6,5.1,999.9,12.9,9.0,0.1,16.1,FLAG_ANOMALY_STP,False,False,True,False,False,False
70261026411,2/5/2019,64.80309,-147.87606,131.1,FAIRBANKS INTERNATIONAL AIRPORT - AK US,12.5,7.8,1014.4,996.8,8.4,2.7,8.9,999.9,17.1,8.1,0.01,18.1,,False,False,True,False,False,False
70261026411,2/6/2019,64.80309,-147.87606,131.1,FAIRBANKS INTERNATIONAL AIRPORT - AK US,12.0,7.5,1018.0,0.3,9.8,0.9,4.1,999.9,19.0,1.9,0.0,18.1,FLAG_ANOMALY_STP,False,False,True,False,False,False
70261026411,2/7/2019,64.80309,-147.87606,131.1,FAIRBANKS INTERNATIONAL AIRPORT - AK US,7.0,1.8,1023.6,5.6,10.0,0.8,4.1,999.9,19.0,-0.9,0.0,18.1,FLAG_ANOMALY_STP,False,False,False,False,False,False
70261026411,2/8/2019,64.80309,-147.87606,131.1,FAIRBANKS INTERNATIONAL AIRPORT - AK US,14.1,9.2,1026.6,8.7,10.0,1.0,5.1,999.9,23.0,0.0,0.0,16.9,FLAG_ANOMALY_STP,False,False,False,False,False,False
70261026411,2/9/2019,64.80309,-147.87606,131.1,FAIRBANKS INTERNATIONAL AIRPORT - AK US,20.3,16.2,1034.6,17.7,5.2,2.0,8.0,999.9,24.1,8.1,0.09,16.9,FLAG_ANOMALY_STP,True,False,True,False,False,False
70261026411,2/10/2019,64.80309,-147.87606,131.1,FAIRBANKS INTERNATIONAL AIRPORT - AK US,6.5,2.0,1020.7,3.2,10.0,2.5,6.0,999.9,23.0,-2.0,0.01,18.1,FLAG_ANOMALY_STP,False,False,False,False,False,False
70261026411,2/11/2019,64.80309,-147.87606,131.1,FAIRBANKS INTERNATIONAL AIRPORT - AK US,18.5,13.5,1023.5,6.2,8.1,1.4,8.0,999.9,24.1,-2.0,0.0,16.9,FLAG_ANOMALY_STP,False,False,True,False,False,False
70261026411,2/12/2019,64.80309,-147.87606,131.1,FAIRBANKS INTERNATIONAL AIRPORT - AK US,24.2,18.7,1009.1,992.1,6.1,4.0,19.0,33.0,32.0,10.9,0.07,16.9,,False,True,True,False,False,False
70261026411,2/13/2019,64.80309,-147.87606,131.1,FAIRBANKS INTERNATIONAL AIRPORT - AK US,19.2,11.0,1010.7,993.4,5.6,9.1,19.0,33.0,32.0,8.1,0.27,18.1,,True,True,True,False,False,False
70261026411,2/14/2019,64.80309,-147.87606,131.1,FAIRBANKS INTERNATIONAL AIRPORT - AK US,3.1,-3.5,1025.7,7.5,8.8,3.4,8.9,999.9,23.0,-0.9,0.02,22.8,FLAG_ANOMALY_STP,False,False,True,False,False,False
70261026411,2/15/2019,64.80309,-147.87606,131.1,FAIRBANKS INTERNATIONAL AIRPORT - AK US,-10.2,-15.3,1023.3,5.0,9.8,2.7,8.0,999.9,5.0,-24.0,0.0,22.8,FLAG_ANOMALY_STP,False,False,False,False,False,False
70261026411,2/16/2019,64.80309,-147.87606,131.1,FAIRBANKS INTERNATIONAL AIRPORT - AK US,-10.2,-15.8,1022.4,4.2,9.6,2.2,8.0,999.9,3.9,-24.0,0.0,20.9,FLAG_ANOMALY_STP,False,False,True,False,False,False
70261026411,2/17/2019,64.80309,-147.87606,131.1,FAIRBANKS INTERNATIONAL AIRPORT - AK US,7.7,1.9,1020.6,4.1,9.3,2.2,6.0,999.9,23.0,-0.9,0.01,20.9,FLAG_ANOMALY_STP,False,False,True,False,False,False
70261026411,2/18/2019,64.80309,-147.87606,131.1,FAIRBANKS INTERNATIONAL AIRPORT - AK US,20.2,14.5,1007.0,989.7,5.7,2.0,6.0,999.9,24.1,-2.0,0.03,20.9,,False,False,True,False,False,False
70261026411,2/19/2019,64.80309,-147.87606,131.1,FAIRBANKS INTERNATIONAL AIRPORT - AK US,15.2,9.6,1012.6,994.5,8.7,3.9,11.1,15.9,24.1,-0.9,0.15,24.0,,False,False,True,False,False,False
70261026411,2/20/2019,64.80309,-147.87606,131.1,FAIRBANKS INTERNATIONAL AIRPORT - AK US,1.7,-4.5,1024.8,7.6,10.0,3.8,13.0,999.9,19.9,-15.0,0.01,24.0,FLAG_ANOMALY_STP,False,False,True,False,False,False
70261026411,2/21/2019,64.80309,-147.87606,131.1,FAIRBANKS INTERNATIONAL AIRPORT - AK US,3.0,-2.8,1015.8,997.9,10.0,3.5,6.0,999.9,14.0,-15.0,0.0,24.0,,False,False,False,False,False,False
70261026411,2/22/2019,64.80309,-147.87606,131.1,FAIRBANKS INTERNATIONAL AIRPORT - AK US,-7.8,-14.6,1026.6,8.9,9.2,1.9,6.0,999.9,12.9,-20.9,0.0,24.0,FLAG_ANOMALY_STP,False,False,True,False,False,False
70261026411,2/23/2019,64.80309,-147.87606,131.1,FAIRBANKS INTERNATIONAL AIRPORT - AK US,0.3,-5.5,1031.3,13.0,10.0,1.6,6.0,999.9,16.0,-20.9,0.02,22.0,FLAG_ANOMALY_STP,False,False,False,False,False,False
70261026411,2/24/2019,64.80309,-147.87606,131.1,FAIRBANKS INTERNATIONAL AIRPORT - AK US,2.5,-4.8,1030.5,12.3,10.0,1.4,5.1,999.9,19.0,-14.1,0.0,22.0,FLAG_ANOMALY_STP,False,False,False,False,False,False
70261026411,2/25/2019,64.80309,-147.87606,131.1,FAIRBANKS INTERNATIONAL AIRPORT - AK US,3.1,-4.0,1031.1,12.9,10.0,0.7,5.1,999.9,24.1,-6.0,0.0,22.0,FLAG_ANOMALY_STP,False,False,False,False,False,False
70261026411,2/26/2019,64.80309,-147.87606,131.1,FAIRBANKS INTERNATIONAL AIRPORT - AK US,4.2,-2.2,1029.1,11.0,10.0,1.0,6.0,999.9,25.0,-9.9,0.0,20.9,FLAG_ANOMALY_STP,False,False,False,False,False,False
70261026411,2/27/2019,64.80309,-147.87606,131.1,FAIRBANKS INTERNATIONAL AIRPORT - AK US,1.3,-5.4,1032.5,14.3,10.0,0.7,4.1,999.9,21.9,-13.0,0.0,20.1,FLAG_ANOMALY_STP,False,False,False,False,False,False
70261026411,2/28/2019,64.80309,-147.87606,131.1,FAIRBANKS INTERNATIONAL AIRPORT - AK US,1.9,-5.0,1030.2,12.1,10.0,0.6,4.1,999.9,21.0,-13.0,0.0,20.1,FLAG_ANOMALY_STP,False,False,False,False,False,False
70261026411,3/1/2019,64.80309,-147.87606,131.1,FAIRBANKS INTERNATIONAL AIRPORT - AK US,5.1,-2.0,1024.0,6.0,10.0,0.8,4.1,999.9,25.0,-11.0,0.0,20.1,FLAG_ANOMALY_STP,False,False,False,False,False,False
70261026411,3/2/2019,64.80309,-147.87606,131.1,FAIRBANKS INTERNATIONAL AIRPORT - AK US,5.5,-1.4,1025.6,7.6,10.0,0.3,5.1,999.9,25.0,-9.9,0.0,20.1,FLAG_ANOMALY_STP,False,False,True,False,False,False
70261026411,3/3/2019,64.80309,-147.87606,131.1,FAIRBANKS INTERNATIONAL AIRPORT - AK US,17.6,11.4,1036.5,17.7,7.7,1.2,7.0,999.9,23.0,10.0,0.02,20.1,FLAG_ANOMALY_STP,False,False,True,False,False,False
70261026411,3/4/2019,64.80309,-147.87606,131.1,FAIRBANKS INTERNATIONAL AIRPORT - AK US,8.3,3.7,1036.8,19.0,10.0,2.1,6.0,999.9,26.1,-4.0,0.02,20.1,FLAG_ANOMALY_STP,False,False,False,False,False,False
70261026411,3/5/2019,64.80309,-147.87606,131.1,FAIRBANKS INTERNATIONAL AIRPORT - AK US,5.0,-0.5,1025.3,7.6,10.0,1.5,4.1,999.9,27.0,-9.0,0.0,20.9,FLAG_ANOMALY_STP,False,False,False,False,False,False
70261026411,3/6/2019,64.80309,-147.87606,131.1,FAIRBANKS INTERNATIONAL AIRPORT - AK US,19.3,11.0,1017.4,999.7,8.8,1.0,4.1,999.9,25.0,12.9,0.0,20.1,,False,False,True,False,False,False
70261026411,3/7/2019,64.80309,-147.87606,131.1,FAIRBANKS INTERNATIONAL AIRPORT - AK US,23.3,18.4,1009.6,992.7,7.1,2.3,6.0,999.9,30.9,12.9,0.11,20.9,,False,False,True,False,False,False
70261026411,3/8/2019,64.80309,-147.87606,131.1,FAIRBANKS INTERNATIONAL AIRPORT - AK US,23.6,17.5,1003.8,986.5,10.0,0.7,5.1,999.9,37.0,15.1,0.0,20.9,,True,False,False,False,False,False
70261026411,3/9/2019,64.80309,-147.87606,131.1,FAIRBANKS INTERNATIONAL AIRPORT - AK US,24.7,14.6,999.4,982.2,10.0,2.5,8.9,999.9,42.1,14.0,0.0,20.1,,False,False,False,False,False,False
70261026411,3/10/2019,64.80309,-147.87606,131.1,FAIRBANKS INTERNATIONAL AIRPORT - AK US,32.3,18.2,982.2,965.3,10.0,5.1,8.9,999.9,43.0,14.0,0.0,20.1,,False,False,False,False,False,False
70261026411,3/11/2019,64.80309,-147.87606,131.1,FAIRBANKS INTERNATIONAL AIRPORT - AK US,23.0,14.0,982.3,965.4,10.0,1.3,5.1,999.9,43.0,10.0,0.0,20.1,,False,False,False,False,False,False
70261026411,3/12/2019,64.80309,-147.87606,131.1,FAIRBANKS INTERNATIONAL AIRPORT - AK US,28.7,21.5,996.2,980.1,7.2,1.2,4.1,999.9,37.0,10.0,0.0,18.1,,True,False,True,False,False,False
70261026411,3/13/2019,64.80309,-147.87606,131.1,FAIRBANKS INTERNATIONAL AIRPORT - AK US,21.5,15.0,1004.1,986.8,10.0,3.7,9.9,999.9,37.9,8.1,0.05,18.9,,False,False,True,False,False,False
70261026411,3/14/2019,64.80309,-147.87606,131.1,FAIRBANKS INTERNATIONAL AIRPORT - AK US,27.3,13.6,997.1,979.9,10.0,5.7,9.9,999.9,37.9,8.1,0.0,18.9,,False,False,False,False,False,False
70261026411,3/15/2019,64.80309,-147.87606,131.1,FAIRBANKS INTERNATIONAL AIRPORT - AK US,24.2,13.8,1003.4,986.2,10.0,2.6,8.9,999.9,43.0,5.0,0.0,18.9,,False,False,False,False,False,False
70261026411,3/16/2019,64.80309,-147.87606,131.1,FAIRBANKS INTERNATIONAL AIRPORT - AK US,33.2,15.2,998.4,981.3,10.0,5.5,8.9,999.9,44.1,21.9,0.0,18.9,,False,False,False,False,False,False
70261026411,3/17/2019,64.80309,-147.87606,131.1,FAIRBANKS INTERNATIONAL AIRPORT - AK US,35.2,22.6,996.9,979.9,10.0,4.0,8.9,999.9,46.9,21.9,0.0,18.9,,False,False,False,False,False,False
70261026411,3/18/2019,64.80309,-147.87606,131.1,FAIRBANKS INTERNATIONAL AIRPORT - AK US,37.3,24.1,993.8,977.0,10.0,3.5,13.0,19.0,48.9,26.1,0.0,18.9,,False,False,False,False,False,False
70261026411,3/19/2019,64.80309,-147.87606,131.1,FAIRBANKS INTERNATIONAL AIRPORT - AK US,35.3,25.4,1001.6,984.6,9.6,6.8,17.1,22.9,48.9,27.0,0.0,18.1,,False,False,True,False,False,False
70261026411,3/20/2019,64.80309,-147.87606,131.1,FAIRBANKS INTERNATIONAL AIRPORT - AK US,23.7,12.4,1015.2,997.7,10.0,6.1,12.0,999.9,42.1,10.9,0.0,16.1,,False,False,False,False,False,False
70261026411,3/21/2019,64.80309,-147.87606,131.1,FAIRBANKS INTERNATIONAL AIRPORT - AK US,33.0,21.4,999.8,982.8,10.0,3.2,7.0,999.9,52.0,10.9,0.0,15.0,,False,False,False,False,False,False
70261026411,3/22/2019,64.80309,-147.87606,131.1,FAIRBANKS INTERNATIONAL AIRPORT - AK US,40.2,23.6,1001.0,984.0,10.0,5.0,8.9,999.9,53.1,21.0,0.0,15.0,,False,False,False,False,False,False
70261026411,3/23/2019,64.80309,-147.87606,131.1,FAIRBANKS INTERNATIONAL AIRPORT - AK US,38.5,23.1,1004.0,987.0,10.0,5.7,9.9,999.9,51.1,28.0,0.0,13.0,,False,False,False,False,False,False
70261026411,3/24/2019,64.80309,-147.87606,131.1,FAIRBANKS INTERNATIONAL AIRPORT - AK US,35.3,24.3,1014.4,997.2,10.0,1.9,7.0,999.9,52.0,26.1,0.0,13.0,,False,False,False,False,False,False
70261026411,3/25/2019,64.80309,-147.87606,131.1,FAIRBANKS INTERNATIONAL AIRPORT - AK US,38.9,28.7,1018.6,1.4,8.5,2.5,8.0,999.9,50.0,26.1,0.0,11.8,FLAG_ANOMALY_STP,False,True,True,False,False,False
70261026411,3/26/2019,64.80309,-147.87606,131.1,FAIRBANKS INTERNATIONAL AIRPORT - AK US,37.4,32.7,1018.8,1.5,10.0,2.9,6.0,999.9,45.0,34.0,0.09,11.0,FLAG_ANOMALY_STP,False,True,True,False,False,False
70261026411,3/27/2019,64.80309,-147.87606,131.1,FAIRBANKS INTERNATIONAL AIRPORT - AK US,37.9,31.8,1023.0,5.7,8.2,2.2,6.0,999.9,45.0,34.0,0.05,9.8,FLAG_ANOMALY_STP,False,True,True,False,False,False
70261026411,3/28/2019,64.80309,-147.87606,131.1,FAIRBANKS INTERNATIONAL AIRPORT - AK US,33.9,25.3,1023.7,6.2,10.0,2.3,6.0,999.9,43.0,27.0,0.1,7.9,FLAG_ANOMALY_STP,False,False,False,False,False,False
70261026411,3/29/2019,64.80309,-147.87606,131.1,FAIRBANKS INTERNATIONAL AIRPORT - AK US,33.1,26.6,1028.9,11.4,8.0,2.3,7.0,999.9,43.0,24.1,0.01,5.9,FLAG_ANOMALY_STP,False,True,False,False,False,False
70261026411,3/30/2019,64.80309,-147.87606,131.1,FAIRBANKS INTERNATIONAL AIRPORT - AK US,30.4,20.8,1037.2,19.5,10.0,1.1,6.0,999.9,42.1,19.9,0.0,5.9,FLAG_ANOMALY_STP,False,False,False,False,False,False
70261026411,3/31/2019,64.80309,-147.87606,131.1,FAIRBANKS INTERNATIONAL AIRPORT - AK US,33.6,24.6,1037.1,19.4,10.0,0.5,2.9,999.9,50.0,19.9,0.0,5.9,FLAG_ANOMALY_STP,False,False,False,False,False,False
70261026411,4/1/2019,64.80309,-147.87606,131.1,FAIRBANKS INTERNATIONAL AIRPORT - AK US,36.4,24.6,1032.0,14.5,10.0,0.9,5.1,999.9,54.0,21.9,0.0,5.9,FLAG_ANOMALY_STP,False,False,False,False,False,False
70261026411,4/2/2019,64.80309,-147.87606,131.1,FAIRBANKS INTERNATIONAL AIRPORT - AK US,36.4,24.4,1022.9,5.5,10.0,2.2,8.9,999.9,51.1,23.0,0.0,3.9,FLAG_ANOMALY_STP,False,False,False,False,False,False
70261026411,4/3/2019,64.80309,-147.87606,131.1,FAIRBANKS INTERNATIONAL AIRPORT - AK US,25.3,6.8,1018.6,1.1,10.0,14.1,22.0,26.0,43.0,17.1,0.0,3.1,FLAG_ANOMALY_STP,False,False,False,False,False,False
70261026411,4/4/2019,64.80309,-147.87606,131.1,FAIRBANKS INTERNATIONAL AIRPORT - AK US,20.2,-0.5,1014.5,996.9,10.0,13.0,22.0,29.9,30.9,12.0,0.0,3.1,,False,False,False,False,False,False
70261026411,4/5/2019,64.80309,-147.87606,131.1,FAIRBANKS INTERNATIONAL AIRPORT - AK US,27.4,7.0,1004.6,987.4,10.0,10.4,15.9,22.9,39.9,12.0,0.0,999.9,,False,False,False,False,False,False
70261026411,4/6/2019,64.80309,-147.87606,131.1,FAIRBANKS INTERNATIONAL AIRPORT - AK US,31.6,11.8,994.1,977.1,10.0,8.2,14.0,999.9,41.0,17.1,0.0,999.9,,False,False,False,False,False,False
70261026411,4/7/2019,64.80309,-147.87606,131.1,FAIRBANKS INTERNATIONAL AIRPORT - AK US,35.8,17.4,992.2,975.3,10.0,6.7,11.1,999.9,53.1,24.1,0.0,999.9,,False,False,False,False,False,False
70261026411,4/8/2019,64.80309,-147.87606,131.1,FAIRBANKS INTERNATIONAL AIRPORT - AK US,38.3,21.6,994.5,977.7,10.0,3.0,11.1,999.9,54.0,25.0,0.0,999.9,,False,False,False,False,False,False
70261026411,4/9/2019,64.80309,-147.87606,131.1,FAIRBANKS INTERNATIONAL AIRPORT - AK US,41.5,25.7,999.8,982.9,10.0,1.8,8.0,999.9,55.0,25.0,0.0,999.9,,False,False,True,False,False,False
70261026411,4/10/2019,64.80309,-147.87606,131.1,FAIRBANKS INTERNATIONAL AIRPORT - AK US,39.5,24.9,1010.6,993.5,10.0,1.9,8.0,999.9,54.0,27.0,0.0,999.9,,False,False,False,False,False,False
70261026411,4/11/2019,64.80309,-147.87606,131.1,FAIRBANKS INTERNATIONAL AIRPORT - AK US,41.9,25.5,1008.1,991.0,10.0,5.2,11.1,999.9,53.1,27.0,0.0,999.9,,False,False,False,False,False,False
70261026411,4/12/2019,64.80309,-147.87606,131.1,FAIRBANKS INTERNATIONAL AIRPORT - AK US,43.4,23.0,996.2,979.4,10.0,3.5,11.1,999.9,53.1,28.0,0.0,999.9,,False,False,False,False,False,False
70261026411,4/13/2019,64.80309,-147.87606,131.1,FAIRBANKS INTERNATIONAL AIRPORT - AK US,41.4,28.8,1000.3,983.5,9.9,2.2,8.0,999.9,51.1,33.1,0.0,999.9,,False,True,True,False,False,False
70261026411,4/14/2019,64.80309,-147.87606,131.1,FAIRBANKS INTERNATIONAL AIRPORT - AK US,40.9,27.4,1002.4,985.5,10.0,5.2,8.0,999.9,50.0,30.9,0.0,999.9,,False,False,False,False,False,False
70261026411,4/15/2019,64.80309,-147.87606,131.1,FAIRBANKS INTERNATIONAL AIRPORT - AK US,38.0,25.5,1004.2,987.1,10.0,3.8,8.0,999.9,51.1,28.0,0.0,999.9,,False,False,False,False,False,False
70261026411,4/16/2019,64.80309,-147.87606,131.1,FAIRBANKS INTERNATIONAL AIRPORT - AK US,39.9,25.5,997.2,980.3,10.0,2.0,7.0,999.9,50.0,28.0,0.0,999.9,,False,False,False,False,False,False
70261026411,4/17/2019,64.80309,-147.87606,131.1,FAIRBANKS INTERNATIONAL AIRPORT - AK US,33.4,23.8,999.2,982.4,7.0,4.9,12.0,999.9,48.9,26.1,0.08,999.9,,False,False,True,False,False,False
70261026411,4/18/2019,64.80309,-147.87606,131.1,FAIRBANKS INTERNATIONAL AIRPORT - AK US,29.6,21.4,1000.0,982.9,7.8,3.7,8.0,999.9,39.0,26.1,0.05,999.9,,False,False,True,False,False,False
70261026411,4/19/2019,64.80309,-147.87606,131.1,FAIRBANKS INTERNATIONAL AIRPORT - AK US,29.9,24.7,1001.3,984.0,4.9,4.0,7.0,999.9,35.1,26.1,0.08,2.0,,False,False,True,False,False,False
70261026411,4/20/2019,64.80309,-147.87606,131.1,FAIRBANKS INTERNATIONAL AIRPORT - AK US,32.2,21.6,1005.8,988.6,10.0,3.7,12.0,22.9,45.0,21.0,0.03,2.0,,False,False,False,False,False,False
70261026411,4/21/2019,64.80309,-147.87606,131.1,FAIRBANKS INTERNATIONAL AIRPORT - AK US,38.3,19.0,1002.4,985.4,10.0,6.2,14.0,22.9,55.4,30.0,0.0,1.2,,False,False,False,False,False,False
70261026411,4/22/2019,64.80309,-147.87606,131.1,FAIRBANKS INTERNATIONAL AIRPORT - AK US,46.1,22.7,989.3,972.6,10.0,6.2,15.9,22.9,55.9,27.0,0.0,999.9,,False,False,False,False,False,False
70261026411,4/23/2019,64.80309,-147.87606,131.1,FAIRBANKS INTERNATIONAL AIRPORT - AK US,36.0,29.0,997.3,980.9,4.7,7.2,15.9,22.9,55.9,28.9,0.21,999.9,,False,True,True,False,False,False
70261026411,4/24/2019,64.80309,-147.87606,131.1,FAIRBANKS INTERNATIONAL AIRPORT - AK US,32.7,26.2,1015.8,998.0,6.0,4.1,8.0,999.9,43.0,28.9,0.08,999.9,,False,False,True,False,False,False
70261026411,4/25/2019,64.80309,-147.87606,131.1,FAIRBANKS INTERNATIONAL AIRPORT - AK US,37.3,21.2,1022.2,4.8,10.0,5.2,8.9,999.9,50.0,26.1,0.0,1.2,FLAG_ANOMALY_STP,False,False,False,False,False,False
70261026411,4/26/2019,64.80309,-147.87606,131.1,FAIRBANKS INTERNATIONAL AIRPORT - AK US,39.6,18.0,1024.4,7.0,10.0,6.1,13.0,999.9,50.0,26.1,0.0,999.9,FLAG_ANOMALY_STP,False,False,False,False,False,False
70261026411,4/27/2019,64.80309,-147.87606,131.1,FAIRBANKS INTERNATIONAL AIRPORT - AK US,38.9,17.4,1029.4,12.0,10.0,3.9,9.9,999.9,52.0,24.1,0.0,999.9,FLAG_ANOMALY_STP,False,False,False,False,False,False
70261026411,4/28/2019,64.80309,-147.87606,131.1,FAIRBANKS INTERNATIONAL AIRPORT - AK US,41.5,19.2,1031.3,13.9,10.0,3.7,7.0,999.9,57.0,24.1,0.0,999.9,FLAG_ANOMALY_STP,False,False,False,False,False,False
70261026411,4/29/2019,64.80309,-147.87606,131.1,FAIRBANKS INTERNATIONAL AIRPORT - AK US,46.4,18.8,1030.0,12.6,10.0,4.1,8.9,999.9,62.1,26.1,0.0,999.9,FLAG_ANOMALY_STP,False,False,False,False,False,False
70261026411,4/30/2019,64.80309,-147.87606,131.1,FAIRBANKS INTERNATIONAL AIRPORT - AK US,51.2,21.2,1026.6,9.4,10.0,3.8,8.0,999.9,66.9,28.9,0.0,999.9,FLAG_ANOMALY_STP,False,False,False,False,False,False
70261026411,5/1/2019,64.80309,-147.87606,131.1,FAIRBANKS INTERNATIONAL AIRPORT - AK US,55.4,27.9,1021.9,4.8,10.0,3.5,8.0,999.9,69.1,33.1,0.0,999.9,FLAG_ANOMALY_STP,False,False,False,False,False,False
70261026411,5/2/2019,64.80309,-147.87606,131.1,FAIRBANKS INTERNATIONAL AIRPORT - AK US,54.3,25.1,1012.4,995.5,10.0,7.7,15.0,22.0,70.0,35.1,0.0,999.9,,False,False,False,False,False,False
70261026411,5/3/2019,64.80309,-147.87606,131.1,FAIRBANKS INTERNATIONAL AIRPORT - AK US,40.5,28.1,1013.8,996.6,8.7,7.6,19.0,999.9,57.9,34.0,0.03,999.9,,False,True,True,False,False,False
70261026411,5/4/2019,64.80309,-147.87606,131.1,FAIRBANKS INTERNATIONAL AIRPORT - AK US,39.0,21.2,1018.8,1.5,10.0,6.0,8.9,999.9,48.9,33.1,0.04,999.9,FLAG_ANOMALY_STP,False,False,False,False,False,False
70261026411,5/5/2019,64.80309,-147.87606,131.1,FAIRBANKS INTERNATIONAL AIRPORT - AK US,39.9,19.1,1014.9,997.7,10.0,5.3,13.0,999.9,50.0,30.0,0.0,999.9,,False,False,False,False,False,False
70261026411,5/6/2019,64.80309,-147.87606,131.1,FAIRBANKS INTERNATIONAL AIRPORT - AK US,41.0,23.0,1004.6,987.7,10.0,9.0,13.0,15.9,48.9,30.0,0.0,999.9,,False,False,False,False,False,False
70261026411,5/7/2019,64.80309,-147.87606,131.1,FAIRBANKS INTERNATIONAL AIRPORT - AK US,43.0,23.3,1008.0,991.0,10.0,7.4,12.0,999.9,68.0,28.9,0.0,999.9,,False,False,False,False,False,False
70261026411,5/8/2019,64.80309,-147.87606,131.1,FAIRBANKS INTERNATIONAL AIRPORT - AK US,53.9,32.1,1008.1,991.2,10.0,4.2,8.9,999.9,69.1,45.0,0.0,999.9,,False,True,False,False,False,False
70261026411,5/9/2019,64.80309,-147.87606,131.1,FAIRBANKS INTERNATIONAL AIRPORT - AK US,47.2,37.5,1018.9,1.7,10.0,2.1,12.0,999.9,61.0,41.0,0.15,999.9,FLAG_ANOMALY_STP,False,True,False,False,False,False
70261026411,5/10/2019,64.80309,-147.87606,131.1,FAIRBANKS INTERNATIONAL AIRPORT - AK US,55.8,28.9,1008.1,991.2,10.0,7.8,13.0,19.0,68.0,41.0,0.01,999.9,,False,True,False,False,False,False
70261026411,5/11/2019,64.80309,-147.87606,131.1,FAIRBANKS INTERNATIONAL AIRPORT - AK US,51.6,26.7,1001.4,984.7,10.0,5.3,17.1,27.0,68.0,36.0,0.0,999.9,,False,False,False,False,False,False
70261026411,5/12/2019,64.80309,-147.87606,131.1,FAIRBANKS INTERNATIONAL AIRPORT - AK US,50.9,30.2,1013.4,996.5,10.0,4.8,20.0,24.1,60.1,36.0,0.0,999.9,,False,True,False,False,False,False
70261026411,5/13/2019,64.80309,-147.87606,131.1,FAIRBANKS INTERNATIONAL AIRPORT - AK US,51.3,27.3,1014.0,997.1,10.0,3.4,8.0,999.9,64.0,39.9,0.0,999.9,,False,False,False,False,False,False
70261026411,5/14/2019,64.80309,-147.87606,131.1,FAIRBANKS INTERNATIONAL AIRPORT - AK US,51.3,28.6,1010.3,993.4,10.0,2.3,6.0,999.9,64.0,35.1,0.0,999.9,,False,False,False,False,False,False
70261026411,5/15/2019,64.80309,-147.87606,131.1,FAIRBANKS INTERNATIONAL AIRPORT - AK US,55.3,34.6,1008.8,992.0,10.0,2.2,8.0,17.1,73.9,35.1,0.0,999.9,,False,False,False,False,False,False
70261026411,5/16/2019,64.80309,-147.87606,131.1,FAIRBANKS INTERNATIONAL AIRPORT - AK US,63.3,27.0,1002.3,986.0,10.0,7.9,22.9,31.1,75.0,39.9,0.0,999.9,,False,True,False,False,False,False
70261026411,5/17/2019,64.80309,-147.87606,131.1,FAIRBANKS INTERNATIONAL AIRPORT - AK US,58.2,36.5,999.4,982.8,9.9,5.4,18.1,25.1,72.0,46.0,0.02,999.9,,False,True,False,False,False,False
70261026411,5/18/2019,64.80309,-147.87606,131.1,FAIRBANKS INTERNATIONAL AIRPORT - AK US,56.5,38.4,1004.5,987.8,10.0,4.0,11.1,999.9,68.0,46.0,0.0,999.9,,False,False,False,False,False,False
70261026411,5/19/2019,64.80309,-147.87606,131.1,FAIRBANKS INTERNATIONAL AIRPORT - AK US,53.2,44.5,1008.0,991.4,7.6,3.2,14.0,22.0,66.9,45.0,0.35,999.9,,True,True,False,False,False,False
70261026411,5/20/2019,64.80309,-147.87606,131.1,FAIRBANKS INTERNATIONAL AIRPORT - AK US,55.8,39.3,1005.0,988.2,10.0,3.0,11.1,15.9,71.1,43.0,0.0,999.9,,False,False,False,False,False,False
70261026411,5/21/2019,64.80309,-147.87606,131.1,FAIRBANKS INTERNATIONAL AIRPORT - AK US,58.3,35.4,1011.3,994.4,10.0,2.9,11.1,20.0,73.0,42.1,0.0,999.9,,False,True,False,False,False,False
70261026411,5/22/2019,64.80309,-147.87606,131.1,FAIRBANKS INTERNATIONAL AIRPORT - AK US,59.6,36.9,1015.4,998.5,10.0,3.1,8.9,999.9,75.0,42.1,0.0,999.9,,False,False,False,False,False,False
70261026411,5/23/2019,64.80309,-147.87606,131.1,FAIRBANKS INTERNATIONAL AIRPORT - AK US,61.1,43.3,1010.9,994.1,10.0,3.7,18.1,999.9,73.0,45.0,0.0,999.9,,False,True,False,False,False,False
70261026411,5/24/2019,64.80309,-147.87606,131.1,FAIRBANKS INTERNATIONAL AIRPORT - AK US,57.6,43.4,1016.0,999.3,10.0,6.0,11.1,18.1,68.0,48.9,0.05,999.9,,False,True,False,False,False,False
70261026411,5/25/2019,64.80309,-147.87606,131.1,FAIRBANKS INTERNATIONAL AIRPORT - AK US,59.2,43.8,1017.9,1.0,10.0,3.9,11.1,14.0,73.9,45.0,0.04,999.9,FLAG_ANOMALY_STP,False,False,False,False,False,False
70261026411,5/26/2019,64.80309,-147.87606,131.1,FAIRBANKS INTERNATIONAL AIRPORT - AK US,65.3,40.3,1007.4,990.7,10.0,2.4,9.9,999.9,75.0,45.0,0.0,999.9,,False,False,False,False,False,False
70261026411,5/27/2019,64.80309,-147.87606,131.1,FAIRBANKS INTERNATIONAL AIRPORT - AK US,65.1,39.5,1003.2,986.6,9.7,6.3,12.0,22.0,75.0,55.0,0.0,999.9,,False,False,False,False,False,False
70261026411,5/28/2019,64.80309,-147.87606,131.1,FAIRBANKS INTERNATIONAL AIRPORT - AK US,56.9,38.2,1012.1,995.3,10.0,4.7,13.0,18.1,69.1,46.9,0.0,999.9,,False,True,False,False,False,False
70261026411,5/29/2019,64.80309,-147.87606,131.1,FAIRBANKS INTERNATIONAL AIRPORT - AK US,56.2,39.8,1015.0,998.1,10.0,3.4,13.0,999.9,70.0,44.1,0.02,999.9,,False,True,False,False,False,False
70261026411,5/30/2019,64.80309,-147.87606,131.1,FAIRBANKS INTERNATIONAL AIRPORT - AK US,62.6,38.1,1013.0,996.2,10.0,4.5,9.9,999.9,73.9,44.1,0.0,999.9,,False,False,False,False,False,False
70261026411,5/31/2019,64.80309,-147.87606,131.1,FAIRBANKS INTERNATIONAL AIRPORT - AK US,64.8,41.1,1005.8,989.1,9.4,5.4,12.0,15.0,75.0,48.9,0.0,999.9,,False,True,False,False,False,False
70261026411,6/1/2019,64.80309,-147.87606,131.1,FAIRBANKS INTERNATIONAL AIRPORT - AK US,53.1,49.7,1005.8,989.2,7.1,4.8,11.1,999.9,64.9,51.1,0.39,999.9,,False,True,False,False,False,False
70261026411,6/2/2019,64.80309,-147.87606,131.1,FAIRBANKS INTERNATIONAL AIRPORT - AK US,54.1,49.2,1011.1,994.5,8.8,3.7,9.9,999.9,64.0,50.0,0.4,999.9,,False,True,False,False,False,False
70261026411,6/3/2019,64.80309,-147.87606,131.1,FAIRBANKS INTERNATIONAL AIRPORT - AK US,55.3,43.0,1010.5,993.6,9.7,4.0,12.0,18.1,69.1,44.1,0.66,999.9,,False,True,False,True,True,False
70261026411,6/4/2019,64.80309,-147.87606,131.1,FAIRBANKS INTERNATIONAL AIRPORT - AK US,58.3,32.3,1013.0,996.1,10.0,5.5,12.0,999.9,69.1,44.1,0.0,999.9,,False,False,False,False,False,False
70261026411,6/5/2019,64.80309,-147.87606,131.1,FAIRBANKS INTERNATIONAL AIRPORT - AK US,59.2,35.9,1014.8,998.0,10.0,3.1,8.0,999.9,72.0,44.1,0.0,999.9,,False,False,False,False,False,False
70261026411,6/6/2019,64.80309,-147.87606,131.1,FAIRBANKS INTERNATIONAL AIRPORT - AK US,59.5,43.6,1015.3,998.4,10.0,3.4,13.0,999.9,71.1,45.0,0.0,999.9,,False,True,False,False,True,False
70261026411,6/7/2019,64.80309,-147.87606,131.1,FAIRBANKS INTERNATIONAL AIRPORT - AK US,57.7,44.2,1016.1,999.1,10.0,4.1,15.0,999.9,70.0,46.0,0.0,999.9,,False,True,False,False,True,False
70261026411,6/8/2019,64.80309,-147.87606,131.1,FAIRBANKS INTERNATIONAL AIRPORT - AK US,57.6,44.4,1016.2,999.3,10.0,2.7,9.9,999.9,69.1,46.0,0.0,999.9,,False,False,False,False,False,False
70261026411,6/9/2019,64.80309,-147.87606,131.1,FAIRBANKS INTERNATIONAL AIRPORT - AK US,59.9,44.1,1018.2,1.3,10.0,3.0,9.9,999.9,72.0,46.0,0.0,999.9,FLAG_ANOMALY_STP,False,False,False,False,False,False
70261026411,6/10/2019,64.80309,-147.87606,131.1,FAIRBANKS INTERNATIONAL AIRPORT - AK US,59.5,47.9,1017.8,0.9,10.0,2.3,15.0,21.0,73.0,46.0,0.03,999.9,FLAG_ANOMALY_STP,False,True,False,False,False,False
70261026411,6/11/2019,64.80309,-147.87606,131.1,FAIRBANKS INTERNATIONAL AIRPORT - AK US,61.0,47.9,1011.7,994.9,10.0,4.9,14.0,18.1,73.0,48.9,0.0,999.9,,False,True,False,False,True,False
70261026411,6/12/2019,64.80309,-147.87606,131.1,FAIRBANKS INTERNATIONAL AIRPORT - AK US,62.5,45.2,1008.2,991.5,10.0,4.4,13.0,18.1,73.0,46.9,0.05,999.9,,False,True,False,False,True,False
70261026411,6/13/2019,64.80309,-147.87606,131.1,FAIRBANKS INTERNATIONAL AIRPORT - AK US,65.1,44.1,1009.3,992.6,10.0,5.1,12.0,18.1,75.0,46.9,0.0,999.9,,False,False,False,False,False,False
70261026411,6/14/2019,64.80309,-147.87606,131.1,FAIRBANKS INTERNATIONAL AIRPORT - AK US,67.2,45.0,1009.2,992.5,10.0,5.5,18.1,28.0,78.1,50.0,0.0,999.9,,False,False,False,False,False,False
70261026411,6/15/2019,64.80309,-147.87606,131.1,FAIRBANKS INTERNATIONAL AIRPORT - AK US,66.3,46.5,1006.1,989.5,10.0,6.6,12.0,17.1,78.1,50.0,0.0,999.9,,False,True,False,False,False,False
70261026411,6/16/2019,64.80309,-147.87606,131.1,FAIRBANKS INTERNATIONAL AIRPORT - AK US,64.8,48.9,1007.7,991.2,9.9,5.0,15.0,21.0,75.9,55.0,0.02,999.9,,False,True,False,False,False,False
70261026411,6/17/2019,64.80309,-147.87606,131.1,FAIRBANKS INTERNATIONAL AIRPORT - AK US,64.3,48.6,1003.0,986.4,10.0,4.0,14.0,20.0,79.0,50.0,0.0,999.9,,False,False,False,False,False,False
70261026411,6/18/2019,64.80309,-147.87606,131.1,FAIRBANKS INTERNATIONAL AIRPORT - AK US,64.1,47.3,1006.0,989.3,10.0,5.2,9.9,999.9,75.0,50.0,0.02,999.9,,False,True,False,False,False,False
70261026411,6/19/2019,64.80309,-147.87606,131.1,FAIRBANKS INTERNATIONAL AIRPORT - AK US,66.1,53.6,1015.8,999.0,10.0,3.5,8.0,999.9,75.9,55.9,0.0,999.9,,False,True,False,False,False,False
70261026411,6/20/2019,64.80309,-147.87606,131.1,FAIRBANKS INTERNATIONAL AIRPORT - AK US,68.8,52.8,1021.0,4.2,10.0,2.0,8.0,999.9,82.0,55.0,0.0,999.9,FLAG_ANOMALY_STP,False,False,False,False,False,False
70261026411,6/21/2019,64.80309,-147.87606,131.1,FAIRBANKS INTERNATIONAL AIRPORT - AK US,71.3,52.1,1017.8,1.0,10.0,1.6,6.0,999.9,84.0,55.0,0.0,999.9,FLAG_ANOMALY_STP,False,False,False,False,False,False
70261026411,6/22/2019,64.80309,-147.87606,131.1,FAIRBANKS INTERNATIONAL AIRPORT - AK US,70.6,52.3,1012.5,995.9,10.0,5.2,12.0,18.1,84.9,55.0,0.0,999.9,,False,True,False,False,False,False
70261026411,6/23/2019,64.80309,-147.87606,131.1,FAIRBANKS INTERNATIONAL AIRPORT - AK US,65.5,54.9,1015.5,998.8,8.9,2.6,11.1,999.9,82.9,57.9,0.01,999.9,,False,True,False,False,True,False
70261026411,6/24/2019,64.80309,-147.87606,131.1,FAIRBANKS INTERNATIONAL AIRPORT - AK US,63.7,54.2,1016.6,999.8,9.7,2.8,13.0,19.0,73.0,57.0,0.08,999.9,,False,True,False,False,False,False
70261026411,6/25/2019,64.80309,-147.87606,131.1,FAIRBANKS INTERNATIONAL AIRPORT - AK US,65.3,44.6,1014.8,998.1,10.0,4.3,11.1,14.0,75.9,52.0,0.0,999.9,,False,False,False,False,False,False
70261026411,6/26/2019,64.80309,-147.87606,131.1,FAIRBANKS INTERNATIONAL AIRPORT - AK US,66.2,42.2,1018.7,1.9,7.7,5.6,11.1,17.1,75.9,52.0,0.0,999.9,FLAG_ANOMALY_STP,False,False,False,False,False,False
70261026411,6/27/2019,64.80309,-147.87606,131.1,FAIRBANKS INTERNATIONAL AIRPORT - AK US,66.2,44.2,1019.8,2.9,5.9,2.3,6.0,999.9,79.0,52.0,0.0,999.9,FLAG_ANOMALY_STP,False,False,False,False,False,False
70261026411,6/28/2019,64.80309,-147.87606,131.1,FAIRBANKS INTERNATIONAL AIRPORT - AK US,68.9,52.6,1018.5,1.7,5.1,2.6,7.0,999.9,84.0,53.1,0.0,999.9,FLAG_ANOMALY_STP,False,True,False,False,False,False
70261026411,6/29/2019,64.80309,-147.87606,131.1,FAIRBANKS INTERNATIONAL AIRPORT - AK US,73.7,55.1,1018.0,1.2,8.5,3.5,9.9,999.9,89.1,55.9,0.0,999.9,FLAG_ANOMALY_STP,False,False,False,False,False,False
70261026411,6/30/2019,64.80309,-147.87606,131.1,FAIRBANKS INTERNATIONAL AIRPORT - AK US,76.7,55.7,1017.5,0.8,5.7,4.1,13.0,15.9,89.1,59.0,0.0,999.9,FLAG_ANOMALY_STP,False,False,False,False,False,False
70261026411,7/1/2019,64.80309,-147.87606,131.1,FAIRBANKS INTERNATIONAL AIRPORT - AK US,62.7,54.8,1023.2,6.1,7.6,5.7,15.0,17.1,79.0,57.9,0.16,999.9,FLAG_ANOMALY_STP,False,True,False,False,False,False
70261026411,7/2/2019,64.80309,-147.87606,131.1,FAIRBANKS INTERNATIONAL AIRPORT - AK US,60.7,46.6,1022.9,5.9,10.0,3.4,9.9,14.0,72.0,50.0,0.01,999.9,FLAG_ANOMALY_STP,False,False,False,False,False,False
70261026411,7/3/2019,64.80309,-147.87606,131.1,FAIRBANKS INTERNATIONAL AIRPORT - AK US,64.9,50.3,1018.6,1.7,9.7,3.3,8.0,999.9,75.9,50.0,0.0,999.9,FLAG_ANOMALY_STP,False,False,False,False,False,False
70261026411,7/4/2019,64.80309,-147.87606,131.1,FAIRBANKS INTERNATIONAL AIRPORT - AK US,66.0,52.9,1021.8,4.9,10.0,6.4,14.0,20.0,77.0,55.9,0.0,999.9,FLAG_ANOMALY_STP,False,False,False,False,False,False
70261026411,7/5/2019,64.80309,-147.87606,131.1,FAIRBANKS INTERNATIONAL AIRPORT - AK US,67.4,52.9,1026.3,9.3,10.0,3.0,7.0,999.9,80.1,60.1,0.0,999.9,FLAG_ANOMALY_STP,False,False,False,False,False,False
70261026411,7/6/2019,64.80309,-147.87606,131.1,FAIRBANKS INTERNATIONAL AIRPORT - AK US,73.2,52.8,1023.6,6.8,9.0,3.8,8.0,999.9,82.9,59.0,0.0,999.9,FLAG_ANOMALY_STP,False,False,False,False,False,False
70261026411,7/7/2019,64.80309,-147.87606,131.1,FAIRBANKS INTERNATIONAL AIRPORT - AK US,72.0,50.7,1019.1,2.3,4.9,3.8,7.0,999.9,84.0,59.0,0.0,999.9,FLAG_ANOMALY_STP,False,False,False,False,False,False
70261026411,7/8/2019,64.80309,-147.87606,131.1,FAIRBANKS INTERNATIONAL AIRPORT - AK US,69.7,53.4,1014.8,998.1,3.1,2.5,8.0,999.9,80.1,57.0,0.0,999.9,,False,False,False,False,False,False
70261026411,7/9/2019,64.80309,-147.87606,131.1,FAIRBANKS INTERNATIONAL AIRPORT - AK US,71.0,53.6,1012.5,996.0,2.5,2.4,6.0,999.9,86.0,55.0,0.0,999.9,,False,False,False,False,False,False
70261026411,7/10/2019,64.80309,-147.87606,131.1,FAIRBANKS INTERNATIONAL AIRPORT - AK US,70.3,52.8,1008.5,992.1,1.4,1.3,5.1,999.9,87.1,55.0,0.0,999.9,,False,False,False,False,False,False
70261026411,7/11/2019,64.80309,-147.87606,131.1,FAIRBANKS INTERNATIONAL AIRPORT - AK US,71.9,59.8,1005.2,988.6,1.3,2.3,8.9,999.9,82.9,57.0,0.0,999.9,,False,True,False,False,True,False
70261026411,7/12/2019,64.80309,-147.87606,131.1,FAIRBANKS INTERNATIONAL AIRPORT - AK US,66.9,55.7,1007.4,991.0,2.0,4.5,9.9,18.1,82.9,60.1,0.0,999.9,,False,True,False,False,True,False
70261026411,7/13/2019,64.80309,-147.87606,131.1,FAIRBANKS INTERNATIONAL AIRPORT - AK US,63.6,58.2,1009.5,992.9,4.7,2.3,7.0,999.9,75.9,60.1,0.17,999.9,,False,True,False,False,False,False
70261026411,7/14/2019,64.80309,-147.87606,131.1,FAIRBANKS INTERNATIONAL AIRPORT - AK US,66.5,53.4,1009.0,992.3,9.4,3.2,8.0,999.9,77.0,54.0,0.0,999.9,,False,True,False,False,True,False
70261026411,7/15/2019,64.80309,-147.87606,131.1,FAIRBANKS INTERNATIONAL AIRPORT - AK US,66.6,52.6,1007.3,990.7,10.0,2.8,7.0,999.9,78.1,53.1,0.0,999.9,,False,False,False,False,False,False
70261026411,7/16/2019,64.80309,-147.87606,131.1,FAIRBANKS INTERNATIONAL AIRPORT - AK US,65.6,51.1,1004.0,987.4,10.0,3.2,8.9,15.0,79.0,53.1,0.0,999.9,,False,True,False,False,False,False
70261026411,7/17/2019,64.80309,-147.87606,131.1,FAIRBANKS INTERNATIONAL AIRPORT - AK US,60.9,52.1,1003.4,987.0,9.0,2.4,6.0,999.9,77.0,51.1,0.01,999.9,,True,False,False,False,False,False
70261026411,7/18/2019,64.80309,-147.87606,131.1,FAIRBANKS INTERNATIONAL AIRPORT - AK US,65.1,56.9,1006.5,989.9,10.0,2.5,14.0,22.0,78.1,51.1,0.03,999.9,,False,True,False,False,True,False
70261026411,7/19/2019,64.80309,-147.87606,131.1,FAIRBANKS INTERNATIONAL AIRPORT - AK US,66.8,52.3,1012.1,995.3,10.0,5.3,8.0,999.9,78.1,57.9,0.03,999.9,,False,True,False,False,True,False
70261026411,7/20/2019,64.80309,-147.87606,131.1,FAIRBANKS INTERNATIONAL AIRPORT - AK US,62.0,51.3,1015.9,999.0,10.0,2.9,13.0,20.0,72.0,52.0,0.0,999.9,,False,False,False,False,False,False
70261026411,7/21/2019,64.80309,-147.87606,131.1,FAIRBANKS INTERNATIONAL AIRPORT - AK US,64.0,50.8,1018.9,2.0,10.0,6.1,13.0,20.0,75.9,52.0,0.0,999.9,FLAG_ANOMALY_STP,False,False,False,False,False,False
70261026411,7/22/2019,64.80309,-147.87606,131.1,FAIRBANKS INTERNATIONAL AIRPORT - AK US,67.3,51.8,1018.7,1.9,10.0,3.0,6.0,999.9,80.1,54.0,0.0,999.9,FLAG_ANOMALY_STP,False,False,False,False,False,False
70261026411,7/23/2019,64.80309,-147.87606,131.1,FAIRBANKS INTERNATIONAL AIRPORT - AK US,70.7,53.1,1013.2,996.3,9.8,1.6,5.1,999.9,84.0,54.0,0.0,999.9,,False,False,False,False,False,False
70261026411,7/24/2019,64.80309,-147.87606,131.1,FAIRBANKS INTERNATIONAL AIRPORT - AK US,73.9,54.1,1007.4,990.8,7.2,3.3,11.1,18.1,86.0,57.0,0.0,999.9,,False,True,False,False,False,False
70261026411,7/25/2019,64.80309,-147.87606,131.1,FAIRBANKS INTERNATIONAL AIRPORT - AK US,67.6,52.4,1008.6,992.1,9.9,6.9,12.0,15.9,80.1,61.0,0.0,999.9,,False,False,False,False,False,False
70261026411,7/26/2019,64.80309,-147.87606,131.1,FAIRBANKS INTERNATIONAL AIRPORT - AK US,63.6,54.9,1004.8,988.1,7.2,2.7,7.0,999.9,73.0,57.0,0.01,999.9,,False,True,False,False,False,False
70261026411,7/27/2019,64.80309,-147.87606,131.1,FAIRBANKS INTERNATIONAL AIRPORT - AK US,59.2,52.8,1006.7,990.1,8.8,1.1,5.1,999.9,68.0,55.0,0.18,999.9,,True,True,False,False,False,False
70261026411,7/28/2019,64.80309,-147.87606,131.1,FAIRBANKS INTERNATIONAL AIRPORT - AK US,61.5,51.8,1008.5,991.8,10.0,3.7,8.9,999.9,69.1,55.0,0.0,999.9,,False,False,False,False,False,False
70261026411,7/29/2019,64.80309,-147.87606,131.1,FAIRBANKS INTERNATIONAL AIRPORT - AK US,59.9,54.1,1012.3,995.5,9.9,3.0,11.1,999.9,69.1,55.0,0.41,999.9,,False,True,False,False,False,False
70261026411,7/30/2019,64.80309,-147.87606,131.1,FAIRBANKS INTERNATIONAL AIRPORT - AK US,60.4,51.6,1014.3,997.5,10.0,2.1,6.0,999.9,71.1,53.1,0.01,999.9,,False,True,False,False,False,False
70261026411,7/31/2019,64.80309,-147.87606,131.1,FAIRBANKS INTERNATIONAL AIRPORT - AK US,61.9,50.0,1012.1,995.3,10.0,2.2,6.0,999.9,75.0,50.0,0.01,999.9,,False,False,False,False,False,False
70261026411,8/1/2019,64.80309,-147.87606,131.1,FAIRBANKS INTERNATIONAL AIRPORT - AK US,61.2,51.5,1010.5,993.8,7.2,5.2,15.0,28.0,75.9,50.0,0.1,999.9,,False,True,False,False,False,False
70261026411,8/2/2019,64.80309,-147.87606,131.1,FAIRBANKS INTERNATIONAL AIRPORT - AK US,57.0,46.2,1015.9,999.0,8.1,4.4,12.0,17.1,66.9,51.1,0.21,999.9,,False,True,False,False,False,False
70261026411,8/3/2019,64.80309,-147.87606,131.1,FAIRBANKS INTERNATIONAL AIRPORT - AK US,60.5,57.8,1013.8,996.8,6.4,4.1,8.9,15.9,64.0,51.1,1.28,999.9,,False,True,False,False,False,False
70261026411,8/4/2019,64.80309,-147.87606,131.1,FAIRBANKS INTERNATIONAL AIRPORT - AK US,59.7,52.1,1019.2,1.9,9.6,5.6,11.1,20.0,68.0,54.0,0.75,999.9,FLAG_ANOMALY_STP,False,True,False,False,False,False
70261026411,8/5/2019,64.80309,-147.87606,131.1,FAIRBANKS INTERNATIONAL AIRPORT - AK US,57.8,51.2,1021.6,4.7,9.0,3.1,8.9,15.0,64.9,53.1,0.04,999.9,FLAG_ANOMALY_STP,False,True,False,False,False,False
70261026411,8/6/2019,64.80309,-147.87606,131.1,FAIRBANKS INTERNATIONAL AIRPORT - AK US,60.5,55.5,1018.5,1.5,6.1,5.5,9.9,15.0,69.1,53.1,0.31,999.9,FLAG_ANOMALY_STP,False,True,False,False,False,False
70261026411,8/7/2019,64.80309,-147.87606,131.1,FAIRBANKS INTERNATIONAL AIRPORT - AK US,60.0,53.5,1022.6,5.7,8.7,3.0,8.0,999.9,69.1,55.9,0.44,999.9,FLAG_ANOMALY_STP,False,True,False,False,False,False
70261026411,8/8/2019,64.80309,-147.87606,131.1,FAIRBANKS INTERNATIONAL AIRPORT - AK US,56.5,51.3,1024.0,7.1,8.8,2.3,5.1,999.9,69.1,48.0,0.03,999.9,FLAG_ANOMALY_STP,False,True,False,False,False,False
70261026411,8/9/2019,64.80309,-147.87606,131.1,FAIRBANKS INTERNATIONAL AIRPORT - AK US,61.9,51.9,1019.9,3.0,10.0,3.1,9.9,999.9,70.0,48.0,0.0,999.9,FLAG_ANOMALY_STP,False,True,False,False,False,False
70261026411,8/10/2019,64.80309,-147.87606,131.1,FAIRBANKS INTERNATIONAL AIRPORT - AK US,59.4,50.5,1018.4,1.5,9.8,4.0,11.1,15.9,68.0,52.0,0.01,999.9,FLAG_ANOMALY_STP,False,True,False,False,False,False
70261026411,8/11/2019,64.80309,-147.87606,131.1,FAIRBANKS INTERNATIONAL AIRPORT - AK US,58.7,51.1,1018.5,1.6,9.8,2.5,7.0,999.9,70.0,48.9,0.02,999.9,FLAG_ANOMALY_STP,False,True,False,False,False,False
70261026411,8/12/2019,64.80309,-147.87606,131.1,FAIRBANKS INTERNATIONAL AIRPORT - AK US,58.7,47.4,1018.5,1.6,10.0,3.5,8.0,999.9,72.0,46.0,0.0,999.9,FLAG_ANOMALY_STP,False,False,False,False,False,False
70261026411,8/13/2019,64.80309,-147.87606,131.1,FAIRBANKS INTERNATIONAL AIRPORT - AK US,64.4,55.9,1013.3,996.3,6.7,4.8,9.9,20.0,73.9,46.0,0.21,999.9,,False,True,False,False,False,False
70261026411,8/14/2019,64.80309,-147.87606,131.1,FAIRBANKS INTERNATIONAL AIRPORT - AK US,59.8,52.7,1017.8,0.9,9.1,7.9,15.9,22.9,66.9,55.0,0.9,999.9,FLAG_ANOMALY_STP,False,True,False,False,False,False
70261026411,8/15/2019,64.80309,-147.87606,131.1,FAIRBANKS INTERNATIONAL AIRPORT - AK US,56.1,50.0,1023.2,6.2,10.0,5.1,12.0,17.1,63.0,53.1,0.04,999.9,FLAG_ANOMALY_STP,False,True,False,False,False,False
70261026411,8/16/2019,64.80309,-147.87606,131.1,FAIRBANKS INTERNATIONAL AIRPORT - AK US,55.3,52.4,1023.6,6.6,6.3,5.5,12.0,19.0,57.9,53.1,0.18,999.9,FLAG_ANOMALY_STP,False,True,False,False,False,False
70261026411,8/17/2019,64.80309,-147.87606,131.1,FAIRBANKS INTERNATIONAL AIRPORT - AK US,52.0,44.0,1027.6,9.6,8.6,6.6,22.9,29.9,61.0,44.1,0.83,999.9,FLAG_ANOMALY_STP,False,True,False,False,False,False
70261026411,8/18/2019,64.80309,-147.87606,131.1,FAIRBANKS INTERNATIONAL AIRPORT - AK US,51.4,38.2,1030.4,13.2,10.0,5.9,11.1,999.9,63.0,41.0,0.05,999.9,FLAG_ANOMALY_STP,False,True,False,False,False,False
70261026411,8/19/2019,64.80309,-147.87606,131.1,FAIRBANKS INTERNATIONAL AIRPORT - AK US,50.1,34.8,1021.2,4.1,10.0,3.0,8.0,999.9,60.1,37.0,0.0,999.9,FLAG_ANOMALY_STP,False,False,False,False,False,False
70261026411,8/20/2019,64.80309,-147.87606,131.1,FAIRBANKS INTERNATIONAL AIRPORT - AK US,51.1,35.1,1012.3,995.4,10.0,5.1,8.9,999.9,62.1,37.0,0.0,999.9,,False,False,False,False,False,False
70261026411,8/21/2019,64.80309,-147.87606,131.1,FAIRBANKS INTERNATIONAL AIRPORT - AK US,53.0,39.9,1005.7,988.8,9.1,3.4,7.0,999.9,63.0,41.0,0.02,999.9,,False,True,False,False,False,False
70261026411,8/22/2019,64.80309,-147.87606,131.1,FAIRBANKS INTERNATIONAL AIRPORT - AK US,49.2,38.9,1005.5,988.6,10.0,2.6,7.0,999.9,61.0,39.0,0.14,999.9,,False,False,False,False,False,False
70261026411,8/23/2019,64.80309,-147.87606,131.1,FAIRBANKS INTERNATIONAL AIRPORT - AK US,51.5,43.1,1001.6,984.8,10.0,2.3,8.9,17.1,61.0,39.0,0.0,999.9,,False,True,False,False,False,False
70261026411,8/24/2019,64.80309,-147.87606,131.1,FAIRBANKS INTERNATIONAL AIRPORT - AK US,49.9,44.3,1004.6,988.2,7.4,2.4,8.9,999.9,61.0,43.0,0.04,999.9,,True,True,False,False,False,False
70261026411,8/25/2019,64.80309,-147.87606,131.1,FAIRBANKS INTERNATIONAL AIRPORT - AK US,48.7,36.9,1010.7,993.8,10.0,2.9,9.9,999.9,64.0,33.1,0.0,999.9,,False,False,False,False,False,False
70261026411,8/26/2019,64.80309,-147.87606,131.1,FAIRBANKS INTERNATIONAL AIRPORT - AK US,52.5,41.2,1014.6,997.6,10.0,3.2,12.0,21.0,64.9,33.1,0.0,999.9,,False,False,False,False,False,False
70261026411,8/27/2019,64.80309,-147.87606,131.1,FAIRBANKS INTERNATIONAL AIRPORT - AK US,54.1,43.9,1016.0,999.0,10.0,3.7,8.9,14.0,64.9,39.9,0.0,999.9,,False,False,False,False,False,False
70261026411,8/28/2019,64.80309,-147.87606,131.1,FAIRBANKS INTERNATIONAL AIRPORT - AK US,55.6,45.9,1019.4,2.3,10.0,5.0,8.0,999.9,61.0,46.9,0.0,999.9,FLAG_ANOMALY_STP,False,False,False,False,False,False
70261026411,8/29/2019,64.80309,-147.87606,131.1,FAIRBANKS INTERNATIONAL AIRPORT - AK US,52.2,43.8,1022.1,5.1,10.0,1.1,6.0,999.9,61.0,46.0,0.0,999.9,FLAG_ANOMALY_STP,False,False,False,False,False,False
70261026411,8/30/2019,64.80309,-147.87606,131.1,FAIRBANKS INTERNATIONAL AIRPORT - AK US,51.7,41.0,1019.5,2.4,10.0,3.0,7.0,999.9,66.0,37.9,0.0,999.9,FLAG_ANOMALY_STP,False,False,False,False,False,False
70261026411,8/31/2019,64.80309,-147.87606,131.1,FAIRBANKS INTERNATIONAL AIRPORT - AK US,55.8,43.4,1013.1,996.3,10.0,4.0,7.0,999.9,66.9,37.9,0.0,999.9,,False,False,False,False,False,False
70261026411,9/1/2019,64.80309,-147.87606,131.1,FAIRBANKS INTERNATIONAL AIRPORT - AK US,53.9,43.2,1009.1,991.9,10.0,4.8,11.1,15.9,69.1,43.0,0.0,999.9,,False,False,False,False,False,False
70261026411,9/2/2019,64.80309,-147.87606,131.1,FAIRBANKS INTERNATIONAL AIRPORT - AK US,60.3,44.6,999.8,983.1,10.0,5.1,8.9,999.9,73.0,43.0,0.0,999.9,,False,False,False,False,False,False
70261026411,9/3/2019,64.80309,-147.87606,131.1,FAIRBANKS INTERNATIONAL AIRPORT - AK US,55.7,43.3,1005.0,988.3,10.0,2.6,12.0,15.0,73.0,42.1,0.0,999.9,,False,False,False,False,False,False
70261026411,9/4/2019,64.80309,-147.87606,131.1,FAIRBANKS INTERNATIONAL AIRPORT - AK US,54.5,46.3,1014.4,997.5,9.3,3.3,13.0,999.9,64.9,42.1,0.0,999.9,,False,False,False,False,False,False
70261026411,9/5/2019,64.80309,-147.87606,131.1,FAIRBANKS INTERNATIONAL AIRPORT - AK US,52.5,43.6,1020.4,3.4,10.0,3.0,7.0,999.9,64.9,39.0,0.0,999.9,FLAG_ANOMALY_STP,False,False,False,False,False,False
70261026411,9/6/2019,64.80309,-147.87606,131.1,FAIRBANKS INTERNATIONAL AIRPORT - AK US,52.8,41.5,1019.7,2.7,10.0,2.3,5.1,999.9,66.0,39.0,0.0,999.9,FLAG_ANOMALY_STP,False,False,False,False,False,False
70261026411,9/7/2019,64.80309,-147.87606,131.1,FAIRBANKS INTERNATIONAL AIRPORT - AK US,54.2,41.8,1013.2,996.3,10.0,1.9,5.1,999.9,69.1,39.9,0.0,999.9,,False,False,False,False,False,False
70261026411,9/8/2019,64.80309,-147.87606,131.1,FAIRBANKS INTERNATIONAL AIRPORT - AK US,58.5,43.6,1014.0,997.2,10.0,2.0,5.1,999.9,70.0,44.1,0.0,999.9,,False,True,False,False,False,False
70261026411,9/9/2019,64.80309,-147.87606,131.1,FAIRBANKS INTERNATIONAL AIRPORT - AK US,55.6,42.4,1012.6,995.8,10.0,2.9,6.0,999.9,68.0,46.0,0.0,999.9,,False,False,False,False,False,False
70261026411,9/10/2019,64.80309,-147.87606,131.1,FAIRBANKS INTERNATIONAL AIRPORT - AK US,54.2,45.5,1008.9,992.1,10.0,2.2,8.0,999.9,66.0,41.0,0.0,999.9,,False,False,False,False,False,False
70261026411,9/11/2019,64.80309,-147.87606,131.1,FAIRBANKS INTERNATIONAL AIRPORT - AK US,51.3,44.1,1010.7,993.9,9.5,1.7,8.0,999.9,63.0,41.0,0.0,999.9,,True,True,False,False,False,False
70261026411,9/12/2019,64.80309,-147.87606,131.1,FAIRBANKS INTERNATIONAL AIRPORT - AK US,50.8,40.0,1001.5,984.8,10.0,4.0,11.1,999.9,68.0,36.0,0.12,999.9,,False,False,False,False,False,False
70261026411,9/13/2019,64.80309,-147.87606,131.1,FAIRBANKS INTERNATIONAL AIRPORT - AK US,57.3,41.3,993.6,977.0,10.0,4.7,8.9,999.9,73.0,36.0,0.0,999.9,,False,False,False,False,False,False
70261026411,9/14/2019,64.80309,-147.87606,131.1,FAIRBANKS INTERNATIONAL AIRPORT - AK US,58.2,41.9,1003.9,987.1,10.0,6.8,11.1,999.9,73.0,46.9,0.01,999.9,,False,True,False,False,False,False
70261026411,9/15/2019,64.80309,-147.87606,131.1,FAIRBANKS INTERNATIONAL AIRPORT - AK US,49.1,40.1,1008.4,991.5,10.0,3.3,8.0,999.9,63.0,36.0,0.0,999.9,,False,False,False,False,False,False
70261026411,9/16/2019,64.80309,-147.87606,131.1,FAIRBANKS INTERNATIONAL AIRPORT - AK US,53.8,39.9,998.1,981.5,10.0,5.7,12.0,999.9,64.0,36.0,0.0,999.9,,False,False,False,False,False,False
70261026411,9/17/2019,64.80309,-147.87606,131.1,FAIRBANKS INTERNATIONAL AIRPORT - AK US,46.7,35.8,1005.4,988.5,10.0,3.4,8.9,999.9,57.0,43.0,0.0,999.9,,False,True,False,False,False,False
70261026411,9/18/2019,64.80309,-147.87606,131.1,FAIRBANKS INTERNATIONAL AIRPORT - AK US,42.4,32.4,998.2,981.3,9.7,4.4,11.1,999.9,51.1,34.0,0.0,999.9,,False,True,False,False,False,False
70261026411,9/19/2019,64.80309,-147.87606,131.1,FAIRBANKS INTERNATIONAL AIRPORT - AK US,45.3,42.0,999.3,982.5,6.8,2.5,6.0,999.9,51.1,34.0,0.22,999.9,,True,True,False,False,False,False
70261026411,9/20/2019,64.80309,-147.87606,131.1,FAIRBANKS INTERNATIONAL AIRPORT - AK US,46.2,40.0,997.8,981.0,10.0,5.2,8.9,999.9,53.1,42.1,0.12,999.9,,False,True,False,False,False,False
70261026411,9/21/2019,64.80309,-147.87606,131.1,FAIRBANKS INTERNATIONAL AIRPORT - AK US,44.4,40.2,990.7,973.9,7.8,6.3,14.0,19.0,53.1,37.4,0.1,999.9,,False,True,False,False,False,False
70261026411,9/22/2019,64.80309,-147.87606,131.1,FAIRBANKS INTERNATIONAL AIRPORT - AK US,38.5,32.8,1002.5,985.3,9.9,3.7,8.0,999.9,48.0,30.0,0.08,999.9,,True,True,False,False,False,False
70261026411,9/23/2019,64.80309,-147.87606,131.1,FAIRBANKS INTERNATIONAL AIRPORT - AK US,38.9,28.0,1000.1,983.2,10.0,3.3,8.0,999.9,54.0,28.9,0.0,999.9,,False,False,False,False,False,False
70261026411,9/24/2019,64.80309,-147.87606,131.1,FAIRBANKS INTERNATIONAL AIRPORT - AK US,38.1,28.5,1005.0,987.9,10.0,1.3,5.1,999.9,55.0,27.0,0.0,999.9,,False,False,False,False,False,False
70261026411,9/25/2019,64.80309,-147.87606,131.1,FAIRBANKS INTERNATIONAL AIRPORT - AK US,38.8,32.8,1010.4,993.2,7.1,4.0,8.0,999.9,46.0,27.0,0.0,999.9,,True,True,False,False,False,False
70261026411,9/26/2019,64.80309,-147.87606,131.1,FAIRBANKS INTERNATIONAL AIRPORT - AK US,37.9,32.1,1018.5,2.1,9.2,3.5,7.0,999.9,46.0,30.9,0.0,999.9,FLAG_ANOMALY_STP,False,True,False,False,False,False
70261026411,9/27/2019,64.80309,-147.87606,131.1,FAIRBANKS INTERNATIONAL AIRPORT - AK US,35.5,30.7,1030.7,13.5,8.1,2.1,7.0,999.9,46.0,28.0,0.03,999.9,FLAG_ANOMALY_STP,True,True,False,False,False,False
70261026411,9/28/2019,64.80309,-147.87606,131.1,FAIRBANKS INTERNATIONAL AIRPORT - AK US,39.6,29.6,1025.9,8.5,10.0,1.4,5.1,999.9,51.1,28.0,0.0,999.9,FLAG_ANOMALY_STP,False,False,False,False,False,False
70261026411,9/29/2019,64.80309,-147.87606,131.1,FAIRBANKS INTERNATIONAL AIRPORT - AK US,45.7,34.6,1011.2,994.1,9.8,2.4,7.0,999.9,52.0,30.0,0.0,999.9,,False,True,False,False,False,False
70261026411,9/30/2019,64.80309,-147.87606,131.1,FAIRBANKS INTERNATIONAL AIRPORT - AK US,46.8,43.1,1009.3,992.2,8.7,2.4,6.0,999.9,52.0,41.0,0.36,999.9,,True,True,False,False,False,False
70261026411,10/1/2019,64.80309,-147.87606,131.1,FAIRBANKS INTERNATIONAL AIRPORT - AK US,40.5,33.9,1008.8,991.8,10.0,4.1,9.9,999.9,53.1,30.9,0.01,999.9,,False,False,False,False,False,False
70261026411,10/2/2019,64.80309,-147.87606,131.1,FAIRBANKS INTERNATIONAL AIRPORT - AK US,40.2,35.7,1008.2,991.3,7.7,3.4,8.0,999.9,48.0,30.9,0.3,999.9,,False,True,True,False,False,False
70261026411,10/3/2019,64.80309,-147.87606,131.1,FAIRBANKS INTERNATIONAL AIRPORT - AK US,36.2,33.9,1014.9,997.8,6.3,2.0,5.1,999.9,42.1,33.1,0.3,999.9,,True,True,True,False,False,False
70261026411,10/4/2019,64.80309,-147.87606,131.1,FAIRBANKS INTERNATIONAL AIRPORT - AK US,37.4,34.7,1009.9,992.6,8.6,1.2,5.1,999.9,41.0,32.0,0.06,999.9,,False,True,False,False,False,False
70261026411,10/5/2019,64.80309,-147.87606,131.1,FAIRBANKS INTERNATIONAL AIRPORT - AK US,35.2,30.9,1006.4,989.4,8.9,6.0,15.0,21.0,42.1,30.9,0.28,999.9,,False,True,True,False,False,False
70261026411,10/6/2019,64.80309,-147.87606,131.1,FAIRBANKS INTERNATIONAL AIRPORT - AK US,31.9,28.9,1007.2,990.0,5.8,3.8,8.9,15.0,36.0,28.9,0.06,999.9,,True,False,True,False,False,False
70261026411,10/7/2019,64.80309,-147.87606,131.1,FAIRBANKS INTERNATIONAL AIRPORT - AK US,33.1,27.3,1020.2,3.3,9.7,7.0,14.0,999.9,37.0,28.9,0.15,999.9,FLAG_ANOMALY_STP,False,False,True,False,False,False
70261026411,10/8/2019,64.80309,-147.87606,131.1,FAIRBANKS INTERNATIONAL AIRPORT - AK US,33.4,28.2,1023.1,5.5,7.1,1.8,5.1,999.9,37.0,30.9,0.0,1.2,FLAG_ANOMALY_STP,False,True,True,False,False,False
70261026411,10/9/2019,64.80309,-147.87606,131.1,FAIRBANKS INTERNATIONAL AIRPORT - AK US,36.2,32.9,1015.8,998.5,9.4,2.3,6.0,999.9,42.1,32.0,0.09,1.2,,False,True,True,False,False,False
70261026411,10/10/2019,64.80309,-147.87606,131.1,FAIRBANKS INTERNATIONAL AIRPORT - AK US,38.3,35.1,1011.7,994.9,8.5,1.7,5.1,999.9,42.1,34.0,0.09,999.9,,False,True,True,False,False,False
70261026411,10/11/2019,64.80309,-147.87606,131.1,FAIRBANKS INTERNATIONAL AIRPORT - AK US,35.6,30.4,1006.1,989.0,8.5,7.3,11.1,18.1,39.9,33.1,0.15,999.9,,False,True,True,False,False,False
70261026411,10/12/2019,64.80309,-147.87606,131.1,FAIRBANKS INTERNATIONAL AIRPORT - AK US,33.5,25.2,1015.8,998.0,9.4,5.1,8.9,999.9,37.0,28.9,0.0,999.9,,False,False,True,False,False,False
70261026411,10/13/2019,64.80309,-147.87606,131.1,FAIRBANKS INTERNATIONAL AIRPORT - AK US,30.2,23.3,1022.1,4.7,10.0,3.6,6.0,999.9,36.0,28.0,0.0,999.9,FLAG_ANOMALY_STP,False,True,True,False,False,False
70261026411,10/14/2019,64.80309,-147.87606,131.1,FAIRBANKS INTERNATIONAL AIRPORT - AK US,25.3,16.0,1018.5,1.4,10.0,6.6,11.1,999.9,34.0,17.1,0.0,999.9,FLAG_ANOMALY_STP,False,False,True,False,False,False
70261026411,10/15/2019,64.80309,-147.87606,131.1,FAIRBANKS INTERNATIONAL AIRPORT - AK US,24.5,11.5,1004.0,986.8,10.0,6.7,12.0,999.9,36.0,15.1,0.0,999.9,,False,False,False,False,False,False
70261026411,10/16/2019,64.80309,-147.87606,131.1,FAIRBANKS INTERNATIONAL AIRPORT - AK US,26.0,13.0,994.9,977.8,10.0,4.7,12.0,999.9,36.0,15.1,0.0,999.9,,False,False,False,False,False,False
70261026411,10/17/2019,64.80309,-147.87606,131.1,FAIRBANKS INTERNATIONAL AIRPORT - AK US,26.1,14.5,989.9,972.8,10.0,6.6,11.1,999.9,37.9,16.0,0.0,999.9,,False,False,False,False,False,False
70261026411,10/18/2019,64.80309,-147.87606,131.1,FAIRBANKS INTERNATIONAL AIRPORT - AK US,33.8,21.1,990.4,973.5,10.0,5.1,8.9,999.9,37.9,18.0,0.0,999.9,,False,False,False,False,False,False
70261026411,10/19/2019,64.80309,-147.87606,131.1,FAIRBANKS INTERNATIONAL AIRPORT - AK US,32.5,22.6,998.3,981.3,10.0,2.4,5.1,999.9,37.9,27.0,0.0,999.9,,False,False,False,False,False,False
70261026411,10/20/2019,64.80309,-147.87606,131.1,FAIRBANKS INTERNATIONAL AIRPORT - AK US,32.2,24.2,1004.8,987.7,10.0,1.1,4.1,999.9,39.9,27.0,0.0,999.9,,False,False,False,False,False,False
70261026411,10/21/2019,64.80309,-147.87606,131.1,FAIRBANKS INTERNATIONAL AIRPORT - AK US,27.5,21.5,1005.6,988.4,10.0,0.7,4.1,999.9,41.0,19.0,0.0,999.9,,False,False,False,False,False,False
70261026411,10/22/2019,64.80309,-147.87606,131.1,FAIRBANKS INTERNATIONAL AIRPORT - AK US,28.2,22.1,1009.6,993.5,9.6,1.3,6.0,999.9,36.0,19.0,0.0,999.9,,False,False,True,False,False,False
70261026411,10/23/2019,64.80309,-147.87606,131.1,FAIRBANKS INTERNATIONAL AIRPORT - AK US,28.6,20.2,1005.1,985.1,10.0,4.2,11.1,15.9,42.1,18.0,0.0,999.9,,False,False,False,False,False,False
70261026411,10/24/2019,64.80309,-147.87606,131.1,FAIRBANKS INTERNATIONAL AIRPORT - AK US,31.1,23.7,991.8,976.6,10.0,2.0,6.0,999.9,42.1,18.0,0.0,999.9,,False,False,False,False,False,False
70261026411,10/25/2019,64.80309,-147.87606,131.1,FAIRBANKS INTERNATIONAL AIRPORT - AK US,28.8,23.5,1010.3,998.9,6.4,3.8,8.9,999.9,39.9,23.0,0.04,999.9,,False,False,True,False,False,False
70261026411,10/26/2019,64.80309,-147.87606,131.1,FAIRBANKS INTERNATIONAL AIRPORT - AK US,26.1,20.6,1031.3,14.0,10.0,2.4,7.0,999.9,33.1,19.0,0.06,1.2,FLAG_ANOMALY_STP,False,False,False,False,False,False
70261026411,10/27/2019,64.80309,-147.87606,131.1,FAIRBANKS INTERNATIONAL AIRPORT - AK US,35.9,31.1,1024.2,5.9,10.0,3.6,7.0,999.9,44.1,19.0,0.03,1.2,FLAG_ANOMALY_STP,False,True,False,False,False,False
70261026411,10/28/2019,64.80309,-147.87606,131.1,FAIRBANKS INTERNATIONAL AIRPORT - AK US,40.8,33.6,1010.6,992.9,10.0,3.7,8.0,999.9,48.0,32.0,0.04,999.9,,False,False,False,False,False,False
70261026411,10/29/2019,64.80309,-147.87606,131.1,FAIRBANKS INTERNATIONAL AIRPORT - AK US,32.5,28.6,1009.0,991.9,10.0,1.7,5.1,999.9,48.0,26.1,0.0,999.9,,False,False,False,False,False,False
70261026411,10/30/2019,64.80309,-147.87606,131.1,FAIRBANKS INTERNATIONAL AIRPORT - AK US,30.9,27.2,1009.2,993.4,9.8,2.9,15.0,21.0,36.0,26.1,0.0,999.9,,False,True,True,False,False,False
70261026411,10/31/2019,64.80309,-147.87606,131.1,FAIRBANKS INTERNATIONAL AIRPORT - AK US,23.1,17.8,1022.6,5.5,8.2,4.8,8.9,15.0,34.0,16.0,0.02,999.9,FLAG_ANOMALY_STP,False,False,True,False,False,False
70261026411,11/1/2019,64.80309,-147.87606,131.1,FAIRBANKS INTERNATIONAL AIRPORT - AK US,23.8,18.5,1015.6,998.2,8.3,2.3,8.0,999.9,28.0,16.0,0.0,999.9,,False,False,True,False,False,False
70261026411,11/2/2019,64.80309,-147.87606,131.1,FAIRBANKS INTERNATIONAL AIRPORT - AK US,22.9,19.3,1022.6,3.9,4.5,1.6,7.0,999.9,28.4,19.0,0.05,999.9,FLAG_ANOMALY_STP,False,False,True,False,False,False
70261026411,11/3/2019,64.80309,-147.87606,131.1,FAIRBANKS INTERNATIONAL AIRPORT - AK US,18.4,15.2,1028.4,10.2,6.4,1.5,4.1,999.9,28.0,16.0,0.03,3.1,FLAG_ANOMALY_STP,False,False,True,False,False,False
70261026411,11/4/2019,64.80309,-147.87606,131.1,FAIRBANKS INTERNATIONAL AIRPORT - AK US,8.3,3.4,1030.6,12.6,9.5,4.4,9.9,999.9,19.9,-4.0,0.01,3.1,FLAG_ANOMALY_STP,False,False,True,False,False,False
70261026411,11/5/2019,64.80309,-147.87606,131.1,FAIRBANKS INTERNATIONAL AIRPORT - AK US,1.2,-3.7,1029.6,11.5,10.0,3.0,7.0,999.9,18.0,-7.1,0.0,3.1,FLAG_ANOMALY_STP,False,False,False,False,False,False
70261026411,11/6/2019,64.80309,-147.87606,131.1,FAIRBANKS INTERNATIONAL AIRPORT - AK US,21.4,16.7,1019.5,0.9,7.1,2.1,5.1,999.9,28.4,10.0,0.0,3.1,FLAG_ANOMALY_STP,False,True,True,False,False,False
70261026411,11/7/2019,64.80309,-147.87606,131.1,FAIRBANKS INTERNATIONAL AIRPORT - AK US,25.6,22.4,1012.2,994.7,1.5,3.8,7.0,999.9,28.0,19.0,0.47,3.1,,False,True,True,False,False,False
70261026411,11/8/2019,64.80309,-147.87606,131.1,FAIRBANKS INTERNATIONAL AIRPORT - AK US,14.7,8.6,1020.3,2.3,9.3,6.8,9.9,999.9,26.1,3.0,0.32,7.9,FLAG_ANOMALY_STP,False,False,True,False,False,False
70261026411,11/9/2019,64.80309,-147.87606,131.1,FAIRBANKS INTERNATIONAL AIRPORT - AK US,1.4,-4.4,1023.9,5.9,10.0,4.3,9.9,999.9,21.0,-11.0,0.0,11.0,FLAG_ANOMALY_STP,False,False,False,False,False,False
70261026411,11/10/2019,64.80309,-147.87606,131.1,FAIRBANKS INTERNATIONAL AIRPORT - AK US,0.0,-4.9,1023.5,5.4,10.0,0.9,4.1,999.9,19.9,-11.0,0.0,9.8,FLAG_ANOMALY_STP,False,False,True,False,False,False
70261026411,11/11/2019,64.80309,-147.87606,131.1,FAIRBANKS INTERNATIONAL AIRPORT - AK US,18.5,10.0,1020.7,2.9,10.0,0.9,4.1,999.9,23.0,12.9,0.0,9.8,FLAG_ANOMALY_STP,False,False,True,False,False,False
70261026411,11/12/2019,64.80309,-147.87606,131.1,FAIRBANKS INTERNATIONAL AIRPORT - AK US,13.7,7.3,1012.1,994.5,10.0,0.4,6.0,999.9,24.1,3.0,0.0,7.9,,False,False,False,False,False,False
70261026411,11/13/2019,64.80309,-147.87606,131.1,FAIRBANKS INTERNATIONAL AIRPORT - AK US,11.2,-1.6,1014.9,997.1,10.0,11.5,15.9,999.9,21.9,3.0,0.0,7.9,,False,False,False,False,False,False
70261026411,11/14/2019,64.80309,-147.87606,131.1,FAIRBANKS INTERNATIONAL AIRPORT - AK US,9.3,-2.4,1004.0,986.8,8.4,15.5,18.1,22.9,14.0,5.0,0.0,7.9,,False,False,True,False,False,False
70261026411,11/15/2019,64.80309,-147.87606,131.1,FAIRBANKS INTERNATIONAL AIRPORT - AK US,5.7,-2.0,1002.5,984.3,4.5,11.1,15.9,999.9,10.9,0.0,0.21,7.9,,False,False,True,False,False,False
70261026411,11/16/2019,64.80309,-147.87606,131.1,FAIRBANKS INTERNATIONAL AIRPORT - AK US,6.9,-4.0,1002.6,984.9,7.9,7.6,13.0,999.9,9.0,0.0,0.05,11.0,,False,False,True,False,False,False
70261026411,11/17/2019,64.80309,-147.87606,131.1,FAIRBANKS INTERNATIONAL AIRPORT - AK US,4.2,-2.5,999.1,981.3,8.7,1.8,5.1,999.9,9.0,-2.9,0.07,11.8,,True,False,True,False,False,False
70261026411,11/18/2019,64.80309,-147.87606,131.1,FAIRBANKS INTERNATIONAL AIRPORT - AK US,5.8,-0.2,1007.5,990.1,6.6,1.2,5.1,999.9,8.1,-2.9,0.0,11.0,,False,False,True,False,False,False
70261026411,11/19/2019,64.80309,-147.87606,131.1,FAIRBANKS INTERNATIONAL AIRPORT - AK US,1.1,-4.2,1010.6,992.4,7.6,3.0,9.9,999.9,12.9,-11.0,0.07,11.0,,True,False,True,False,False,False
70261026411,11/20/2019,64.80309,-147.87606,131.1,FAIRBANKS INTERNATIONAL AIRPORT - AK US,14.0,9.2,991.8,974.6,8.5,3.3,8.9,999.9,19.0,5.0,0.1,14.2,,True,False,True,False,False,False
70261026411,11/21/2019,64.80309,-147.87606,131.1,FAIRBANKS INTERNATIONAL AIRPORT - AK US,7.7,3.2,987.0,969.7,10.0,1.4,7.0,999.9,19.9,-0.9,0.0,14.2,,False,False,False,False,False,False
70261026411,11/22/2019,64.80309,-147.87606,131.1,FAIRBANKS INTERNATIONAL AIRPORT - AK US,27.3,20.5,975.0,958.2,10.0,3.0,8.9,999.9,37.9,-0.9,0.0,14.2,,False,True,True,False,False,False
70261026411,11/23/2019,64.80309,-147.87606,131.1,FAIRBANKS INTERNATIONAL AIRPORT - AK US,21.4,17.4,984.5,967.7,9.3,0.9,4.1,999.9,37.9,15.1,0.0,13.0,,False,False,True,False,False,False
70261026411,11/24/2019,64.80309,-147.87606,131.1,FAIRBANKS INTERNATIONAL AIRPORT - AK US,18.7,15.2,1001.7,983.4,8.9,0.7,4.1,999.9,24.1,12.9,0.0,13.0,,False,False,True,False,False,False
70261026411,11/25/2019,64.80309,-147.87606,131.1,FAIRBANKS INTERNATIONAL AIRPORT - AK US,14.7,10.9,1022.5,4.4,7.7,2.5,5.1,999.9,21.0,7.0,0.0,11.8,FLAG_ANOMALY_STP,False,False,True,False,False,False
70261026411,11/26/2019,64.80309,-147.87606,131.1,FAIRBANKS INTERNATIONAL AIRPORT - AK US,5.1,0.4,1031.1,13.3,9.5,1.4,5.1,999.9,18.0,-9.9,0.02,11.0,FLAG_ANOMALY_STP,False,False,True,False,False,False
70261026411,11/27/2019,64.80309,-147.87606,131.1,FAIRBANKS INTERNATIONAL AIRPORT - AK US,18.2,12.9,1017.7,1.6,7.8,1.9,6.0,999.9,25.0,12.0,0.1,11.8,FLAG_ANOMALY_STP,False,False,True,False,False,False
70261026411,11/28/2019,64.80309,-147.87606,131.1,FAIRBANKS INTERNATIONAL AIRPORT - AK US,28.9,23.8,999.3,982.4,8.2,2.4,7.0,999.9,35.1,15.1,0.0,13.0,,False,True,True,False,False,False
70261026411,11/29/2019,64.80309,-147.87606,131.1,FAIRBANKS INTERNATIONAL AIRPORT - AK US,27.3,22.9,1005.2,988.2,5.8,4.9,8.0,999.9,35.1,24.1,0.11,11.8,,False,False,True,False,False,False
70261026411,11/30/2019,64.80309,-147.87606,131.1,FAIRBANKS INTERNATIONAL AIRPORT - AK US,22.2,18.9,1001.9,984.7,10.0,1.4,4.1,999.9,28.0,16.0,0.03,13.0,,False,False,False,False,False,False
70261026411,12/1/2019,64.80309,-147.87606,131.1,FAIRBANKS INTERNATIONAL AIRPORT - AK US,19.9,15.8,1004.1,987.2,6.8,2.1,5.1,999.9,24.1,16.0,0.0,13.0,,False,False,True,False,False,False
70261026411,12/2/2019,64.80309,-147.87606,131.1,FAIRBANKS INTERNATIONAL AIRPORT - AK US,16.4,12.0,994.9,977.4,5.3,2.9,7.0,999.9,21.0,14.0,0.06,14.2,,False,False,True,False,False,False
70261026411,12/3/2019,64.80309,-147.87606,131.1,FAIRBANKS INTERNATIONAL AIRPORT - AK US,6.6,2.2,1007.3,989.2,7.2,0.6,4.1,999.9,16.0,-8.0,0.07,16.1,,False,False,True,False,False,False
70261026411,12/4/2019,64.80309,-147.87606,131.1,FAIRBANKS INTERNATIONAL AIRPORT - AK US,2.0,-2.9,1017.7,999.8,9.7,1.2,5.1,999.9,12.9,-8.0,0.0,16.1,,False,False,True,False,False,False
70261026411,12/5/2019,64.80309,-147.87606,131.1,FAIRBANKS INTERNATIONAL AIRPORT - AK US,-13.2,-18.8,1018.5,0.2,10.0,0.8,2.9,999.9,5.0,-22.0,0.0,15.0,FLAG_ANOMALY_STP,True,False,False,False,False,False
70261026411,12/6/2019,64.80309,-147.87606,131.1,FAIRBANKS INTERNATIONAL AIRPORT - AK US,-20.4,-26.3,1013.4,995.0,10.0,1.7,5.1,999.9,-9.0,-24.0,0.0,15.0,,False,False,False,False,False,False
70261026411,12/7/2019,64.80309,-147.87606,131.1,FAIRBANKS INTERNATIONAL AIRPORT - AK US,-7.7,-13.6,1004.3,986.2,10.0,1.3,5.1,999.9,8.1,-24.0,0.0,14.2,,False,False,False,False,False,False
70261026411,12/8/2019,64.80309,-147.87606,131.1,FAIRBANKS INTERNATIONAL AIRPORT - AK US,14.0,9.1,999.7,982.3,9.7,2.7,9.9,999.9,21.9,7.0,0.0,14.2,,False,False,True,False,False,False
70261026411,12/9/2019,64.80309,-147.87606,131.1,FAIRBANKS INTERNATIONAL AIRPORT - AK US,14.2,9.3,1007.2,989.6,10.0,3.8,8.0,999.9,28.9,3.0,0.02,14.2,,False,False,False,False,False,False
70261026411,12/10/2019,64.80309,-147.87606,131.1,FAIRBANKS INTERNATIONAL AIRPORT - AK US,24.8,20.1,999.0,981.7,10.0,1.7,5.1,999.9,28.0,19.9,0.0,14.2,,False,False,False,False,False,False
70261026411,12/11/2019,64.80309,-147.87606,131.1,FAIRBANKS INTERNATIONAL AIRPORT - AK US,18.9,14.8,1003.2,985.9,10.0,0.8,5.1,999.9,28.0,8.1,0.0,14.2,,False,False,False,False,False,False
70261026411,12/12/2019,64.80309,-147.87606,131.1,FAIRBANKS INTERNATIONAL AIRPORT - AK US,10.8,6.4,999.8,982.3,10.0,3.2,9.9,999.9,28.0,3.0,0.0,14.2,,False,False,False,False,False,False
70261026411,12/13/2019,64.80309,-147.87606,131.1,FAIRBANKS INTERNATIONAL AIRPORT - AK US,6.6,1.5,997.9,980.3,10.0,3.2,8.0,999.9,18.0,1.0,0.0,13.0,,False,False,False,False,False,False
70261026411,12/14/2019,64.80309,-147.87606,131.1,FAIRBANKS INTERNATIONAL AIRPORT - AK US,-1.3,-7.3,1007.1,989.4,10.0,0.6,2.9,999.9,18.0,-5.1,0.0,13.0,FLAG_SPARSE_STP_OBSERVATIONS,False,False,False,False,False,False
70261026411,12/15/2019,64.80309,-147.87606,131.1,FAIRBANKS INTERNATIONAL AIRPORT - AK US,-1.6,-8.1,1008.4,990.4,10.0,1.3,4.1,999.9,3.0,-6.0,0.0,13.0,,False,False,False,False,False,False
70261026411,12/16/2019,64.80309,-147.87606,131.1,FAIRBANKS INTERNATIONAL AIRPORT - AK US,-8.6,-16.1,1004.7,986.7,10.0,0.1,2.9,999.9,3.0,-13.0,0.0,13.0,,False,False,False,False,False,False
70261026411,12/17/2019,64.80309,-147.87606,131.1,FAIRBANKS INTERNATIONAL AIRPORT - AK US,-0.9,-6.8,1000.4,982.6,10.0,0.1,2.9,999.9,3.9,-13.0,0.0,13.0,,False,False,False,False,False,False
70261026411,12/18/2019,64.80309,-147.87606,131.1,FAIRBANKS INTERNATIONAL AIRPORT - AK US,-3.6,-9.4,999.9,982.1,10.0,4.0,8.0,999.9,3.9,-9.0,0.0,13.0,,False,False,False,False,False,False
70261026411,12/19/2019,64.80309,-147.87606,131.1,FAIRBANKS INTERNATIONAL AIRPORT - AK US,-8.8,-15.5,1002.5,984.5,10.0,3.5,8.9,999.9,3.0,-16.1,0.0,13.0,,False,False,False,False,False,False
70261026411,12/20/2019,64.80309,-147.87606,131.1,FAIRBANKS INTERNATIONAL AIRPORT - AK US,-26.1,-31.1,1012.7,994.3,9.7,1.1,4.1,999.9,-4.0,-34.1,0.0,13.0,,False,False,True,False,False,False
70261026411,12/23/2019,64.80309,-147.87606,131.1,FAIRBANKS INTERNATIONAL AIRPORT - AK US,-23.2,-26.2,994.2,975.9,9.9,0.5,4.1,999.9,-9.9,-34.1,0.0,13.0,,False,False,True,False,False,False
70261026411,12/24/2019,64.80309,-147.87606,131.1,FAIRBANKS INTERNATIONAL AIRPORT - AK US,-13.1,-19.3,994.2,976.3,6.7,1.0,5.1,999.9,-9.0,-29.9,0.0,13.0,,False,False,True,False,False,False
70261026411,12/25/2019,64.80309,-147.87606,131.1,FAIRBANKS INTERNATIONAL AIRPORT - AK US,-10.6,-17.1,997.9,979.5,5.0,2.0,5.1,999.9,-7.6,-22.0,0.08,13.0,,False,False,True,False,False,False
70261026411,12/26/2019,64.80309,-147.87606,131.1,FAIRBANKS INTERNATIONAL AIRPORT - AK US,-15.9,-22.3,1002.8,984.6,8.3,0.6,2.9,999.9,-8.0,-23.1,0.08,14.2,,False,False,True,False,False,False
70261026411,12/27/2019,64.80309,-147.87606,131.1,FAIRBANKS INTERNATIONAL AIRPORT - AK US,-23.9,-28.6,1011.7,993.2,6.3,1.5,4.1,999.9,-13.0,-38.0,0.0,15.0,,False,False,True,False,False,False
70261026411,12/29/2019,64.80309,-147.87606,131.1,FAIRBANKS INTERNATIONAL AIRPORT - AK US,-8.6,-16.2,1002.0,984.3,8.2,6.0,11.1,999.9,-0.9,-17.0,0.07,15.0,,False,False,True,False,False,False
70261026411,12/30/2019,64.80309,-147.87606,131.1,FAIRBANKS INTERNATIONAL AIRPORT - AK US,3.5,-2.6,984.0,966.5,9.9,3.6,8.0,999.9,10.9,-17.0,0.0,16.1,,False,False,True,False,False,False
70261026411,12/31/2019,64.80309,-147.87606,131.1,FAIRBANKS INTERNATIONAL AIRPORT - AK US,-3.7,-9.3,982.8,965.8,9.5,1.4,5.1,999.9,10.9,-7.1,0.0,16.1,,False,False,True,False,False,False
70261026411,1/1/2020,64.80309,-147.87606,131.1,FAIRBANKS INTERNATIONAL AIRPORT - AK US,-0.9,-6.9,984.4,967.0,7.8,2.0,7.0,999.9,1.0,-6.0,0.0,16.1,,False,False,True,False,False,False
70261026411,1/2/2020,64.80309,-147.87606,131.1,FAIRBANKS INTERNATIONAL AIRPORT - AK US,-6.2,-12.1,1003.5,984.9,7.8,0.8,5.1,999.9,1.0,-16.1,0.13,16.1,,True,False,True,False,False,False
70261026411,1/3/2020,64.80309,-147.87606,131.1,FAIRBANKS INTERNATIONAL AIRPORT - AK US,-13.3,-19.2,1008.8,990.7,9.3,0.1,2.9,999.9,-2.9,-25.1,0.0,16.9,,False,False,True,False,False,False
70261026411,1/5/2020,64.80309,-147.87606,131.1,FAIRBANKS INTERNATIONAL AIRPORT - AK US,-28.8,-31.4,1014.2,995.7,6.3,0.1,4.1,999.9,-22.0,-36.9,0.0,16.1,,False,False,True,False,False,False
70261026411,1/6/2020,64.80309,-147.87606,131.1,FAIRBANKS INTERNATIONAL AIRPORT - AK US,-29.9,-32.4,1019.4,0.4,8.5,0.2,2.9,999.9,-20.9,-38.0,0.0,16.1,FLAG_SPARSE_DEWP_OBSERVATIONS | FLAG_ANOMALY_STP,False,False,True,False,False,False
70261026411,1/7/2020,64.80309,-147.87606,131.1,FAIRBANKS INTERNATIONAL AIRPORT - AK US,-32.9,-34.0,1023.5,4.5,3.8,0.4,4.1,999.9,-20.9,-38.9,0.0,16.1,FLAG_SPARSE_DEWP_OBSERVATIONS | FLAG_ANOMALY_STP,False,False,True,False,False,False
70261026411,1/12/2020,64.80309,-147.87606,131.1,FAIRBANKS INTERNATIONAL AIRPORT - AK US,-31.0,-36.3,1028.6,9.3,10.0,1.1,5.1,999.9,-24.0,-35.0,0.0,16.1,FLAG_SPARSE_DEWP_OBSERVATIONS | FLAG_ANOMALY_STP,True,False,False,False,False,False
70261026411,1/13/2020,64.80309,-147.87606,131.1,FAIRBANKS INTERNATIONAL AIRPORT - AK US,-15.3,-19.7,1028.7,9.9,8.5,1.2,6.0,999.9,-0.9,-34.1,0.0,16.1,FLAG_ANOMALY_STP,False,False,True,False,False,False
70261026411,1/14/2020,64.80309,-147.87606,131.1,FAIRBANKS INTERNATIONAL AIRPORT - AK US,1.0,-4.7,1031.5,13.3,6.3,0.6,5.1,999.9,3.2,-2.9,0.03,16.1,FLAG_ANOMALY_STP,True,False,True,False,False,False
70261026411,1/15/2020,64.80309,-147.87606,131.1,FAIRBANKS INTERNATIONAL AIRPORT - AK US,1.4,-3.7,1040.4,22.0,8.5,0.9,5.1,999.9,3.9,-6.0,0.05,16.9,FLAG_ANOMALY_STP,False,False,True,False,False,False
70261026411,1/16/2020,64.80309,-147.87606,131.1,FAIRBANKS INTERNATIONAL AIRPORT - AK US,-17.4,-23.3,1035.9,17.2,10.0,2.6,6.0,999.9,3.9,-27.0,0.0,18.1,FLAG_ANOMALY_STP,True,False,False,False,False,False
70261026411,1/17/2020,64.80309,-147.87606,131.1,FAIRBANKS INTERNATIONAL AIRPORT - AK US,-20.8,-28.0,1024.2,5.5,10.0,0.6,4.1,999.9,-9.9,-27.0,0.0,18.1,FLAG_ANOMALY_STP,False,False,False,False,False,False
70261026411,1/18/2020,64.80309,-147.87606,131.1,FAIRBANKS INTERNATIONAL AIRPORT - AK US,-25.5,-32.6,1017.4,998.7,10.0,1.0,6.0,999.9,-15.0,-29.0,0.0,18.1,,False,False,False,False,False,False
70261026411,1/19/2020,64.80309,-147.87606,131.1,FAIRBANKS INTERNATIONAL AIRPORT - AK US,-29.4,-34.6,1008.3,989.6,10.0,0.5,4.1,999.9,-18.9,-33.0,0.0,18.1,FLAG_SPARSE_DEWP_OBSERVATIONS,False,False,True,False,False,False
70261026411,1/20/2020,64.80309,-147.87606,131.1,FAIRBANKS INTERNATIONAL AIRPORT - AK US,-23.6,-29.8,1002.8,984.3,10.0,0.2,4.1,999.9,-9.0,-33.0,0.0,18.1,,False,False,False,False,False,False
70261026411,1/21/2020,64.80309,-147.87606,131.1,FAIRBANKS INTERNATIONAL AIRPORT - AK US,-14.4,-21.4,1002.3,984.2,9.9,0.6,5.1,999.9,-8.0,-29.9,0.0,18.1,,False,False,True,False,False,False
70261026411,1/22/2020,64.80309,-147.87606,131.1,FAIRBANKS INTERNATIONAL AIRPORT - AK US,-12.5,-19.4,1006.4,988.1,10.0,0.1,2.9,999.9,-8.0,-22.0,0.0,18.1,,False,False,True,False,False,False
70261026411,1/24/2020,64.80309,-147.87606,131.1,FAIRBANKS INTERNATIONAL AIRPORT - AK US,-7.5,-14.4,1011.2,993.0,4.0,1.0,8.0,999.9,1.0,-16.1,0.05,18.1,,False,False,True,False,False,False
70261026411,1/25/2020,64.80309,-147.87606,131.1,FAIRBANKS INTERNATIONAL AIRPORT - AK US,-5.7,-13.1,1013.5,995.3,8.3,4.1,8.0,999.9,1.0,-22.0,0.02,18.9,,False,False,True,False,False,False
70261026411,1/26/2020,64.80309,-147.87606,131.1,FAIRBANKS INTERNATIONAL AIRPORT - AK US,-29.9,-30.1,1014.6,995.2,7.9,0.5,4.1,999.9,-20.0,-38.0,0.0,18.9,FLAG_SPARSE_DEWP_OBSERVATIONS,False,False,True,False,False,False
70261026411,1/27/2020,64.80309,-147.87606,131.1,FAIRBANKS INTERNATIONAL AIRPORT - AK US,-26.4,-29.6,1010.6,991.8,5.9,0.3,4.1,999.9,-18.4,-38.0,0.04,18.9,,False,False,True,False,False,False
70261026411,1/28/2020,64.80309,-147.87606,131.1,FAIRBANKS INTERNATIONAL AIRPORT - AK US,-26.7,-32.3,1005.9,987.3,8.5,0.4,4.1,999.9,-20.0,-38.9,0.0,18.9,,False,False,True,False,False,False
70261026411,1/29/2020,64.80309,-147.87606,131.1,FAIRBANKS INTERNATIONAL AIRPORT - AK US,-27.6,-32.1,993.8,975.5,9.9,0.7,2.9,999.9,-18.9,-34.1,0.0,18.1,,False,False,True,False,False,False
70261026411,1/30/2020,64.80309,-147.87606,131.1,FAIRBANKS INTERNATIONAL AIRPORT - AK US,-11.9,-18.8,990.6,971.8,8.0,0.0,5.1,999.9,-9.0,-33.0,0.04,18.1,,False,False,True,False,False,False
70261026411,1/31/2020,64.80309,-147.87606,131.1,FAIRBANKS INTERNATIONAL AIRPORT - AK US,-18.7,-25.2,999.9,981.6,7.4,1.0,5.1,999.9,-9.0,-29.0,0.0,18.9,,False,False,True,False,False,False
70261026411,2/1/2020,64.80309,-147.87606,131.1,FAIRBANKS INTERNATIONAL AIRPORT - AK US,-19.4,-26.1,1014.5,995.2,5.9,0.4,2.9,999.9,-15.0,-31.0,0.04,18.9,,False,False,True,False,False,False
70261026411,2/3/2020,64.80309,-147.87606,131.1,FAIRBANKS INTERNATIONAL AIRPORT - AK US,-2.6,-8.7,1007.1,989.0,10.0,0.4,2.9,999.9,8.1,-15.0,0.0,18.9,,False,False,False,False,False,False
70261026411,2/4/2020,64.80309,-147.87606,131.1,FAIRBANKS INTERNATIONAL AIRPORT - AK US,2.3,-3.0,997.4,979.4,8.0,0.6,2.9,999.9,14.0,-9.0,0.0,18.9,,False,False,True,False,False,False
70261026411,2/5/2020,64.80309,-147.87606,131.1,FAIRBANKS INTERNATIONAL AIRPORT - AK US,4.5,-0.3,994.4,977.0,8.7,0.1,2.9,999.9,16.0,-9.0,0.06,18.9,,False,False,True,False,False,False
70261026411,2/6/2020,64.80309,-147.87606,131.1,FAIRBANKS INTERNATIONAL AIRPORT - AK US,10.3,5.5,998.1,981.1,5.1,0.8,4.1,999.9,21.0,-9.0,0.0,20.1,,False,False,True,False,False,False
70261026411,2/7/2020,64.80309,-147.87606,131.1,FAIRBANKS INTERNATIONAL AIRPORT - AK US,13.3,8.9,1007.4,989.8,7.9,1.4,5.1,999.9,21.0,3.9,0.23,20.1,,False,False,True,False,False,False
70261026411,2/8/2020,64.80309,-147.87606,131.1,FAIRBANKS INTERNATIONAL AIRPORT - AK US,4.3,-0.5,1005.1,987.6,9.3,2.2,8.0,999.9,23.0,-6.0,0.0,22.8,,False,False,True,False,False,False
70261026411,2/9/2020,64.80309,-147.87606,131.1,FAIRBANKS INTERNATIONAL AIRPORT - AK US,18.7,14.3,1005.8,988.8,8.3,2.3,8.0,999.9,28.9,-6.0,0.0,22.8,,False,False,True,False,False,False
70261026411,2/10/2020,64.80309,-147.87606,131.1,FAIRBANKS INTERNATIONAL AIRPORT - AK US,3.8,-1.6,1025.6,6.6,5.8,3.7,8.9,999.9,25.0,-20.9,0.16,24.0,FLAG_ANOMALY_STP,False,False,True,False,False,False
70261026411,2/11/2020,64.80309,-147.87606,131.1,FAIRBANKS INTERNATIONAL AIRPORT - AK US,-17.0,-20.4,1033.1,14.5,9.6,1.6,8.0,999.9,-4.0,-32.1,0.04,24.0,FLAG_ANOMALY_STP,False,False,True,False,False,False
70261026411,2/12/2020,64.80309,-147.87606,131.1,FAIRBANKS INTERNATIONAL AIRPORT - AK US,-11.4,-19.4,1017.7,999.2,10.0,6.8,9.9,999.9,0.0,-35.0,0.0,24.0,,False,False,False,False,False,False
70261026411,2/13/2020,64.80309,-147.87606,131.1,FAIRBANKS INTERNATIONAL AIRPORT - AK US,-22.8,-25.1,1019.4,0.9,10.0,1.8,7.0,999.9,0.0,-38.9,0.0,24.0,FLAG_ANOMALY_STP,False,False,False,False,False,False
70261026411,2/17/2020,64.80309,-147.87606,131.1,FAIRBANKS INTERNATIONAL AIRPORT - AK US,-8.7,-15.3,1016.0,997.6,9.8,0.5,5.1,999.9,3.9,-16.1,0.0,22.8,,False,False,True,False,False,False
70261026411,2/18/2020,64.80309,-147.87606,131.1,FAIRBANKS INTERNATIONAL AIRPORT - AK US,8.9,3.2,1003.5,985.8,10.0,1.5,7.0,999.9,21.9,3.9,0.0,22.0,,False,False,False,False,False,False
70261026411,2/19/2020,64.80309,-147.87606,131.1,FAIRBANKS INTERNATIONAL AIRPORT - AK US,15.9,9.6,994.3,976.9,10.0,1.7,8.0,999.9,24.1,3.9,0.0,22.0,,False,False,False,False,False,False
70261026411,2/20/2020,64.80309,-147.87606,131.1,FAIRBANKS INTERNATIONAL AIRPORT - AK US,16.4,10.3,988.7,972.1,10.0,3.8,8.0,999.9,28.9,6.1,0.0,22.0,,False,False,True,False,False,False
70261026411,2/21/2020,64.80309,-147.87606,131.1,FAIRBANKS INTERNATIONAL AIRPORT - AK US,12.4,7.5,981.6,964.5,10.0,1.7,5.1,999.9,28.9,3.9,0.0,20.9,,False,False,True,False,False,False
70261026411,2/22/2020,64.80309,-147.87606,131.1,FAIRBANKS INTERNATIONAL AIRPORT - AK US,9.0,3.6,1000.2,981.3,9.1,1.7,8.9,999.9,17.1,1.9,0.01,20.9,,False,False,True,False,False,False
70261026411,2/23/2020,64.80309,-147.87606,131.1,FAIRBANKS INTERNATIONAL AIRPORT - AK US,-0.7,-8.4,1021.8,3.8,8.7,4.3,9.9,999.9,12.0,-14.1,0.0,20.9,FLAG_ANOMALY_STP,False,False,True,False,False,False
70261026411,2/24/2020,64.80309,-147.87606,131.1,FAIRBANKS INTERNATIONAL AIRPORT - AK US,-18.1,-24.1,1036.0,17.3,10.0,1.3,6.0,999.9,3.9,-29.0,0.0,20.9,FLAG_ANOMALY_STP,False,False,True,False,False,False
70261026411,2/25/2020,64.80309,-147.87606,131.1,FAIRBANKS INTERNATIONAL AIRPORT - AK US,-13.7,-19.6,1029.4,10.8,10.0,3.1,8.9,999.9,0.0,-29.0,0.0,20.9,FLAG_ANOMALY_STP,False,False,False,False,False,False
70261026411,2/26/2020,64.80309,-147.87606,131.1,FAIRBANKS INTERNATIONAL AIRPORT - AK US,-15.4,-21.9,1012.9,994.6,10.0,1.6,6.0,999.9,5.0,-29.0,0.0,20.9,,False,False,False,False,False,False
70261026411,2/27/2020,64.80309,-147.87606,131.1,FAIRBANKS INTERNATIONAL AIRPORT - AK US,-16.8,-22.5,1012.2,993.9,10.0,1.2,5.1,999.9,6.1,-31.0,0.0,20.9,,False,False,False,False,False,False
70261026411,2/28/2020,64.80309,-147.87606,131.1,FAIRBANKS INTERNATIONAL AIRPORT - AK US,-20.4,-23.7,1017.5,999.0,10.0,0.6,6.0,999.9,0.0,-34.1,0.0,20.9,,False,False,False,False,False,False
70261026411,3/1/2020,64.80309,-147.87606,131.1,FAIRBANKS INTERNATIONAL AIRPORT - AK US,4.5,-2.0,995.4,976.0,7.0,3.1,8.9,999.9,14.0,-7.1,0.0,20.9,,False,False,True,False,False,False
70261026411,3/2/2020,64.80309,-147.87606,131.1,FAIRBANKS INTERNATIONAL AIRPORT - AK US,1.7,-4.2,996.2,977.1,3.5,3.5,6.0,999.9,15.1,-7.1,0.21,20.9,,True,False,True,False,False,False
70261026411,3/3/2020,64.80309,-147.87606,131.1,FAIRBANKS INTERNATIONAL AIRPORT - AK US,-16.1,-21.9,1005.0,986.9,9.7,1.1,6.0,999.9,3.9,-29.0,0.05,26.0,,False,False,True,False,False,False
70261026411,3/4/2020,64.80309,-147.87606,131.1,FAIRBANKS INTERNATIONAL AIRPORT - AK US,-20.3,-20.4,1015.2,996.7,9.8,1.4,5.1,999.9,-6.0,-38.0,0.0,26.0,,False,False,True,False,False,False
70261026411,3/6/2020,64.80309,-147.87606,131.1,FAIRBANKS INTERNATIONAL AIRPORT - AK US,-19.7,-22.4,1023.0,4.3,10.0,1.5,7.0,999.9,5.0,-41.1,0.0,26.0,FLAG_ANOMALY_STP,False,False,False,False,False,False
70261026411,3/7/2020,64.80309,-147.87606,131.1,FAIRBANKS INTERNATIONAL AIRPORT - AK US,2.8,-5.0,1014.7,996.7,9.2,0.9,4.1,999.9,12.9,-6.0,0.0,26.0,,False,False,True,False,False,False
70261026411,3/8/2020,64.80309,-147.87606,131.1,FAIRBANKS INTERNATIONAL AIRPORT - AK US,10.7,4.2,1004.8,987.1,8.7,2.3,6.0,999.9,21.9,-6.0,0.01,26.0,,False,False,True,False,False,False
70261026411,3/9/2020,64.80309,-147.87606,131.1,FAIRBANKS INTERNATIONAL AIRPORT - AK US,7.6,1.7,1001.8,984.2,6.2,3.1,7.0,999.9,21.9,-0.9,0.03,24.0,,False,False,True,False,False,False
70261026411,3/10/2020,64.80309,-147.87606,131.1,FAIRBANKS INTERNATIONAL AIRPORT - AK US,0.9,-6.2,1010.4,992.6,7.2,4.2,8.0,999.9,10.0,-9.9,0.03,24.0,,False,False,True,False,False,False
70261026411,3/11/2020,64.80309,-147.87606,131.1,FAIRBANKS INTERNATIONAL AIRPORT - AK US,-16.1,-19.8,1031.3,12.7,10.0,2.3,8.0,999.9,6.1,-36.0,0.0,24.0,FLAG_ANOMALY_STP,False,False,False,False,False,False
70261026411,3/12/2020,64.80309,-147.87606,131.1,FAIRBANKS INTERNATIONAL AIRPORT - AK US,-9.9,-16.8,1046.5,27.6,9.0,0.5,4.1,999.9,7.0,-36.0,0.0,24.0,FLAG_ANOMALY_STP,False,False,True,False,False,False
70261026411,3/13/2020,64.80309,-147.87606,131.1,FAIRBANKS INTERNATIONAL AIRPORT - AK US,4.8,-2.8,1047.1,28.5,10.0,2.9,6.0,999.9,21.9,-2.9,0.0,24.0,FLAG_ANOMALY_STP,False,False,False,False,False,False
70261026411,3/14/2020,64.80309,-147.87606,131.1,FAIRBANKS INTERNATIONAL AIRPORT - AK US,7.8,0.0,1040.6,22.3,10.0,1.4,6.0,999.9,23.0,-4.0,0.0,24.0,FLAG_ANOMALY_STP,False,False,False,False,False,False
70261026411,3/15/2020,64.80309,-147.87606,131.1,FAIRBANKS INTERNATIONAL AIRPORT - AK US,23.7,17.4,1036.8,18.6,7.2,1.0,6.0,999.9,30.9,21.0,0.0,24.0,FLAG_ANOMALY_STP,False,False,True,False,False,False
70261026411,3/16/2020,64.80309,-147.87606,131.1,FAIRBANKS INTERNATIONAL AIRPORT - AK US,26.6,19.7,1030.9,13.2,9.5,4.8,12.0,999.9,33.1,19.9,0.03,24.0,FLAG_ANOMALY_STP,False,False,True,False,False,False
70261026411,3/17/2020,64.80309,-147.87606,131.1,FAIRBANKS INTERNATIONAL AIRPORT - AK US,19.2,13.3,1025.4,7.6,10.0,3.9,7.0,999.9,34.0,7.0,0.0,24.0,FLAG_ANOMALY_STP,False,False,False,False,False,False
70261026411,3/18/2020,64.80309,-147.87606,131.1,FAIRBANKS INTERNATIONAL AIRPORT - AK US,31.2,24.4,1016.1,0.1,6.8,3.2,13.0,17.1,36.0,28.0,0.0,24.0,FLAG_ANOMALY_STP,False,True,True,False,False,False
70261026411,3/19/2020,64.80309,-147.87606,131.1,FAIRBANKS INTERNATIONAL AIRPORT - AK US,27.2,21.3,1022.6,5.0,10.0,4.3,11.1,999.9,36.0,18.0,0.0,24.0,FLAG_ANOMALY_STP,False,False,False,False,False,False
70261026411,3/20/2020,64.80309,-147.87606,131.1,FAIRBANKS INTERNATIONAL AIRPORT - AK US,33.8,26.3,1021.8,3.7,7.0,7.6,19.0,28.9,37.9,18.0,0.08,25.2,FLAG_ANOMALY_STP,False,False,True,False,False,False
70261026411,3/21/2020,64.80309,-147.87606,131.1,FAIRBANKS INTERNATIONAL AIRPORT - AK US,30.9,22.3,1024.4,5.6,7.5,5.9,19.0,25.1,37.9,24.1,0.04,27.2,FLAG_ANOMALY_STP,True,False,True,False,False,False
70261026411,3/22/2020,64.80309,-147.87606,131.1,FAIRBANKS INTERNATIONAL AIRPORT - AK US,25.9,17.1,1026.0,7.5,7.8,13.5,28.0,36.9,36.0,18.0,0.07,24.0,FLAG_ANOMALY_STP,False,False,True,False,False,False
70261026411,3/23/2020,64.80309,-147.87606,131.1,FAIRBANKS INTERNATIONAL AIRPORT - AK US,21.4,16.9,1031.4,13.6,2.3,4.2,14.0,17.1,34.0,18.0,0.04,26.0,FLAG_ANOMALY_STP,True,False,True,False,False,False
70261026411,3/24/2020,64.80309,-147.87606,131.1,FAIRBANKS INTERNATIONAL AIRPORT - AK US,34.1,26.7,1022.0,4.9,8.7,10.3,18.1,27.0,36.0,19.0,0.62,31.9,FLAG_ANOMALY_STP,False,False,True,False,False,False
70261026411,3/25/2020,64.80309,-147.87606,131.1,FAIRBANKS INTERNATIONAL AIRPORT - AK US,34.6,29.4,1009.5,991.4,5.6,6.0,11.1,19.0,37.0,33.1,0.0,31.1,,True,True,True,False,False,False
70261026411,3/26/2020,64.80309,-147.87606,131.1,FAIRBANKS INTERNATIONAL AIRPORT - AK US,26.5,15.6,1008.7,991.0,9.6,8.8,17.1,26.0,36.0,19.0,0.38,31.1,,False,False,True,False,False,False
70261026411,3/27/2020,64.80309,-147.87606,131.1,FAIRBANKS INTERNATIONAL AIRPORT - AK US,5.0,-10.5,1020.2,2.3,10.0,9.0,15.0,20.0,30.0,-13.0,0.0,29.1,FLAG_ANOMALY_STP,False,False,True,False,False,False
70261026411,3/28/2020,64.80309,-147.87606,131.1,FAIRBANKS INTERNATIONAL AIRPORT - AK US,5.6,-12.6,1013.4,995.6,10.0,10.5,18.1,22.9,19.9,-13.0,0.0,29.1,,False,False,False,False,False,False
70261026411,3/29/2020,64.80309,-147.87606,131.1,FAIRBANKS INTERNATIONAL AIRPORT - AK US,7.3,-11.4,1021.4,3.4,10.0,8.7,14.0,999.9,19.9,-11.0,0.0,29.1,FLAG_ANOMALY_STP,False,False,False,False,False,False
70261026411,3/30/2020,64.80309,-147.87606,131.1,FAIRBANKS INTERNATIONAL AIRPORT - AK US,4.4,-11.8,1028.2,10.1,10.0,6.7,12.0,999.9,25.0,-16.1,0.0,29.1,FLAG_ANOMALY_STP,False,False,False,False,False,False
70261026411,3/31/2020,64.80309,-147.87606,131.1,FAIRBANKS INTERNATIONAL AIRPORT - AK US,15.3,-6.9,1024.9,7.0,10.0,6.3,12.0,999.9,27.0,3.0,0.0,28.0,FLAG_ANOMALY_STP,False,False,False,False,False,False
70261026411,4/1/2020,64.80309,-147.87606,131.1,FAIRBANKS INTERNATIONAL AIRPORT - AK US,12.6,-3.8,1028.7,10.7,10.0,4.3,8.9,999.9,33.1,-4.0,0.0,28.0,FLAG_ANOMALY_STP,False,False,False,False,False,False
70261026411,4/2/2020,64.80309,-147.87606,131.1,FAIRBANKS INTERNATIONAL AIRPORT - AK US,22.1,7.5,1024.8,7.1,10.0,0.4,2.9,999.9,34.0,12.9,0.0,28.0,FLAG_ANOMALY_STP,False,False,False,False,False,False
70261026411,4/3/2020,64.80309,-147.87606,131.1,FAIRBANKS INTERNATIONAL AIRPORT - AK US,30.2,21.0,1020.4,3.0,8.0,1.8,8.0,999.9,35.1,26.1,0.0,28.0,FLAG_ANOMALY_STP,False,False,True,False,False,False
70261026411,4/4/2020,64.80309,-147.87606,131.1,FAIRBANKS INTERNATIONAL AIRPORT - AK US,28.5,24.3,1017.1,999.2,6.1,2.9,8.0,999.9,35.1,19.9,0.04,28.0,,True,True,True,False,False,False
70261026411,4/5/2020,64.80309,-147.87606,131.1,FAIRBANKS INTERNATIONAL AIRPORT - AK US,34.1,29.1,1004.1,987.3,5.4,5.5,20.0,28.0,36.0,19.9,0.4,28.0,,True,True,True,False,False,False
70261026411,4/6/2020,64.80309,-147.87606,131.1,FAIRBANKS INTERNATIONAL AIRPORT - AK US,22.0,7.5,1004.5,987.9,7.4,9.2,15.0,27.0,36.0,14.0,0.05,29.9,,False,False,True,False,False,False
70261026411,4/7/2020,64.80309,-147.87606,131.1,FAIRBANKS INTERNATIONAL AIRPORT - AK US,14.4,6.0,1018.7,999.9,6.6,5.2,14.0,24.1,28.0,5.0,0.05,28.0,,True,False,True,False,False,False
70261026411,4/8/2020,64.80309,-147.87606,131.1,FAIRBANKS INTERNATIONAL AIRPORT - AK US,12.5,-0.4,1014.4,996.7,10.0,3.6,8.0,999.9,28.9,-5.1,0.0,28.0,,False,False,False,False,False,False
70261026411,4/9/2020,64.80309,-147.87606,131.1,FAIRBANKS INTERNATIONAL AIRPORT - AK US,20.3,3.2,1022.0,4.2,10.0,6.5,11.1,15.0,30.9,-5.1,0.0,28.0,FLAG_ANOMALY_STP,False,False,False,False,False,False
70261026411,4/10/2020,64.80309,-147.87606,131.1,FAIRBANKS INTERNATIONAL AIRPORT - AK US,16.2,4.0,1031.7,13.7,6.6,3.4,9.9,999.9,28.9,3.9,0.0,28.0,FLAG_ANOMALY_STP,False,False,True,False,False,False
70261026411,4/11/2020,64.80309,-147.87606,131.1,FAIRBANKS INTERNATIONAL AIRPORT - AK US,28.0,18.1,1031.0,13.6,8.5,3.6,8.0,999.9,45.0,3.9,0.16,28.0,FLAG_ANOMALY_STP,True,False,True,False,False,False
70261026411,4/12/2020,64.80309,-147.87606,131.1,FAIRBANKS INTERNATIONAL AIRPORT - AK US,30.8,16.1,1022.3,4.8,10.0,0.4,2.9,999.9,48.9,6.1,0.0,31.1,FLAG_ANOMALY_STP,False,False,False,False,False,False
70261026411,4/13/2020,64.80309,-147.87606,131.1,FAIRBANKS INTERNATIONAL AIRPORT - AK US,39.3,27.9,1016.1,999.1,8.7,3.5,9.9,999.9,46.9,34.0,0.0,28.0,,False,True,False,False,False,False
70261026411,4/14/2020,64.80309,-147.87606,131.1,FAIRBANKS INTERNATIONAL AIRPORT - AK US,34.3,25.7,1026.0,8.5,10.0,5.1,11.1,999.9,48.9,21.0,0.08,27.2,FLAG_ANOMALY_STP,False,True,False,False,False,False
70261026411,4/15/2020,64.80309,-147.87606,131.1,FAIRBANKS INTERNATIONAL AIRPORT - AK US,37.7,25.4,1022.2,4.8,10.0,0.9,5.1,999.9,54.0,21.0,0.0,22.8,FLAG_ANOMALY_STP,False,False,False,False,False,False
70261026411,4/16/2020,64.80309,-147.87606,131.1,FAIRBANKS INTERNATIONAL AIRPORT - AK US,41.6,33.4,1017.3,0.1,8.7,4.8,14.0,18.1,54.0,24.1,0.06,20.9,FLAG_ANOMALY_STP,False,True,False,False,False,False
70261026411,4/17/2020,64.80309,-147.87606,131.1,FAIRBANKS INTERNATIONAL AIRPORT - AK US,37.5,29.7,1021.7,4.6,10.0,2.2,11.1,999.9,48.0,28.9,0.04,18.9,FLAG_ANOMALY_STP,False,False,False,False,False,False
70261026411,4/18/2020,64.80309,-147.87606,131.1,FAIRBANKS INTERNATIONAL AIRPORT - AK US,38.7,35.4,1016.0,998.7,5.7,0.7,5.1,999.9,48.0,28.9,0.02,11.0,,True,True,False,False,False,False
70261026411,4/19/2020,64.80309,-147.87606,131.1,FAIRBANKS INTERNATIONAL AIRPORT - AK US,39.6,36.0,1010.1,993.0,9.9,0.8,4.1,999.9,50.0,34.0,0.09,11.0,,False,True,False,False,False,False
70261026411,4/20/2020,64.80309,-147.87606,131.1,FAIRBANKS INTERNATIONAL AIRPORT - AK US,39.7,37.0,1006.6,989.5,6.7,2.6,6.0,999.9,50.0,34.0,0.1,9.1,,True,True,False,False,False,False
70261026411,4/21/2020,64.80309,-147.87606,131.1,FAIRBANKS INTERNATIONAL AIRPORT - AK US,38.4,35.7,1005.4,988.3,6.3,0.5,6.0,999.9,44.1,34.0,0.06,5.9,,True,True,False,False,False,False
70261026411,4/22/2020,64.80309,-147.87606,131.1,FAIRBANKS INTERNATIONAL AIRPORT - AK US,34.9,26.0,1007.9,990.6,10.0,4.0,8.0,999.9,43.0,25.0,0.12,5.1,,False,True,False,False,False,False
70261026411,4/23/2020,64.80309,-147.87606,131.1,FAIRBANKS INTERNATIONAL AIRPORT - AK US,35.9,20.3,1010.9,993.7,10.0,4.1,8.9,999.9,45.0,25.0,0.0,3.9,,False,False,False,False,False,False
70261026411,4/24/2020,64.80309,-147.87606,131.1,FAIRBANKS INTERNATIONAL AIRPORT - AK US,35.1,15.2,1015.8,998.6,10.0,7.6,11.1,999.9,45.0,25.0,0.0,3.1,,False,False,False,False,False,False
70261026411,4/25/2020,64.80309,-147.87606,131.1,FAIRBANKS INTERNATIONAL AIRPORT - AK US,30.1,7.8,1014.6,997.2,10.0,9.9,14.0,17.1,37.9,21.9,0.0,1.2,,False,False,False,False,False,False
70261026411,4/26/2020,64.80309,-147.87606,131.1,FAIRBANKS INTERNATIONAL AIRPORT - AK US,33.1,9.6,1003.1,986.0,10.0,5.3,9.9,999.9,45.0,21.9,0.0,999.9,,False,False,False,False,False,False
70261026411,4/27/2020,64.80309,-147.87606,131.1,FAIRBANKS INTERNATIONAL AIRPORT - AK US,38.2,11.9,995.8,978.8,10.0,4.7,8.9,999.9,46.9,23.0,0.0,999.9,,False,False,False,False,False,False
70261026411,4/28/2020,64.80309,-147.87606,131.1,FAIRBANKS INTERNATIONAL AIRPORT - AK US,37.3,14.2,1000.2,983.2,10.0,4.3,15.0,21.0,46.9,26.1,0.0,999.9,,False,False,False,False,False,False
70261026411,4/29/2020,64.80309,-147.87606,131.1,FAIRBANKS INTERNATIONAL AIRPORT - AK US,38.5,15.4,1004.4,987.4,10.0,9.9,20.0,24.1,46.9,26.1,0.0,999.9,,False,False,False,False,False,False
70261026411,4/30/2020,64.80309,-147.87606,131.1,FAIRBANKS INTERNATIONAL AIRPORT - AK US,32.2,11.6,1009.1,991.9,10.0,11.1,17.1,22.0,43.0,24.1,0.0,999.9,,False,False,False,False,False,False
70261026411,5/1/2020,64.80309,-147.87606,131.1,FAIRBANKS INTERNATIONAL AIRPORT - AK US,36.9,15.1,1011.0,993.9,10.0,7.0,13.0,18.1,52.0,24.1,0.0,999.9,,False,False,False,False,False,False
70261026411,5/2/2020,64.80309,-147.87606,131.1,FAIRBANKS INTERNATIONAL AIRPORT - AK US,41.6,15.9,1015.4,998.3,10.0,5.2,9.9,999.9,52.0,27.0,0.0,999.9,,False,False,False,False,False,False
70261026411,5/3/2020,64.80309,-147.87606,131.1,FAIRBANKS INTERNATIONAL AIRPORT - AK US,43.2,15.5,1013.8,996.7,10.0,10.2,19.0,22.9,52.0,30.0,0.0,999.9,,False,False,False,False,False,False
70261026411,5/4/2020,64.80309,-147.87606,131.1,FAIRBANKS INTERNATIONAL AIRPORT - AK US,45.8,21.5,1012.0,995.0,10.0,9.4,19.0,25.1,61.0,33.1,0.0,999.9,,False,False,False,False,False,False
70261026411,5/5/2020,64.80309,-147.87606,131.1,FAIRBANKS INTERNATIONAL AIRPORT - AK US,48.5,29.6,1015.1,998.1,10.0,3.6,12.0,999.9,62.1,32.0,0.0,999.9,,False,True,False,False,False,False
70261026411,5/6/2020,64.80309,-147.87606,131.1,FAIRBANKS INTERNATIONAL AIRPORT - AK US,49.0,28.1,1017.9,0.8,10.0,3.0,7.0,999.9,63.0,32.0,0.0,999.9,FLAG_ANOMALY_STP,False,False,False,False,False,False
70261026411,5/7/2020,64.80309,-147.87606,131.1,FAIRBANKS INTERNATIONAL AIRPORT - AK US,52.6,28.6,1022.8,5.6,10.0,4.1,8.0,999.9,66.9,32.0,0.0,999.9,FLAG_ANOMALY_STP,False,False,False,False,False,False
70261026411,5/8/2020,64.80309,-147.87606,131.1,FAIRBANKS INTERNATIONAL AIRPORT - AK US,58.9,28.4,1022.4,5.4,10.0,6.8,9.9,999.9,69.1,37.0,0.0,999.9,FLAG_ANOMALY_STP,False,False,False,False,False,False
70261026411,5/9/2020,64.80309,-147.87606,131.1,FAIRBANKS INTERNATIONAL AIRPORT - AK US,57.3,30.3,1023.6,6.6,10.0,3.5,8.0,999.9,71.1,42.1,0.0,999.9,FLAG_ANOMALY_STP,False,False,False,False,False,False
70261026411,5/10/2020,64.80309,-147.87606,131.1,FAIRBANKS INTERNATIONAL AIRPORT - AK US,63.6,33.9,1020.2,3.3,10.0,4.4,9.9,15.9,81.0,42.1,0.0,999.9,FLAG_ANOMALY_STP,False,False,False,False,False,False
70261026411,5/11/2020,64.80309,-147.87606,131.1,FAIRBANKS INTERNATIONAL AIRPORT - AK US,64.4,34.1,1011.6,994.9,10.0,4.2,9.9,999.9,82.0,43.0,0.0,999.9,,False,False,False,False,False,False
70261026411,5/12/2020,64.80309,-147.87606,131.1,FAIRBANKS INTERNATIONAL AIRPORT - AK US,60.7,39.0,1008.4,991.9,10.0,6.5,15.9,22.9,80.1,43.0,0.0,999.9,,False,True,False,False,False,False
70261026411,5/13/2020,64.80309,-147.87606,131.1,FAIRBANKS INTERNATIONAL AIRPORT - AK US,54.3,34.7,1009.6,992.7,10.0,8.6,20.0,24.1,66.0,48.0,0.01,999.9,,False,True,False,False,False,False
70261026411,5/14/2020,64.80309,-147.87606,131.1,FAIRBANKS INTERNATIONAL AIRPORT - AK US,49.2,17.4,1011.2,994.2,10.0,12.8,20.0,26.0,60.1,37.0,0.0,999.9,,False,False,False,False,False,False
70261026411,5/15/2020,64.80309,-147.87606,131.1,FAIRBANKS INTERNATIONAL AIRPORT - AK US,53.8,19.4,1014.3,997.3,10.0,7.5,15.0,999.9,66.0,37.0,0.0,999.9,,False,False,False,False,False,False
70261026411,5/16/2020,64.80309,-147.87606,131.1,FAIRBANKS INTERNATIONAL AIRPORT - AK US,52.7,26.3,1013.7,996.7,10.0,8.7,15.9,21.0,66.9,35.1,0.0,999.9,,False,False,False,False,False,False
70261026411,5/17/2020,64.80309,-147.87606,131.1,FAIRBANKS INTERNATIONAL AIRPORT - AK US,43.9,18.0,1015.4,998.3,10.0,8.8,15.0,19.0,59.0,33.1,0.0,999.9,,False,False,False,False,False,False
70261026411,5/18/2020,64.80309,-147.87606,131.1,FAIRBANKS INTERNATIONAL AIRPORT - AK US,47.5,17.8,1009.8,992.9,10.0,8.8,12.0,17.1,62.1,33.1,0.0,999.9,,False,False,False,False,False,False
70261026411,5/19/2020,64.80309,-147.87606,131.1,FAIRBANKS INTERNATIONAL AIRPORT - AK US,54.6,21.4,1003.7,986.9,10.0,10.9,18.1,22.9,66.0,35.1,0.0,999.9,,False,False,False,False,False,False
70261026411,5/20/2020,64.80309,-147.87606,131.1,FAIRBANKS INTERNATIONAL AIRPORT - AK US,56.1,20.6,1009.4,992.6,10.0,7.7,13.0,20.0,66.9,43.0,0.0,999.9,,False,False,False,False,False,False
70261026411,5/21/2020,64.80309,-147.87606,131.1,FAIRBANKS INTERNATIONAL AIRPORT - AK US,57.8,32.6,1010.1,993.3,10.0,2.9,8.0,999.9,70.0,41.0,0.0,999.9,,False,False,False,False,False,False
70261026411,5/22/2020,64.80309,-147.87606,131.1,FAIRBANKS INTERNATIONAL AIRPORT - AK US,58.6,34.0,1004.9,988.2,10.0,3.8,8.9,24.1,70.0,41.0,0.0,999.9,,False,False,False,False,False,False
70261026411,5/23/2020,64.80309,-147.87606,131.1,FAIRBANKS INTERNATIONAL AIRPORT - AK US,56.2,34.8,1003.8,987.0,10.0,5.2,13.0,14.0,72.0,39.9,0.0,999.9,,False,False,False,False,False,False
70261026411,5/24/2020,64.80309,-147.87606,131.1,FAIRBANKS INTERNATIONAL AIRPORT - AK US,61.0,40.5,996.0,979.5,10.0,2.2,7.0,999.9,73.0,39.9,0.0,999.9,,False,True,False,False,False,False
70261026411,5/25/2020,64.80309,-147.87606,131.1,FAIRBANKS INTERNATIONAL AIRPORT - AK US,54.8,47.6,1003.1,986.5,10.0,4.5,8.0,15.0,66.0,48.9,0.01,999.9,,False,True,False,False,False,False
70261026411,5/26/2020,64.80309,-147.87606,131.1,FAIRBANKS INTERNATIONAL AIRPORT - AK US,53.7,43.4,1010.9,994.0,10.0,4.0,14.0,18.1,62.1,48.9,0.08,999.9,,False,True,False,False,False,False
70261026411,5/27/2020,64.80309,-147.87606,131.1,FAIRBANKS INTERNATIONAL AIRPORT - AK US,52.7,37.4,1023.0,5.9,10.0,3.8,14.0,17.1,64.0,37.9,0.0,999.9,FLAG_ANOMALY_STP,False,False,False,False,False,False
70261026411,5/28/2020,64.80309,-147.87606,131.1,FAIRBANKS INTERNATIONAL AIRPORT - AK US,56.6,37.0,1023.8,6.8,10.0,3.9,8.9,999.9,69.1,37.9,0.0,999.9,FLAG_ANOMALY_STP,False,False,False,False,False,False
70261026411,5/29/2020,64.80309,-147.87606,131.1,FAIRBANKS INTERNATIONAL AIRPORT - AK US,63.5,41.7,1019.0,2.1,10.0,5.0,15.0,22.0,77.0,43.0,0.0,999.9,FLAG_ANOMALY_STP,False,True,False,False,False,False
70261026411,5/30/2020,64.80309,-147.87606,131.1,FAIRBANKS INTERNATIONAL AIRPORT - AK US,66.9,37.4,1010.5,993.8,10.0,7.1,13.0,20.0,79.0,50.0,0.0,999.9,,False,False,False,False,False,False
70261026411,5/31/2020,64.80309,-147.87606,131.1,FAIRBANKS INTERNATIONAL AIRPORT - AK US,65.5,40.0,1002.9,986.3,10.0,6.5,15.0,26.0,79.0,48.9,0.0,999.9,,False,True,False,False,False,False
70261026411,6/1/2020,64.80309,-147.87606,131.1,FAIRBANKS INTERNATIONAL AIRPORT - AK US,58.2,48.0,999.7,983.2,9.9,2.9,21.0,32.1,75.0,46.0,0.39,999.9,,False,True,False,False,True,False
70261026411,6/2/2020,64.80309,-147.87606,131.1,FAIRBANKS INTERNATIONAL AIRPORT - AK US,57.0,45.7,999.9,983.2,10.0,3.2,13.0,22.0,71.1,46.0,0.19,999.9,,False,True,False,False,True,False
70261026411,6/3/2020,64.80309,-147.87606,131.1,FAIRBANKS INTERNATIONAL AIRPORT - AK US,56.4,46.6,1006.2,989.6,9.7,4.2,11.1,17.1,66.9,46.9,0.0,999.9,,True,True,False,False,True,False
70261026411,6/4/2020,64.80309,-147.87606,131.1,FAIRBANKS INTERNATIONAL AIRPORT - AK US,54.7,45.6,1012.9,996.1,9.6,3.6,8.0,999.9,69.1,45.0,0.03,999.9,,False,False,False,False,False,False
70261026411,6/5/2020,64.80309,-147.87606,131.1,FAIRBANKS INTERNATIONAL AIRPORT - AK US,60.4,39.7,1012.2,995.4,10.0,3.0,9.9,17.1,73.0,45.0,0.0,999.9,,False,False,False,False,False,False
70261026411,6/6/2020,64.80309,-147.87606,131.1,FAIRBANKS INTERNATIONAL AIRPORT - AK US,61.6,39.9,1009.8,993.0,10.0,4.9,17.1,999.9,72.0,48.0,0.0,999.9,,False,False,False,False,False,False
70261026411,6/7/2020,64.80309,-147.87606,131.1,FAIRBANKS INTERNATIONAL AIRPORT - AK US,58.0,41.6,1007.6,990.9,9.9,3.6,20.0,999.9,72.0,45.0,0.0,999.9,,False,True,False,False,False,False
70261026411,6/8/2020,64.80309,-147.87606,131.1,FAIRBANKS INTERNATIONAL AIRPORT - AK US,62.6,41.5,1005.8,989.1,10.0,3.2,14.0,999.9,73.9,45.0,0.0,999.9,,False,True,False,False,False,False
70261026411,6/9/2020,64.80309,-147.87606,131.1,FAIRBANKS INTERNATIONAL AIRPORT - AK US,62.7,45.6,1005.2,988.6,10.0,3.9,21.0,31.1,75.0,51.1,0.0,999.9,,False,True,False,False,True,False
70261026411,6/10/2020,64.80309,-147.87606,131.1,FAIRBANKS INTERNATIONAL AIRPORT - AK US,60.2,44.6,1006.9,990.1,10.0,3.3,14.0,999.9,75.9,45.0,0.0,999.9,,False,True,False,False,False,False
70261026411,6/11/2020,64.80309,-147.87606,131.1,FAIRBANKS INTERNATIONAL AIRPORT - AK US,65.3,43.5,1011.2,994.5,10.0,3.9,11.1,999.9,78.1,45.0,0.0,999.9,,False,True,False,False,False,False
70261026411,6/12/2020,64.80309,-147.87606,131.1,FAIRBANKS INTERNATIONAL AIRPORT - AK US,62.9,44.3,1014.1,997.4,10.0,3.1,8.9,999.9,75.0,50.0,0.0,999.9,,False,True,False,False,True,False
70261026411,6/13/2020,64.80309,-147.87606,131.1,FAIRBANKS INTERNATIONAL AIRPORT - AK US,64.9,46.3,1011.7,994.9,10.0,3.5,8.0,999.9,75.9,50.0,0.0,999.9,,False,False,False,False,False,False
70261026411,6/14/2020,64.80309,-147.87606,131.1,FAIRBANKS INTERNATIONAL AIRPORT - AK US,60.6,51.3,1006.4,989.5,9.7,3.5,11.1,21.0,80.1,54.0,0.0,999.9,,False,True,False,False,True,False
70261026411,6/15/2020,64.80309,-147.87606,131.1,FAIRBANKS INTERNATIONAL AIRPORT - AK US,62.0,52.8,1007.6,990.9,10.0,1.7,8.0,999.9,77.0,52.0,0.11,999.9,,False,False,False,False,False,False
70261026411,6/16/2020,64.80309,-147.87606,131.1,FAIRBANKS INTERNATIONAL AIRPORT - AK US,63.0,53.1,1006.6,989.9,10.0,3.0,13.0,24.1,77.0,52.0,0.09,999.9,,False,True,False,False,True,False
70261026411,6/17/2020,64.80309,-147.87606,131.1,FAIRBANKS INTERNATIONAL AIRPORT - AK US,66.2,48.0,1007.0,990.3,10.0,3.2,8.0,999.9,77.0,53.1,0.0,999.9,,False,True,False,False,False,False
70261026411,6/18/2020,64.80309,-147.87606,131.1,FAIRBANKS INTERNATIONAL AIRPORT - AK US,67.5,43.0,1008.5,991.8,10.0,4.4,9.9,17.1,75.9,53.1,0.0,999.9,,False,False,False,False,False,False
70261026411,6/19/2020,64.80309,-147.87606,131.1,FAIRBANKS INTERNATIONAL AIRPORT - AK US,62.3,51.1,1003.3,986.6,7.7,3.6,7.0,999.9,77.0,55.9,0.09,999.9,,False,True,False,False,False,False
70261026411,6/20/2020,64.80309,-147.87606,131.1,FAIRBANKS INTERNATIONAL AIRPORT - AK US,60.0,50.6,1002.3,985.6,9.8,4.0,15.9,25.1,73.9,52.0,0.45,999.9,,False,True,False,False,True,False
70261026411,6/21/2020,64.80309,-147.87606,131.1,FAIRBANKS INTERNATIONAL AIRPORT - AK US,57.6,54.1,1004.4,987.6,6.9,4.1,13.0,18.1,73.9,52.0,0.68,999.9,,False,True,False,False,True,False
70261026411,6/22/2020,64.80309,-147.87606,131.1,FAIRBANKS INTERNATIONAL AIRPORT - AK US,52.6,49.3,1005.2,988.6,5.5,5.0,8.0,999.9,60.1,51.1,1.01,999.9,,False,True,False,False,False,False
70261026411,6/23/2020,64.80309,-147.87606,131.1,FAIRBANKS INTERNATIONAL AIRPORT - AK US,52.5,47.1,1003.4,986.6,8.2,6.2,9.9,19.0,57.0,51.1,0.01,999.9,,False,True,False,False,False,False
70261026411,6/24/2020,64.80309,-147.87606,131.1,FAIRBANKS INTERNATIONAL AIRPORT - AK US,54.3,47.8,1006.2,989.4,10.0,4.6,8.9,999.9,63.0,48.9,0.03,999.9,,False,True,False,False,False,False
70261026411,6/25/2020,64.80309,-147.87606,131.1,FAIRBANKS INTERNATIONAL AIRPORT - AK US,56.6,43.4,1005.9,989.1,10.0,3.2,7.0,999.9,68.0,45.0,0.14,999.9,,False,True,False,False,False,False
70261026411,6/26/2020,64.80309,-147.87606,131.1,FAIRBANKS INTERNATIONAL AIRPORT - AK US,59.3,41.3,1006.9,990.2,10.0,4.7,8.9,18.1,69.1,45.0,0.0,999.9,,False,True,False,False,True,False
70261026411,6/27/2020,64.80309,-147.87606,131.1,FAIRBANKS INTERNATIONAL AIRPORT - AK US,58.5,44.5,1014.5,997.7,10.0,4.8,8.0,999.9,68.0,46.9,0.02,999.9,,False,True,False,False,False,False
70261026411,6/28/2020,64.80309,-147.87606,131.1,FAIRBANKS INTERNATIONAL AIRPORT - AK US,62.5,44.2,1011.8,995.0,10.0,3.7,11.1,18.1,71.1,48.9,0.0,999.9,,False,False,False,False,False,False
70261026411,6/29/2020,64.80309,-147.87606,131.1,FAIRBANKS INTERNATIONAL AIRPORT - AK US,55.6,46.8,1010.9,993.9,9.4,4.7,9.9,999.9,66.9,48.0,0.04,999.9,,False,True,False,False,False,False
70261026411,6/30/2020,64.80309,-147.87606,131.1,FAIRBANKS INTERNATIONAL AIRPORT - AK US,52.2,43.8,1019.6,2.3,9.7,5.5,20.0,24.1,64.9,48.0,0.03,999.9,FLAG_ANOMALY_STP,False,True,False,False,False,False
70261026411,7/1/2020,64.80309,-147.87606,131.1,FAIRBANKS INTERNATIONAL AIRPORT - AK US,50.7,40.1,1026.5,9.3,10.0,1.4,6.0,999.9,63.0,39.0,0.17,999.9,FLAG_ANOMALY_STP,False,True,False,False,False,False
70261026411,7/2/2020,64.80309,-147.87606,131.1,FAIRBANKS INTERNATIONAL AIRPORT - AK US,55.3,41.5,1024.3,7.2,10.0,2.3,6.0,999.9,64.0,39.0,0.0,999.9,FLAG_ANOMALY_STP,False,False,False,False,False,False
70261026411,7/3/2020,64.80309,-147.87606,131.1,FAIRBANKS INTERNATIONAL AIRPORT - AK US,59.2,42.4,1018.8,1.8,10.0,3.4,7.0,999.9,71.1,44.1,0.0,999.9,FLAG_ANOMALY_STP,False,False,False,False,False,False
70261026411,7/4/2020,64.80309,-147.87606,131.1,FAIRBANKS INTERNATIONAL AIRPORT - AK US,63.8,51.3,1017.2,0.4,9.9,3.3,8.9,999.9,75.0,45.0,0.0,999.9,FLAG_ANOMALY_STP,False,False,False,False,False,False
70261026411,7/5/2020,64.80309,-147.87606,131.1,FAIRBANKS INTERNATIONAL AIRPORT - AK US,65.6,48.5,1016.6,999.8,10.0,4.2,9.9,17.1,75.9,52.0,0.0,999.9,,False,False,False,False,False,False
70261026411,7/6/2020,64.80309,-147.87606,131.1,FAIRBANKS INTERNATIONAL AIRPORT - AK US,64.1,49.4,1012.6,995.9,10.0,3.3,9.9,999.9,75.9,52.0,0.0,999.9,,False,False,False,False,False,False
70261026411,7/7/2020,64.80309,-147.87606,131.1,FAIRBANKS INTERNATIONAL AIRPORT - AK US,65.2,52.5,1012.8,996.0,10.0,2.9,11.1,15.0,75.0,52.0,0.0,999.9,,False,False,False,False,False,False
70261026411,7/8/2020,64.80309,-147.87606,131.1,FAIRBANKS INTERNATIONAL AIRPORT - AK US,62.0,50.7,1014.1,997.4,10.0,6.7,14.0,18.1,75.9,54.0,0.0,999.9,,False,False,False,False,False,False
70261026411,7/9/2020,64.80309,-147.87606,131.1,FAIRBANKS INTERNATIONAL AIRPORT - AK US,59.1,51.5,1010.4,993.7,9.5,3.5,8.9,999.9,66.9,53.1,0.0,999.9,,False,True,False,False,False,False
70261026411,7/10/2020,64.80309,-147.87606,131.1,FAIRBANKS INTERNATIONAL AIRPORT - AK US,59.5,47.8,1009.1,992.3,9.7,5.3,11.1,15.0,69.1,53.1,0.49,999.9,,False,True,False,False,True,False
70261026411,7/11/2020,64.80309,-147.87606,131.1,FAIRBANKS INTERNATIONAL AIRPORT - AK US,59.6,40.5,1008.3,991.7,10.0,5.6,11.1,15.0,70.0,50.0,0.02,999.9,,False,False,False,False,False,False
70261026411,7/12/2020,64.80309,-147.87606,131.1,FAIRBANKS INTERNATIONAL AIRPORT - AK US,60.9,42.7,1005.6,988.9,10.0,2.7,8.0,999.9,72.0,48.9,0.0,999.9,,False,False,False,False,False,False
70261026411,7/13/2020,64.80309,-147.87606,131.1,FAIRBANKS INTERNATIONAL AIRPORT - AK US,60.3,48.1,1009.2,992.5,7.9,4.6,9.9,999.9,73.0,48.9,0.01,999.9,,False,True,False,False,False,False
70261026411,7/14/2020,64.80309,-147.87606,131.1,FAIRBANKS INTERNATIONAL AIRPORT - AK US,61.4,52.0,1011.4,994.7,10.0,4.1,8.9,999.9,71.1,53.1,0.67,999.9,,False,True,False,False,False,False
70261026411,7/15/2020,64.80309,-147.87606,131.1,FAIRBANKS INTERNATIONAL AIRPORT - AK US,62.7,50.1,1010.5,993.7,10.0,3.5,8.9,999.9,73.9,50.0,0.05,999.9,,False,False,False,False,False,False
70261026411,7/16/2020,64.80309,-147.87606,131.1,FAIRBANKS INTERNATIONAL AIRPORT - AK US,62.4,52.3,1008.4,991.7,9.4,3.7,11.1,999.9,75.0,50.0,0.0,999.9,,False,True,False,False,False,False
70261026411,7/17/2020,64.80309,-147.87606,131.1,FAIRBANKS INTERNATIONAL AIRPORT - AK US,62.3,52.3,1006.2,989.6,10.0,3.4,8.9,999.9,70.0,55.9,0.25,999.9,,False,True,False,False,False,False
70261026411,7/18/2020,64.80309,-147.87606,131.1,FAIRBANKS INTERNATIONAL AIRPORT - AK US,61.8,52.7,1008.5,991.8,10.0,4.9,9.9,15.9,70.0,55.9,0.03,999.9,,False,True,False,False,False,False
70261026411,7/19/2020,64.80309,-147.87606,131.1,FAIRBANKS INTERNATIONAL AIRPORT - AK US,61.2,54.0,1011.6,994.8,9.8,3.6,8.9,999.9,72.0,52.0,0.14,999.9,,True,True,False,False,False,False
70261026411,7/20/2020,64.80309,-147.87606,131.1,FAIRBANKS INTERNATIONAL AIRPORT - AK US,65.2,52.8,1008.5,991.8,10.0,3.9,7.0,999.9,73.9,52.0,0.02,999.9,,False,True,False,False,False,False
70261026411,7/21/2020,64.80309,-147.87606,131.1,FAIRBANKS INTERNATIONAL AIRPORT - AK US,60.0,52.2,1010.8,994.0,8.7,6.8,15.0,22.9,73.0,53.1,0.32,999.9,,False,True,False,False,False,False
70261026411,7/22/2020,64.80309,-147.87606,131.1,FAIRBANKS INTERNATIONAL AIRPORT - AK US,54.0,48.4,1013.9,996.9,10.0,4.5,12.0,15.0,64.0,51.1,0.06,999.9,,False,True,False,False,False,False
70261026411,7/23/2020,64.80309,-147.87606,131.1,FAIRBANKS INTERNATIONAL AIRPORT - AK US,59.1,48.8,1011.3,994.7,10.0,2.9,12.0,17.1,68.0,51.1,0.12,999.9,,False,False,False,False,False,False
70261026411,7/24/2020,64.80309,-147.87606,131.1,FAIRBANKS INTERNATIONAL AIRPORT - AK US,59.6,49.2,1004.1,987.4,10.0,3.6,13.0,17.1,69.1,52.0,0.0,999.9,,False,True,False,False,False,False
70261026411,7/25/2020,64.80309,-147.87606,131.1,FAIRBANKS INTERNATIONAL AIRPORT - AK US,57.1,50.1,1003.1,986.3,9.4,2.5,9.9,999.9,64.9,52.0,0.01,999.9,,False,True,False,False,True,False
70261026411,7/26/2020,64.80309,-147.87606,131.1,FAIRBANKS INTERNATIONAL AIRPORT - AK US,59.7,50.9,1003.5,986.9,10.0,2.4,6.0,999.9,68.0,53.1,0.07,999.9,,False,True,False,False,True,False
70261026411,7/27/2020,64.80309,-147.87606,131.1,FAIRBANKS INTERNATIONAL AIRPORT - AK US,60.4,50.7,1007.8,991.1,9.8,4.5,9.9,999.9,69.1,53.1,0.0,999.9,,False,True,False,False,False,False
70261026411,7/28/2020,64.80309,-147.87606,131.1,FAIRBANKS INTERNATIONAL AIRPORT - AK US,57.8,50.7,1012.3,995.5,10.0,3.3,11.1,19.0,64.0,51.1,0.12,999.9,,False,True,False,False,False,False
70261026411,7/29/2020,64.80309,-147.87606,131.1,FAIRBANKS INTERNATIONAL AIRPORT - AK US,58.0,48.0,1016.9,0.0,10.0,4.0,7.0,999.9,68.0,51.1,0.0,999.9,FLAG_ANOMALY_STP,False,True,False,False,False,False
70261026411,7/30/2020,64.80309,-147.87606,131.1,FAIRBANKS INTERNATIONAL AIRPORT - AK US,62.5,52.9,1011.2,994.4,9.9,1.7,5.1,999.9,78.1,51.1,0.0,999.9,,False,False,False,False,False,False
70261026411,7/31/2020,64.80309,-147.87606,131.1,FAIRBANKS INTERNATIONAL AIRPORT - AK US,66.0,50.2,1010.3,991.5,10.0,3.4,12.0,22.0,79.0,52.0,0.0,999.9,FLAG_SPARSE_STP_OBSERVATIONS,False,False,False,False,False,False
70261026411,8/1/2020,64.80309,-147.87606,131.1,FAIRBANKS INTERNATIONAL AIRPORT - AK US,67.2,53.3,1006.1,988.5,10.0,2.3,4.1,999.9,79.0,52.0,0.0,999.9,,False,False,False,False,False,False
70261026411,8/2/2020,64.80309,-147.87606,131.1,FAIRBANKS INTERNATIONAL AIRPORT - AK US,65.6,56.7,999.9,983.3,8.6,4.5,13.0,26.0,79.0,55.9,0.21,999.9,,False,True,False,False,True,False
70261026411,8/3/2020,64.80309,-147.87606,131.1,FAIRBANKS INTERNATIONAL AIRPORT - AK US,58.1,51.4,1003.3,986.8,8.4,5.4,11.1,999.9,69.1,54.0,0.29,999.9,,False,True,False,False,False,False
70261026411,8/4/2020,64.80309,-147.87606,131.1,FAIRBANKS INTERNATIONAL AIRPORT - AK US,59.8,54.3,1006.9,990.1,9.8,2.9,7.0,999.9,68.0,54.0,0.72,999.9,,False,True,False,False,False,False
70261026411,8/5/2020,64.80309,-147.87606,131.1,FAIRBANKS INTERNATIONAL AIRPORT - AK US,58.8,52.8,1006.3,989.8,7.8,1.2,7.0,999.9,72.0,51.1,0.01,999.9,,True,True,False,False,False,False
70261026411,8/6/2020,64.80309,-147.87606,131.1,FAIRBANKS INTERNATIONAL AIRPORT - AK US,63.9,49.5,998.1,981.6,10.0,4.0,7.0,999.9,73.9,51.1,0.0,999.9,,False,False,False,False,False,False
70261026411,8/7/2020,64.80309,-147.87606,131.1,FAIRBANKS INTERNATIONAL AIRPORT - AK US,61.1,49.3,994.7,978.2,10.0,2.9,8.0,999.9,73.9,50.0,0.0,999.9,,False,True,False,False,False,False
70261026411,8/8/2020,64.80309,-147.87606,131.1,FAIRBANKS INTERNATIONAL AIRPORT - AK US,60.9,47.6,1002.4,985.7,10.0,4.7,8.9,19.0,71.1,50.0,0.0,999.9,,False,False,False,False,False,False
70261026411,8/9/2020,64.80309,-147.87606,131.1,FAIRBANKS INTERNATIONAL AIRPORT - AK US,57.4,49.1,1006.6,989.8,10.0,3.0,8.9,999.9,68.0,46.9,0.0,999.9,,False,True,False,False,True,False
70261026411,8/10/2020,64.80309,-147.87606,131.1,FAIRBANKS INTERNATIONAL AIRPORT - AK US,58.0,48.6,1006.9,990.2,9.9,4.9,11.1,999.9,68.0,46.9,0.03,999.9,,False,True,False,False,False,False
70261026411,8/11/2020,64.80309,-147.87606,131.1,FAIRBANKS INTERNATIONAL AIRPORT - AK US,56.8,47.1,1012.4,995.6,10.0,4.0,11.1,999.9,64.0,50.0,0.04,999.9,,False,True,False,False,False,False
70261026411,8/12/2020,64.80309,-147.87606,131.1,FAIRBANKS INTERNATIONAL AIRPORT - AK US,56.5,49.6,1012.9,996.1,9.2,2.1,8.9,999.9,66.0,50.0,0.02,999.9,,False,True,False,False,False,False
70261026411,8/13/2020,64.80309,-147.87606,131.1,FAIRBANKS INTERNATIONAL AIRPORT - AK US,52.8,48.6,1015.5,998.2,6.4,3.4,9.9,999.9,68.0,48.0,0.28,999.9,,True,True,False,False,True,False
70261026411,8/14/2020,64.80309,-147.87606,131.1,FAIRBANKS INTERNATIONAL AIRPORT - AK US,58.1,46.8,1016.3,999.4,10.0,1.9,12.0,999.9,73.0,44.1,0.0,999.9,,False,False,False,False,False,False
70261026411,8/15/2020,64.80309,-147.87606,131.1,FAIRBANKS INTERNATIONAL AIRPORT - AK US,61.9,48.6,1014.0,997.1,10.0,4.5,8.9,999.9,73.0,44.1,0.0,999.9,,False,True,False,False,False,False
70261026411,8/16/2020,64.80309,-147.87606,131.1,FAIRBANKS INTERNATIONAL AIRPORT - AK US,60.4,47.1,1014.2,997.4,10.0,4.5,8.9,999.9,72.0,48.9,0.0,999.9,,False,False,False,False,False,False
70261026411,8/17/2020,64.80309,-147.87606,131.1,FAIRBANKS INTERNATIONAL AIRPORT - AK US,60.1,43.8,1011.4,994.6,10.0,5.2,11.1,999.9,73.0,46.9,0.0,999.9,,False,False,False,False,False,False
70261026411,8/18/2020,64.80309,-147.87606,131.1,FAIRBANKS INTERNATIONAL AIRPORT - AK US,60.7,44.4,1008.5,991.7,10.0,3.0,7.0,999.9,73.9,46.9,0.0,999.9,,False,False,False,False,False,False
70261026411,8/19/2020,64.80309,-147.87606,131.1,FAIRBANKS INTERNATIONAL AIRPORT - AK US,62.2,49.4,1010.2,993.6,10.0,2.6,5.1,999.9,75.9,46.9,0.0,999.9,,False,False,False,False,False,False
70261026411,8/20/2020,64.80309,-147.87606,131.1,FAIRBANKS INTERNATIONAL AIRPORT - AK US,60.3,51.8,1009.8,993.1,9.9,1.8,5.1,999.9,75.0,50.0,0.0,999.9,,False,True,False,False,False,False
70261026411,8/21/2020,64.80309,-147.87606,131.1,FAIRBANKS INTERNATIONAL AIRPORT - AK US,56.8,49.7,1009.3,992.6,8.3,2.5,13.0,27.0,73.0,48.9,0.03,999.9,,True,True,False,False,True,False
70261026411,8/22/2020,64.80309,-147.87606,131.1,FAIRBANKS INTERNATIONAL AIRPORT - AK US,62.5,50.4,1006.4,989.7,10.0,3.0,8.9,999.9,73.9,48.9,0.01,999.9,,False,False,False,False,False,False
70261026411,8/23/2020,64.80309,-147.87606,131.1,FAIRBANKS INTERNATIONAL AIRPORT - AK US,61.9,50.4,1008.0,991.3,10.0,1.2,4.1,999.9,75.9,50.0,0.0,999.9,,False,False,False,False,False,False
70261026411,8/24/2020,64.80309,-147.87606,131.1,FAIRBANKS INTERNATIONAL AIRPORT - AK US,58.5,51.7,1010.5,993.8,9.2,3.4,8.9,15.9,72.0,50.0,0.17,999.9,,False,True,False,False,True,False
70261026411,8/25/2020,64.80309,-147.87606,131.1,FAIRBANKS INTERNATIONAL AIRPORT - AK US,56.4,51.1,1008.4,991.6,9.2,1.7,5.1,999.9,64.0,50.0,0.01,999.9,,False,True,False,False,False,False
70261026411,8/26/2020,64.80309,-147.87606,131.1,FAIRBANKS INTERNATIONAL AIRPORT - AK US,55.4,51.1,1006.3,989.4,7.9,1.8,5.1,999.9,64.9,50.0,0.29,999.9,,True,True,False,False,False,False
70261026411,8/27/2020,64.80309,-147.87606,131.1,FAIRBANKS INTERNATIONAL AIRPORT - AK US,54.8,48.6,1007.0,990.2,10.0,1.9,6.0,999.9,66.9,45.0,0.02,999.9,,False,True,False,False,False,False
70261026411,8/28/2020,64.80309,-147.87606,131.1,FAIRBANKS INTERNATIONAL AIRPORT - AK US,53.9,46.8,1008.9,992.3,9.2,2.6,14.0,999.9,68.0,45.0,0.01,999.9,,False,True,False,False,False,False
70261026411,8/29/2020,64.80309,-147.87606,131.1,FAIRBANKS INTERNATIONAL AIRPORT - AK US,53.5,47.6,1008.6,992.1,7.1,3.0,6.0,999.9,64.9,45.0,0.02,999.9,,True,True,False,False,True,False
70261026411,8/30/2020,64.80309,-147.87606,131.1,FAIRBANKS INTERNATIONAL AIRPORT - AK US,56.2,45.0,1000.9,984.2,10.0,3.7,9.9,18.1,68.0,44.1,0.0,999.9,,False,False,False,False,False,False
70261026411,8/31/2020,64.80309,-147.87606,131.1,FAIRBANKS INTERNATIONAL AIRPORT - AK US,59.2,42.5,984.9,968.5,10.0,4.9,11.1,21.0,68.0,44.1,0.0,999.9,,False,True,False,False,False,False
70261026411,9/1/2020,64.80309,-147.87606,131.1,FAIRBANKS INTERNATIONAL AIRPORT - AK US,55.4,44.4,995.5,978.9,10.0,2.0,6.0,999.9,66.9,48.0,0.0,999.9,,False,False,False,False,False,False
70261026411,9/2/2020,64.80309,-147.87606,131.1,FAIRBANKS INTERNATIONAL AIRPORT - AK US,52.5,46.2,1007.2,990.2,10.0,4.2,8.0,999.9,64.0,46.9,0.02,999.9,,False,True,False,False,False,False
70261026411,9/3/2020,64.80309,-147.87606,131.1,FAIRBANKS INTERNATIONAL AIRPORT - AK US,52.2,43.3,1008.0,991.1,10.0,2.7,6.0,999.9,63.0,43.0,0.01,999.9,,False,False,False,False,False,False
70261026411,9/4/2020,64.80309,-147.87606,131.1,FAIRBANKS INTERNATIONAL AIRPORT - AK US,51.0,45.4,1013.0,996.4,8.0,5.1,9.9,999.9,63.0,43.0,0.03,999.9,,False,True,False,False,False,False
70261026411,9/5/2020,64.80309,-147.87606,131.1,FAIRBANKS INTERNATIONAL AIRPORT - AK US,46.8,41.3,1023.0,6.4,8.0,4.1,8.0,999.9,52.0,43.0,0.02,999.9,FLAG_ANOMALY_STP,False,True,False,False,False,False
70261026411,9/6/2020,64.80309,-147.87606,131.1,FAIRBANKS INTERNATIONAL AIRPORT - AK US,45.2,38.5,1026.7,9.6,9.9,3.4,12.0,15.9,64.0,34.0,0.02,999.9,FLAG_ANOMALY_STP,True,True,False,False,False,False
70261026411,9/7/2020,64.80309,-147.87606,131.1,FAIRBANKS INTERNATIONAL AIRPORT - AK US,55.5,42.3,1012.5,995.6,10.0,5.1,12.0,18.1,68.0,34.0,0.14,999.9,,False,True,False,False,False,False
70261026411,9/8/2020,64.80309,-147.87606,131.1,FAIRBANKS INTERNATIONAL AIRPORT - AK US,53.3,44.6,1017.7,0.7,9.6,3.4,12.0,19.0,68.0,46.0,0.01,999.9,FLAG_ANOMALY_STP,False,True,False,False,False,False
70261026411,9/9/2020,64.80309,-147.87606,131.1,FAIRBANKS INTERNATIONAL AIRPORT - AK US,49.5,45.6,1021.8,4.7,8.8,2.5,8.9,15.9,55.9,46.0,0.42,999.9,FLAG_ANOMALY_STP,True,True,False,False,False,False
70261026411,9/10/2020,64.80309,-147.87606,131.1,FAIRBANKS INTERNATIONAL AIRPORT - AK US,43.3,38.0,1026.6,9.0,9.2,6.5,14.0,24.1,51.1,37.0,0.14,999.9,FLAG_ANOMALY_STP,False,True,False,False,False,False
70261026411,9/11/2020,64.80309,-147.87606,131.1,FAIRBANKS INTERNATIONAL AIRPORT - AK US,43.5,36.0,1028.3,10.9,10.0,5.7,12.0,18.1,50.0,37.0,0.0,999.9,FLAG_ANOMALY_STP,False,True,False,False,False,False
70261026411,9/12/2020,64.80309,-147.87606,131.1,FAIRBANKS INTERNATIONAL AIRPORT - AK US,45.1,36.6,1025.0,7.7,10.0,3.3,8.0,14.0,55.9,35.1,0.0,999.9,FLAG_ANOMALY_STP,False,False,False,False,False,False
70261026411,9/13/2020,64.80309,-147.87606,131.1,FAIRBANKS INTERNATIONAL AIRPORT - AK US,44.3,33.7,1025.5,8.2,10.0,2.4,8.0,999.9,57.0,32.0,0.0,999.9,FLAG_ANOMALY_STP,False,False,False,False,False,False
70261026411,9/14/2020,64.80309,-147.87606,131.1,FAIRBANKS INTERNATIONAL AIRPORT - AK US,46.7,37.1,1020.8,3.6,10.0,1.4,5.1,999.9,59.0,32.0,0.0,999.9,FLAG_ANOMALY_STP,False,True,False,False,False,False
70261026411,9/15/2020,64.80309,-147.87606,131.1,FAIRBANKS INTERNATIONAL AIRPORT - AK US,50.1,40.8,1015.7,998.6,10.0,3.8,8.0,999.9,63.0,41.0,0.0,999.9,,False,True,False,False,False,False
70261026411,9/16/2020,64.80309,-147.87606,131.1,FAIRBANKS INTERNATIONAL AIRPORT - AK US,52.1,43.0,1015.1,998.4,10.0,3.1,6.0,999.9,64.0,45.0,0.04,999.9,,False,True,False,False,False,False
70261026411,9/17/2020,64.80309,-147.87606,131.1,FAIRBANKS INTERNATIONAL AIRPORT - AK US,51.7,40.7,1004.8,988.0,10.0,5.7,9.9,999.9,63.0,44.1,0.02,999.9,,False,True,False,False,False,False
70261026411,9/18/2020,64.80309,-147.87606,131.1,FAIRBANKS INTERNATIONAL AIRPORT - AK US,50.7,41.7,995.7,979.0,10.0,3.5,12.0,17.1,63.0,39.0,0.03,999.9,,False,True,False,False,False,False
70261026411,9/19/2020,64.80309,-147.87606,131.1,FAIRBANKS INTERNATIONAL AIRPORT - AK US,46.3,40.9,1004.4,987.5,9.4,2.0,8.0,999.9,55.9,39.0,0.01,999.9,,True,True,False,False,False,False
70261026411,9/20/2020,64.80309,-147.87606,131.1,FAIRBANKS INTERNATIONAL AIRPORT - AK US,42.8,37.7,1008.5,991.7,7.5,2.3,6.0,999.9,53.1,35.1,0.12,999.9,,True,True,False,False,False,False
70261026411,9/21/2020,64.80309,-147.87606,131.1,FAIRBANKS INTERNATIONAL AIRPORT - AK US,41.9,34.5,1004.4,987.4,10.0,1.3,6.0,999.9,55.0,32.0,0.0,999.9,,False,False,False,False,False,False
70261026411,9/22/2020,64.80309,-147.87606,131.1,FAIRBANKS INTERNATIONAL AIRPORT - AK US,41.8,33.1,1001.7,984.7,10.0,1.0,5.1,999.9,55.9,30.9,0.0,999.9,,False,False,False,False,False,False
70261026411,9/23/2020,64.80309,-147.87606,131.1,FAIRBANKS INTERNATIONAL AIRPORT - AK US,48.7,36.0,995.4,978.6,10.0,6.6,9.9,999.9,57.9,30.9,0.0,999.9,,False,True,False,False,False,False
70261026411,9/24/2020,64.80309,-147.87606,131.1,FAIRBANKS INTERNATIONAL AIRPORT - AK US,42.1,37.6,991.8,974.9,7.4,3.8,8.0,999.9,53.1,37.4,0.03,999.9,,False,True,False,False,False,False
70261026411,9/25/2020,64.80309,-147.87606,131.1,FAIRBANKS INTERNATIONAL AIRPORT - AK US,39.0,34.9,995.7,978.7,8.7,1.6,6.0,999.9,44.1,37.0,0.12,999.9,,False,True,False,False,False,False
70261026411,9/26/2020,64.80309,-147.87606,131.1,FAIRBANKS INTERNATIONAL AIRPORT - AK US,43.2,38.0,999.3,982.6,8.9,1.3,5.1,999.9,54.0,37.0,0.03,999.9,,True,False,False,False,False,False
70261026411,9/27/2020,64.80309,-147.87606,131.1,FAIRBANKS INTERNATIONAL AIRPORT - AK US,44.6,35.8,998.2,981.4,10.0,5.7,11.1,999.9,59.0,35.1,0.0,999.9,,False,False,False,False,False,False
70261026411,9/28/2020,64.80309,-147.87606,131.1,FAIRBANKS INTERNATIONAL AIRPORT - AK US,44.8,33.9,994.4,977.6,10.0,5.9,12.0,999.9,59.0,35.1,0.0,999.9,,False,False,False,False,False,False
70261026411,9/29/2020,64.80309,-147.87606,131.1,FAIRBANKS INTERNATIONAL AIRPORT - AK US,40.5,34.4,1013.9,997.1,8.9,1.2,6.0,999.9,55.9,28.9,0.0,999.9,,True,False,False,False,False,False
70261026411,9/30/2020,64.80309,-147.87606,131.1,FAIRBANKS INTERNATIONAL AIRPORT - AK US,51.2,31.5,1011.2,994.2,10.0,8.2,11.1,999.9,61.0,28.9,0.0,999.9,,False,False,False,False,False,False
70261026411,10/1/2020,64.80309,-147.87606,131.1,FAIRBANKS INTERNATIONAL AIRPORT - AK US,49.9,35.7,1004.5,987.7,10.0,3.0,8.0,999.9,68.0,35.1,0.0,999.9,,False,False,False,False,False,False
70261026411,10/2/2020,64.80309,-147.87606,131.1,FAIRBANKS INTERNATIONAL AIRPORT - AK US,56.8,33.5,1003.5,986.8,10.0,7.1,13.0,22.9,68.0,35.1,0.0,999.9,,False,False,False,False,False,False
70261026411,10/3/2020,64.80309,-147.87606,131.1,FAIRBANKS INTERNATIONAL AIRPORT - AK US,51.5,36.1,994.4,977.8,10.0,2.9,11.1,17.1,66.0,39.9,0.0,999.9,,False,False,False,False,False,False
70261026411,10/4/2020,64.80309,-147.87606,131.1,FAIRBANKS INTERNATIONAL AIRPORT - AK US,43.3,34.1,1002.7,985.8,10.0,1.7,9.9,999.9,61.0,30.9,0.0,999.9,,False,False,False,False,False,False
70261026411,10/5/2020,64.80309,-147.87606,131.1,FAIRBANKS INTERNATIONAL AIRPORT - AK US,41.7,29.9,999.4,982.6,10.0,2.3,6.0,999.9,59.0,30.9,0.0,999.9,,False,False,False,False,False,False
70261026411,10/6/2020,64.80309,-147.87606,131.1,FAIRBANKS INTERNATIONAL AIRPORT - AK US,35.3,30.5,1011.4,995.3,7.7,0.6,2.9,999.9,48.9,28.0,0.0,999.9,,True,True,False,False,False,False
70261026411,10/7/2020,64.80309,-147.87606,131.1,FAIRBANKS INTERNATIONAL AIRPORT - AK US,41.2,37.4,1014.4,997.8,6.4,3.5,8.9,999.9,50.0,28.0,0.07,999.9,,True,True,False,False,False,False
70261026411,10/8/2020,64.80309,-147.87606,131.1,FAIRBANKS INTERNATIONAL AIRPORT - AK US,41.4,30.2,1000.6,983.7,10.0,6.2,8.0,999.9,54.0,34.0,0.01,999.9,,False,False,False,False,False,False
70261026411,10/9/2020,64.80309,-147.87606,131.1,FAIRBANKS INTERNATIONAL AIRPORT - AK US,37.8,27.0,994.2,977.4,10.0,5.3,11.1,999.9,54.0,26.1,0.0,999.9,,False,False,False,False,False,False
70261026411,10/10/2020,64.80309,-147.87606,131.1,FAIRBANKS INTERNATIONAL AIRPORT - AK US,35.9,24.7,992.6,975.7,10.0,4.2,8.0,999.9,53.1,26.1,0.0,999.9,,False,False,False,False,False,False
70261026411,10/11/2020,64.80309,-147.87606,131.1,FAIRBANKS INTERNATIONAL AIRPORT - AK US,34.7,19.8,1000.0,983.0,10.0,9.0,11.1,999.9,51.1,26.1,0.0,999.9,,False,False,False,False,False,False
70261026411,10/12/2020,64.80309,-147.87606,131.1,FAIRBANKS INTERNATIONAL AIRPORT - AK US,29.6,13.3,1008.3,991.0,10.0,8.6,11.1,999.9,37.9,25.0,0.0,999.9,,False,False,False,False,False,False
70261026411,10/13/2020,64.80309,-147.87606,131.1,FAIRBANKS INTERNATIONAL AIRPORT - AK US,28.4,11.6,1013.8,996.4,10.0,6.7,9.9,999.9,35.1,23.0,0.0,999.9,,False,False,False,False,False,False
70261026411,10/14/2020,64.80309,-147.87606,131.1,FAIRBANKS INTERNATIONAL AIRPORT - AK US,22.7,10.2,1020.6,3.1,9.9,5.8,9.9,999.9,32.0,16.0,0.0,999.9,FLAG_ANOMALY_STP,False,False,True,False,False,False
70261026411,10/15/2020,64.80309,-147.87606,131.1,FAIRBANKS INTERNATIONAL AIRPORT - AK US,22.8,13.8,1030.4,12.7,7.7,2.8,6.0,999.9,27.0,16.0,0.0,999.9,FLAG_ANOMALY_STP,False,False,True,False,False,False
70261026411,10/16/2020,64.80309,-147.87606,131.1,FAIRBANKS INTERNATIONAL AIRPORT - AK US,12.0,4.6,1037.5,19.3,9.9,3.2,9.9,999.9,24.1,3.0,0.01,999.9,FLAG_ANOMALY_STP,False,False,True,False,False,False
70261026411,10/17/2020,64.80309,-147.87606,131.1,FAIRBANKS INTERNATIONAL AIRPORT - AK US,16.4,4.9,1029.9,12.0,10.0,4.2,9.9,999.9,28.0,3.0,0.0,999.9,FLAG_ANOMALY_STP,False,False,False,False,False,False
70261026411,10/18/2020,64.80309,-147.87606,131.1,FAIRBANKS INTERNATIONAL AIRPORT - AK US,17.7,7.0,1019.6,1.9,10.0,1.9,4.1,999.9,28.0,7.0,0.0,999.9,FLAG_ANOMALY_STP,False,False,False,False,False,False
70261026411,10/19/2020,64.80309,-147.87606,131.1,FAIRBANKS INTERNATIONAL AIRPORT - AK US,19.5,12.7,1019.2,1.6,5.8,1.2,4.1,999.9,21.9,12.9,0.0,999.9,FLAG_ANOMALY_STP,False,False,True,False,False,False
70261026411,10/20/2020,64.80309,-147.87606,131.1,FAIRBANKS INTERNATIONAL AIRPORT - AK US,17.8,13.6,1026.7,8.9,5.5,0.3,4.1,999.9,21.9,6.1,0.18,2.0,FLAG_ANOMALY_STP,False,False,True,False,False,False
70261026411,10/21/2020,64.80309,-147.87606,131.1,FAIRBANKS INTERNATIONAL AIRPORT - AK US,23.6,19.2,1039.6,21.7,7.8,0.6,4.1,999.9,26.6,21.0,0.01,2.0,FLAG_ANOMALY_STP,False,True,True,False,False,False
70261026411,10/22/2020,64.80309,-147.87606,131.1,FAIRBANKS INTERNATIONAL AIRPORT - AK US,22.3,16.5,1038.9,21.0,9.4,5.3,9.9,999.9,27.0,10.9,0.0,2.0,FLAG_ANOMALY_STP,False,False,True,False,False,False
70261026411,10/23/2020,64.80309,-147.87606,131.1,FAIRBANKS INTERNATIONAL AIRPORT - AK US,8.3,3.1,1032.3,14.2,9.9,1.6,5.1,999.9,27.0,-0.9,0.0,2.0,FLAG_ANOMALY_STP,False,False,False,False,False,False
70261026411,10/24/2020,64.80309,-147.87606,131.1,FAIRBANKS INTERNATIONAL AIRPORT - AK US,17.5,12.7,1026.4,8.5,10.0,0.7,4.1,999.9,26.1,-0.9,0.0,2.0,FLAG_ANOMALY_STP,False,False,False,False,False,False
70261026411,10/25/2020,64.80309,-147.87606,131.1,FAIRBANKS INTERNATIONAL AIRPORT - AK US,24.1,19.1,1020.5,2.9,10.0,0.8,4.1,999.9,30.0,8.1,0.0,2.0,FLAG_ANOMALY_STP,False,False,False,False,False,False
70261026411,10/26/2020,64.80309,-147.87606,131.1,FAIRBANKS INTERNATIONAL AIRPORT - AK US,30.6,26.9,1000.5,980.9,5.5,6.2,13.0,22.9,37.9,21.0,0.17,2.0,,False,True,True,False,False,False
70261026411,10/27/2020,64.80309,-147.87606,131.1,FAIRBANKS INTERNATIONAL AIRPORT - AK US,27.1,23.4,1010.6,992.8,6.1,2.9,12.0,999.9,37.9,24.1,0.2,3.9,,False,False,True,False,False,False
70261026411,10/28/2020,64.80309,-147.87606,131.1,FAIRBANKS INTERNATIONAL AIRPORT - AK US,22.0,18.2,1017.5,0.3,8.3,2.8,8.0,999.9,30.0,3.9,0.01,5.1,FLAG_ANOMALY_STP,False,False,True,False,False,False
70261026411,10/29/2020,64.80309,-147.87606,131.1,FAIRBANKS INTERNATIONAL AIRPORT - AK US,18.3,14.0,1020.0,2.4,6.8,1.5,6.0,999.9,28.0,3.9,0.0,5.1,FLAG_ANOMALY_STP,False,False,True,False,False,False
70261026411,10/30/2020,64.80309,-147.87606,131.1,FAIRBANKS INTERNATIONAL AIRPORT - AK US,13.2,8.1,1015.1,997.4,7.1,2.5,6.0,999.9,17.1,10.4,0.0,5.1,,False,False,True,False,False,False
70261026411,10/31/2020,64.80309,-147.87606,131.1,FAIRBANKS INTERNATIONAL AIRPORT - AK US,8.1,2.8,1015.6,997.9,6.5,2.5,6.0,999.9,15.1,1.0,0.0,5.1,,False,False,True,False,False,False
70261026411,11/1/2020,64.80309,-147.87606,131.1,FAIRBANKS INTERNATIONAL AIRPORT - AK US,-2.4,-7.5,1023.0,3.4,7.0,0.8,4.1,999.9,10.9,-17.0,0.06,5.9,FLAG_ANOMALY_STP,False,False,True,False,False,False
70261026411,11/2/2020,64.80309,-147.87606,131.1,FAIRBANKS INTERNATIONAL AIRPORT - AK US,-12.1,-17.7,1018.5,999.7,8.1,1.6,6.0,999.9,6.1,-22.0,0.0,5.9,,False,False,True,False,False,False
70261026411,11/3/2020,64.80309,-147.87606,131.1,FAIRBANKS INTERNATIONAL AIRPORT - AK US,-18.6,-24.9,1014.8,996.4,9.6,1.2,5.1,999.9,-7.1,-24.0,0.0,5.9,,False,False,True,False,False,False
70261026411,11/4/2020,64.80309,-147.87606,131.1,FAIRBANKS INTERNATIONAL AIRPORT - AK US,-22.5,-29.3,1017.4,999.1,8.7,0.2,2.9,999.9,-11.9,-29.0,0.0,5.1,,False,False,True,False,False,False
70261026411,11/5/2020,64.80309,-147.87606,131.1,FAIRBANKS INTERNATIONAL AIRPORT - AK US,-13.4,-20.1,1027.2,9.1,9.4,1.4,5.1,999.9,3.9,-29.0,0.0,5.1,FLAG_ANOMALY_STP,False,False,True,False,False,False
70261026411,11/6/2020,64.80309,-147.87606,131.1,FAIRBANKS INTERNATIONAL AIRPORT - AK US,12.0,7.2,1014.3,996.9,3.9,1.6,5.1,999.9,21.0,3.9,0.23,7.9,,True,False,True,False,False,False
70261026411,11/7/2020,64.80309,-147.87606,131.1,FAIRBANKS INTERNATIONAL AIRPORT - AK US,27.9,23.3,1019.2,1.5,6.6,2.7,7.0,999.9,34.0,9.0,0.73,18.9,FLAG_ANOMALY_STP,False,False,True,False,False,False
70261026411,11/8/2020,64.80309,-147.87606,131.1,FAIRBANKS INTERNATIONAL AIRPORT - AK US,26.3,21.3,1001.8,984.9,9.7,4.8,9.9,999.9,35.1,14.0,0.01,18.1,,False,True,True,False,False,False
70261026411,11/9/2020,64.80309,-147.87606,131.1,FAIRBANKS INTERNATIONAL AIRPORT - AK US,29.3,24.6,1007.4,988.5,6.3,7.5,15.0,20.0,35.1,15.3,0.19,16.9,,False,True,True,False,False,False
70261026411,11/10/2020,64.80309,-147.87606,131.1,FAIRBANKS INTERNATIONAL AIRPORT - AK US,22.6,18.3,1017.9,0.2,7.8,3.1,6.0,999.9,32.0,10.0,0.03,18.1,FLAG_ANOMALY_STP,False,False,True,False,False,False
70261026411,11/11/2020,64.80309,-147.87606,131.1,FAIRBANKS INTERNATIONAL AIRPORT - AK US,16.8,13.2,996.2,979.9,10.0,1.9,7.0,999.9,26.1,7.0,0.1,18.1,,True,False,False,False,False,False
70261026411,11/12/2020,64.80309,-147.87606,131.1,FAIRBANKS INTERNATIONAL AIRPORT - AK US,10.8,6.9,985.0,967.7,9.3,0.6,7.0,999.9,25.0,-0.9,0.0,16.9,,True,False,False,False,False,False
70261026411,11/13/2020,64.80309,-147.87606,131.1,FAIRBANKS INTERNATIONAL AIRPORT - AK US,10.7,6.1,991.8,974.5,8.1,0.7,4.1,999.9,16.0,-2.9,0.0,16.9,,False,False,True,False,False,False
70261026411,11/14/2020,64.80309,-147.87606,131.1,FAIRBANKS INTERNATIONAL AIRPORT - AK US,15.8,11.9,1001.1,983.5,8.9,0.4,2.9,999.9,17.1,10.9,0.03,18.1,,False,False,True,False,False,False
70261026411,11/15/2020,64.80309,-147.87606,131.1,FAIRBANKS INTERNATIONAL AIRPORT - AK US,8.5,4.3,1014.9,995.4,6.6,2.0,5.1,999.9,17.1,-5.1,0.01,16.9,,False,False,True,False,False,False
70261026411,11/16/2020,64.80309,-147.87606,131.1,FAIRBANKS INTERNATIONAL AIRPORT - AK US,-9.4,-15.2,1027.6,9.0,8.5,1.0,5.1,999.9,12.0,-22.0,0.0,18.1,FLAG_ANOMALY_STP,False,False,True,False,False,False
70261026411,11/17/2020,64.80309,-147.87606,131.1,FAIRBANKS INTERNATIONAL AIRPORT - AK US,-13.1,-19.8,1026.0,7.5,10.0,0.4,4.1,999.9,1.0,-22.0,0.0,18.1,FLAG_ANOMALY_STP,False,False,False,False,False,False
70261026411,11/18/2020,64.80309,-147.87606,131.1,FAIRBANKS INTERNATIONAL AIRPORT - AK US,-15.4,-22.1,1017.7,999.2,10.0,0.6,4.1,999.9,-7.1,-20.0,0.0,16.9,,False,False,False,False,False,False
70261026411,11/19/2020,64.80309,-147.87606,131.1,FAIRBANKS INTERNATIONAL AIRPORT - AK US,-14.7,-21.3,1010.5,992.2,10.0,1.1,5.1,999.9,-7.1,-20.0,0.0,16.1,,True,False,False,False,False,False
70261026411,11/20/2020,64.80309,-147.87606,131.1,FAIRBANKS INTERNATIONAL AIRPORT - AK US,-17.4,-24.6,1015.3,996.8,10.0,0.9,4.1,999.9,-9.0,-22.0,0.0,16.1,,False,False,False,False,False,False
70261026411,11/21/2020,64.80309,-147.87606,131.1,FAIRBANKS INTERNATIONAL AIRPORT - AK US,-14.3,-21.2,1007.6,989.4,10.0,0.9,4.1,999.9,-4.0,-22.0,0.0,15.0,,False,False,False,False,False,False
70261026411,11/22/2020,64.80309,-147.87606,131.1,FAIRBANKS INTERNATIONAL AIRPORT - AK US,0.5,-5.1,1000.6,982.6,9.1,0.7,6.0,999.9,10.0,-18.0,0.04,15.0,,False,False,True,False,False,False
70261026411,11/23/2020,64.80309,-147.87606,131.1,FAIRBANKS INTERNATIONAL AIRPORT - AK US,-8.1,-13.8,996.2,978.4,10.0,0.8,4.1,999.9,10.0,-14.1,0.01,15.0,,False,False,False,False,False,False
70261026411,11/24/2020,64.80309,-147.87606,131.1,FAIRBANKS INTERNATIONAL AIRPORT - AK US,0.4,-5.1,1001.4,983.8,9.3,2.5,7.0,999.9,8.1,-14.1,0.0,15.0,,False,False,True,False,False,False
70261026411,11/25/2020,64.80309,-147.87606,131.1,FAIRBANKS INTERNATIONAL AIRPORT - AK US,7.8,1.7,996.4,978.8,10.0,3.0,8.0,999.9,21.9,-9.9,0.0,15.0,,False,False,False,False,False,False
70261026411,11/26/2020,64.80309,-147.87606,131.1,FAIRBANKS INTERNATIONAL AIRPORT - AK US,22.2,17.5,989.2,972.4,8.5,3.3,12.0,999.9,27.0,18.0,0.0,15.0,,False,False,True,False,False,False
70261026411,11/27/2020,64.80309,-147.87606,131.1,FAIRBANKS INTERNATIONAL AIRPORT - AK US,10.0,6.2,1000.3,983.8,8.2,2.2,8.0,999.9,27.0,3.0,0.01,15.0,,True,False,True,False,False,False
70261026411,11/28/2020,64.80309,-147.87606,131.1,FAIRBANKS INTERNATIONAL AIRPORT - AK US,3.7,-0.7,989.7,972.3,10.0,2.1,8.0,999.9,19.0,-4.0,0.0,14.2,,False,False,False,False,False,False
70261026411,11/29/2020,64.80309,-147.87606,131.1,FAIRBANKS INTERNATIONAL AIRPORT - AK US,5.1,0.3,983.4,966.1,10.0,1.4,6.0,999.9,15.1,-7.1,0.0,14.2,,False,False,False,False,False,False
70261026411,11/30/2020,64.80309,-147.87606,131.1,FAIRBANKS INTERNATIONAL AIRPORT - AK US,-2.4,-7.6,993.2,975.4,9.0,1.5,6.0,999.9,15.1,-9.9,0.02,14.2,,False,False,True,False,False,False
70261026411,12/1/2020,64.80309,-147.87606,131.1,FAIRBANKS INTERNATIONAL AIRPORT - AK US,12.2,6.4,981.3,964.0,10.0,2.4,6.0,999.9,27.0,-9.9,0.0,14.2,,False,False,False,False,False,False
70261026411,12/2/2020,64.80309,-147.87606,131.1,FAIRBANKS INTERNATIONAL AIRPORT - AK US,22.6,16.4,981.5,964.5,10.0,4.0,8.0,999.9,39.0,1.0,0.0,14.2,,False,False,False,False,False,False
70261026411,12/3/2020,64.80309,-147.87606,131.1,FAIRBANKS INTERNATIONAL AIRPORT - AK US,12.6,7.1,1002.0,982.5,7.2,3.1,9.9,15.9,17.1,7.0,0.03,14.2,,False,False,True,False,False,False
70261026411,12/4/2020,64.80309,-147.87606,131.1,FAIRBANKS INTERNATIONAL AIRPORT - AK US,4.4,-0.4,1016.1,998.2,9.0,0.8,2.9,999.9,16.0,-11.0,0.01,14.2,,False,False,True,False,False,False
70261026411,12/5/2020,64.80309,-147.87606,131.1,FAIRBANKS INTERNATIONAL AIRPORT - AK US,-8.2,-14.0,1015.8,997.9,7.9,1.5,5.1,999.9,10.9,-20.0,0.0,14.2,,False,False,True,False,False,False
70261026411,12/6/2020,64.80309,-147.87606,131.1,FAIRBANKS INTERNATIONAL AIRPORT - AK US,-7.3,-13.3,1001.9,985.1,10.0,3.1,8.0,999.9,6.1,-20.9,0.0,14.2,,False,False,True,False,False,False
70261026411,12/7/2020,64.80309,-147.87606,131.1,FAIRBANKS INTERNATIONAL AIRPORT - AK US,2.3,-3.5,987.6,970.1,10.0,5.0,7.0,999.9,8.1,-5.1,0.0,14.2,,False,False,False,False,False,False
70261026411,12/8/2020,64.80309,-147.87606,131.1,FAIRBANKS INTERNATIONAL AIRPORT - AK US,-1.1,-6.5,991.0,973.5,10.0,2.2,8.9,999.9,6.1,-7.1,0.0,14.2,,False,False,False,False,False,False
70261026411,12/9/2020,64.80309,-147.87606,131.1,FAIRBANKS INTERNATIONAL AIRPORT - AK US,1.2,-4.4,1008.6,990.7,10.0,2.2,6.0,999.9,9.0,-7.1,0.0,13.0,,False,False,True,False,False,False
70261026411,12/10/2020,64.80309,-147.87606,131.1,FAIRBANKS INTERNATIONAL AIRPORT - AK US,0.1,-5.1,1020.2,2.9,7.7,0.9,5.1,999.9,9.0,-6.0,0.0,13.0,FLAG_ANOMALY_STP,False,False,True,False,False,False
70261026411,12/11/2020,64.80309,-147.87606,131.1,FAIRBANKS INTERNATIONAL AIRPORT - AK US,-11.2,-16.6,1026.3,8.0,9.0,1.0,5.1,999.9,3.2,-22.0,0.03,14.2,FLAG_ANOMALY_STP,False,False,True,False,False,False
70261026411,12/12/2020,64.80309,-147.87606,131.1,FAIRBANKS INTERNATIONAL AIRPORT - AK US,-14.9,-20.9,1020.8,2.3,10.0,4.3,8.0,999.9,-4.0,-23.1,0.0,14.2,FLAG_ANOMALY_STP,False,False,False,False,False,False
70261026411,12/13/2020,64.80309,-147.87606,131.1,FAIRBANKS INTERNATIONAL AIRPORT - AK US,-4.8,-10.8,1016.3,998.1,10.0,6.5,13.0,999.9,9.0,-18.9,0.0,14.2,,False,False,False,False,False,False
70261026411,12/14/2020,64.80309,-147.87606,131.1,FAIRBANKS INTERNATIONAL AIRPORT - AK US,12.1,2.0,1008.4,990.7,9.2,14.1,18.1,24.1,15.1,9.0,0.0,14.2,,False,False,True,False,False,False
70261026411,12/15/2020,64.80309,-147.87606,131.1,FAIRBANKS INTERNATIONAL AIRPORT - AK US,12.1,3.3,1007.5,989.9,9.5,6.0,9.9,999.9,15.1,9.0,0.0,14.2,,False,False,True,False,False,False
70261026411,12/16/2020,64.80309,-147.87606,131.1,FAIRBANKS INTERNATIONAL AIRPORT - AK US,7.5,-5.0,1005.3,987.6,10.0,6.9,13.0,999.9,14.0,-0.9,0.0,14.2,,False,False,False,False,False,False
70261026411,12/17/2020,64.80309,-147.87606,131.1,FAIRBANKS INTERNATIONAL AIRPORT - AK US,-8.7,-22.4,1007.2,989.2,10.0,7.8,12.0,999.9,10.0,-18.9,0.0,14.2,,False,False,False,False,False,False
70261026411,12/18/2020,64.80309,-147.87606,131.1,FAIRBANKS INTERNATIONAL AIRPORT - AK US,-16.1,-26.2,999.0,980.9,10.0,6.1,8.9,999.9,-2.0,-22.0,0.0,14.2,,False,False,False,False,False,False
70261026411,12/19/2020,64.80309,-147.87606,131.1,FAIRBANKS INTERNATIONAL AIRPORT - AK US,-13.2,-21.0,993.6,975.7,9.4,4.7,8.0,999.9,-5.1,-22.0,0.0,14.2,,False,False,True,False,False,False
70261026411,12/20/2020,64.80309,-147.87606,131.1,FAIRBANKS INTERNATIONAL AIRPORT - AK US,-5.6,-13.0,993.6,975.5,6.7,1.5,6.0,999.9,-2.9,-18.9,0.05,14.2,,False,False,True,False,False,False
70261026411,12/21/2020,64.80309,-147.87606,131.1,FAIRBANKS INTERNATIONAL AIRPORT - AK US,-6.0,-12.2,1003.6,985.6,9.5,3.0,7.0,999.9,0.0,-17.0,0.07,15.0,,False,False,True,False,False,False
70261026411,12/22/2020,64.80309,-147.87606,131.1,FAIRBANKS INTERNATIONAL AIRPORT - AK US,10.8,2.3,997.2,979.5,10.0,4.0,12.0,999.9,35.1,-17.0,0.0,15.0,,False,False,False,False,False,False
70261026411,12/23/2020,64.80309,-147.87606,131.1,FAIRBANKS INTERNATIONAL AIRPORT - AK US,21.3,14.4,986.9,969.8,9.7,2.5,11.1,999.9,28.9,16.0,0.0,15.0,,False,False,True,False,False,False
70261026411,12/24/2020,64.80309,-147.87606,131.1,FAIRBANKS INTERNATIONAL AIRPORT - AK US,7.8,3.3,1003.9,984.8,8.3,1.4,5.1,999.9,28.9,-4.0,0.04,15.0,,False,False,True,False,False,False
70261026411,12/25/2020,64.80309,-147.87606,131.1,FAIRBANKS INTERNATIONAL AIRPORT - AK US,-1.0,-6.3,1006.9,989.0,10.0,0.8,4.1,999.9,18.0,-9.9,0.0,15.0,,False,False,False,False,False,False
70261026411,12/26/2020,64.80309,-147.87606,131.1,FAIRBANKS INTERNATIONAL AIRPORT - AK US,0.2,-4.8,998.9,981.2,10.0,0.9,4.1,999.9,10.9,-11.0,0.0,15.0,,False,False,False,False,False,False
70261026411,12/27/2020,64.80309,-147.87606,131.1,FAIRBANKS INTERNATIONAL AIRPORT - AK US,-6.8,-12.5,1005.3,987.4,10.0,0.7,4.1,999.9,10.9,-13.0,0.0,15.0,,False,False,False,False,False,False
70261026411,12/28/2020,64.80309,-147.87606,131.1,FAIRBANKS INTERNATIONAL AIRPORT - AK US,7.2,2.3,1001.2,983.6,10.0,2.6,6.0,999.9,19.9,-13.0,0.0,15.0,,False,False,False,False,False,False
70261026411,12/29/2020,64.80309,-147.87606,131.1,FAIRBANKS INTERNATIONAL AIRPORT - AK US,10.3,5.6,1006.0,988.5,10.0,2.3,5.1,999.9,19.9,-5.1,0.0,15.0,,False,False,False,False,False,False
70261026411,12/30/2020,64.80309,-147.87606,131.1,FAIRBANKS INTERNATIONAL AIRPORT - AK US,-6.1,-11.7,1005.8,987.9,10.0,0.9,4.1,999.9,-0.9,-9.9,0.0,15.0,,False,False,False,False,False,False
70261026411,12/31/2020,64.80309,-147.87606,131.1,FAIRBANKS INTERNATIONAL AIRPORT - AK US,-4.3,-10.0,1011.2,993.2,10.0,0.6,5.1,999.9,1.9,-11.9,0.0,15.0,,False,False,False,False,False,False
70261026411,1/1/2021,64.80309,-147.87606,131.1,FAIRBANKS INTERNATIONAL AIRPORT - AK US,-11.4,-17.7,1003.6,985.6,10.0,0.2,5.1,999.9,1.9,-14.1,0.0,15.0,,False,False,False,False,False,False
70261026411,1/2/2021,64.80309,-147.87606,131.1,FAIRBANKS INTERNATIONAL AIRPORT - AK US,-13.7,-20.3,990.2,972.3,10.0,0.1,2.9,999.9,-6.0,-18.9,0.0,15.0,,False,False,False,False,False,False
70261026411,1/3/2021,64.80309,-147.87606,131.1,FAIRBANKS INTERNATIONAL AIRPORT - AK US,-1.5,-9.3,988.2,970.4,9.7,7.6,12.0,999.9,1.9,-18.9,0.0,14.2,,False,False,True,False,False,False
70261026411,1/4/2021,64.80309,-147.87606,131.1,FAIRBANKS INTERNATIONAL AIRPORT - AK US,-4.4,-12.2,991.6,974.0,10.0,5.3,9.9,999.9,1.9,-16.1,0.0,14.2,,False,False,False,False,False,False
70261026411,1/5/2021,64.80309,-147.87606,131.1,FAIRBANKS INTERNATIONAL AIRPORT - AK US,-11.8,-18.0,987.4,969.6,10.0,0.4,2.9,999.9,1.9,-20.0,0.0,14.2,,False,False,False,False,False,False
70261026411,1/6/2021,64.80309,-147.87606,131.1,FAIRBANKS INTERNATIONAL AIRPORT - AK US,-11.5,-17.3,981.6,963.9,10.0,1.5,6.0,999.9,-4.0,-18.0,0.0,14.2,,False,False,False,False,False,False
70261026411,1/7/2021,64.80309,-147.87606,131.1,FAIRBANKS INTERNATIONAL AIRPORT - AK US,-4.2,-10.1,990.1,972.3,10.0,1.9,6.0,999.9,3.0,-16.1,0.0,14.2,,False,False,False,False,False,False
70261026411,1/8/2021,64.80309,-147.87606,131.1,FAIRBANKS INTERNATIONAL AIRPORT - AK US,1.4,-3.8,995.3,977.6,10.0,1.7,6.0,999.9,14.0,-9.9,0.0,14.2,,False,False,False,False,False,False
70261026411,1/9/2021,64.80309,-147.87606,131.1,FAIRBANKS INTERNATIONAL AIRPORT - AK US,-1.0,-6.6,1001.0,983.3,10.0,1.1,5.1,999.9,18.0,-9.0,0.0,14.2,,False,False,False,False,False,False
70261026411,1/10/2021,64.80309,-147.87606,131.1,FAIRBANKS INTERNATIONAL AIRPORT - AK US,10.0,4.9,988.6,971.3,10.0,4.0,7.0,999.9,18.0,-9.0,0.0,14.2,,False,False,False,False,False,False
70261026411,1/11/2021,64.80309,-147.87606,131.1,FAIRBANKS INTERNATIONAL AIRPORT - AK US,18.0,12.0,978.9,961.9,10.0,3.8,8.0,999.9,25.0,3.0,0.0,14.2,,False,False,False,False,False,False
70261026411,1/12/2021,64.80309,-147.87606,131.1,FAIRBANKS INTERNATIONAL AIRPORT - AK US,2.0,-3.1,981.3,964.0,10.0,0.7,4.1,999.9,25.0,-5.1,0.0,14.2,,True,False,False,False,False,False
70261026411,1/13/2021,64.80309,-147.87606,131.1,FAIRBANKS INTERNATIONAL AIRPORT - AK US,-5.4,-11.2,989.9,972.2,10.0,0.9,5.1,999.9,3.0,-11.0,0.0,14.2,,False,False,False,False,False,False
70261026411,1/14/2021,64.80309,-147.87606,131.1,FAIRBANKS INTERNATIONAL AIRPORT - AK US,-9.0,-15.2,1009.7,991.6,9.9,1.0,4.1,999.9,0.0,-13.0,0.0,14.2,,False,False,False,False,False,False
70261026411,1/15/2021,64.80309,-147.87606,131.1,FAIRBANKS INTERNATIONAL AIRPORT - AK US,7.8,0.8,993.8,976.2,10.0,4.1,8.0,999.9,19.9,-13.0,0.0,14.2,,False,False,False,False,False,False
70261026411,1/16/2021,64.80309,-147.87606,131.1,FAIRBANKS INTERNATIONAL AIRPORT - AK US,0.6,-4.9,1003.2,985.5,10.0,1.0,5.1,999.9,19.9,-8.0,0.0,14.2,,False,False,False,False,False,False
70261026411,1/17/2021,64.80309,-147.87606,131.1,FAIRBANKS INTERNATIONAL AIRPORT - AK US,2.9,-2.5,998.2,980.5,10.0,1.0,5.1,999.9,10.9,-8.0,0.0,14.2,,False,False,False,False,False,False
70261026411,1/18/2021,64.80309,-147.87606,131.1,FAIRBANKS INTERNATIONAL AIRPORT - AK US,10.4,3.3,1003.6,986.0,10.0,2.5,8.9,999.9,35.1,-2.0,0.0,14.2,,False,False,False,False,False,False
70261026411,1/19/2021,64.80309,-147.87606,131.1,FAIRBANKS INTERNATIONAL AIRPORT - AK US,23.5,15.8,992.7,975.4,9.6,5.2,14.0,19.0,30.9,17.1,0.0,14.2,,False,False,True,False,False,False
70261026411,1/20/2021,64.80309,-147.87606,131.1,FAIRBANKS INTERNATIONAL AIRPORT - AK US,6.1,1.0,1015.4,997.7,10.0,1.8,7.0,999.9,30.0,-2.9,0.0,14.2,,False,False,False,False,False,False
70261026411,1/21/2021,64.80309,-147.87606,131.1,FAIRBANKS INTERNATIONAL AIRPORT - AK US,4.5,-0.7,1020.9,2.8,10.0,1.1,5.1,999.9,12.9,-2.9,0.0,14.2,FLAG_ANOMALY_STP,False,False,False,False,False,False
70261026411,1/22/2021,64.80309,-147.87606,131.1,FAIRBANKS INTERNATIONAL AIRPORT - AK US,8.3,3.4,1017.7,999.9,10.0,1.4,5.1,999.9,24.1,-2.9,0.0,14.2,,False,False,False,False,False,False
70261026411,1/23/2021,64.80309,-147.87606,131.1,FAIRBANKS INTERNATIONAL AIRPORT - AK US,8.0,3.6,1010.8,993.1,10.0,2.2,6.0,999.9,24.1,-0.9,0.0,14.2,,False,False,False,False,False,False
70261026411,1/24/2021,64.80309,-147.87606,131.1,FAIRBANKS INTERNATIONAL AIRPORT - AK US,-1.3,-7.0,1009.2,992.0,9.5,1.2,6.0,999.9,16.0,-9.0,0.0,14.2,,False,False,True,False,False,False
70261026411,1/25/2021,64.80309,-147.87606,131.1,FAIRBANKS INTERNATIONAL AIRPORT - AK US,1.2,-4.0,1018.3,0.4,8.7,0.7,6.0,999.9,9.0,-11.0,0.0,14.2,FLAG_ANOMALY_STP,False,False,True,False,False,False
70261026411,1/26/2021,64.80309,-147.87606,131.1,FAIRBANKS INTERNATIONAL AIRPORT - AK US,-10.8,-16.9,1023.6,6.1,9.2,1.6,8.0,999.9,9.0,-20.9,0.0,14.2,FLAG_ANOMALY_STP,True,False,True,False,False,False
70261026411,1/27/2021,64.80309,-147.87606,131.1,FAIRBANKS INTERNATIONAL AIRPORT - AK US,-20.4,-27.4,1026.2,7.8,10.0,0.5,5.1,999.9,-6.0,-27.0,0.0,14.2,FLAG_ANOMALY_STP,False,False,False,False,False,False
70261026411,1/28/2021,64.80309,-147.87606,131.1,FAIRBANKS INTERNATIONAL AIRPORT - AK US,-18.7,-25.5,1008.6,990.2,10.0,0.3,5.1,999.9,-5.1,-27.0,0.0,14.2,,False,False,False,False,False,False
70261026411,1/29/2021,64.80309,-147.87606,131.1,FAIRBANKS INTERNATIONAL AIRPORT - AK US,-5.0,-11.7,999.4,981.5,9.4,0.4,4.1,999.9,1.0,-8.0,0.0,14.2,,False,False,True,False,False,False
70261026411,1/30/2021,64.80309,-147.87606,131.1,FAIRBANKS INTERNATIONAL AIRPORT - AK US,-9.1,-15.2,1010.6,991.9,9.4,0.7,4.1,999.9,1.9,-18.0,0.0,14.2,,False,False,True,False,False,False
70261026411,1/31/2021,64.80309,-147.87606,131.1,FAIRBANKS INTERNATIONAL AIRPORT - AK US,-4.9,-11.0,1027.3,9.1,6.8,0.0,2.9,999.9,-2.9,-18.0,0.01,14.2,FLAG_ANOMALY_STP,False,False,True,False,False,False
70261026411,2/1/2021,64.80309,-147.87606,131.1,FAIRBANKS INTERNATIONAL AIRPORT - AK US,-12.0,-20.2,1033.4,14.9,10.0,5.3,14.0,999.9,-2.0,-29.9,0.02,14.2,FLAG_ANOMALY_STP,False,False,True,False,False,False
70261026411,2/2/2021,64.80309,-147.87606,131.1,FAIRBANKS INTERNATIONAL AIRPORT - AK US,-19.3,-26.9,1029.9,11.2,10.0,4.9,8.0,999.9,-8.0,-29.9,0.0,14.2,FLAG_ANOMALY_STP,False,False,False,False,False,False
70261026411,2/3/2021,64.80309,-147.87606,131.1,FAIRBANKS INTERNATIONAL AIRPORT - AK US,-19.9,-26.8,1018.1,999.5,8.8,4.1,6.0,999.9,-7.1,-29.9,0.0,15.0,,False,False,True,False,False,False
70261026411,2/4/2021,64.80309,-147.87606,131.1,FAIRBANKS INTERNATIONAL AIRPORT - AK US,-6.9,-13.4,1024.9,4.5,3.7,3.4,7.0,999.9,-2.2,-15.0,0.23,16.1,FLAG_ANOMALY_STP,False,False,True,False,False,False
70261026411,2/5/2021,64.80309,-147.87606,131.1,FAIRBANKS INTERNATIONAL AIRPORT - AK US,-25.5,-28.7,1035.7,16.9,10.0,3.0,8.0,999.9,-2.9,-34.1,0.09,16.9,FLAG_ANOMALY_STP,False,False,True,False,False,False
70261026411,2/6/2021,64.80309,-147.87606,131.1,FAIRBANKS INTERNATIONAL AIRPORT - AK US,-9.6,-16.5,1033.7,15.2,5.7,1.9,6.0,999.9,-5.8,-11.9,0.01,16.9,FLAG_ANOMALY_STP,False,False,True,False,False,False
70261026411,2/7/2021,64.80309,-147.87606,131.1,FAIRBANKS INTERNATIONAL AIRPORT - AK US,-10.3,-16.4,1036.3,17.6,7.2,1.0,6.0,999.9,-2.9,-29.9,0.14,20.1,FLAG_ANOMALY_STP,False,False,True,False,False,False
70261026411,2/8/2021,64.80309,-147.87606,131.1,FAIRBANKS INTERNATIONAL AIRPORT - AK US,-23.6,-23.7,1042.3,23.2,10.0,4.2,9.9,999.9,-2.9,-38.9,0.0,20.1,FLAG_ANOMALY_STP,False,False,False,False,False,False
70261026411,2/9/2021,64.80309,-147.87606,131.1,FAIRBANKS INTERNATIONAL AIRPORT - AK US,-22.2,-31.6,1041.9,22.8,10.0,6.5,15.0,999.9,-5.1,-38.9,0.0,18.9,FLAG_ANOMALY_STP,False,False,False,False,False,False
70261026411,2/10/2021,64.80309,-147.87606,131.1,FAIRBANKS INTERNATIONAL AIRPORT - AK US,-15.0,-22.5,1034.5,15.6,10.0,4.1,7.0,999.9,3.0,-38.9,0.0,18.9,FLAG_ANOMALY_STP,False,False,True,False,False,False
70261026411,2/11/2021,64.80309,-147.87606,131.1,FAIRBANKS INTERNATIONAL AIRPORT - AK US,4.0,-4.0,1027.9,9.7,10.0,1.7,4.1,999.9,16.0,-4.0,0.0,18.9,FLAG_ANOMALY_STP,False,False,False,False,False,False
70261026411,2/12/2021,64.80309,-147.87606,131.1,FAIRBANKS INTERNATIONAL AIRPORT - AK US,0.3,-6.3,1022.5,4.5,10.0,1.3,4.1,999.9,17.1,-11.0,0.0,18.9,FLAG_ANOMALY_STP,False,False,False,False,False,False
70261026411,2/13/2021,64.80309,-147.87606,131.1,FAIRBANKS INTERNATIONAL AIRPORT - AK US,-10.9,-17.1,1018.0,999.7,10.0,0.9,5.1,999.9,6.1,-20.0,0.0,18.9,,False,False,False,False,False,False
70261026411,2/14/2021,64.80309,-147.87606,131.1,FAIRBANKS INTERNATIONAL AIRPORT - AK US,-14.4,-20.4,1008.2,990.0,10.0,0.1,2.9,999.9,8.1,-26.0,0.0,18.9,,False,False,False,False,False,False
70261026411,2/15/2021,64.80309,-147.87606,131.1,FAIRBANKS INTERNATIONAL AIRPORT - AK US,-15.4,-21.7,1007.5,989.2,10.0,0.1,2.9,999.9,3.9,-26.0,0.0,18.1,,False,False,False,False,False,False
70261026411,2/16/2021,64.80309,-147.87606,131.1,FAIRBANKS INTERNATIONAL AIRPORT - AK US,5.6,-0.5,1009.1,991.3,5.3,0.1,2.9,999.9,12.0,1.9,0.01,18.1,,False,False,True,False,False,False
70261026411,2/17/2021,64.80309,-147.87606,131.1,FAIRBANKS INTERNATIONAL AIRPORT - AK US,5.5,0.2,1009.1,992.0,8.1,0.9,5.1,999.9,12.0,-7.1,0.21,22.0,,False,False,True,False,False,False
70261026411,2/18/2021,64.80309,-147.87606,131.1,FAIRBANKS INTERNATIONAL AIRPORT - AK US,1.2,-4.3,1003.5,985.3,6.9,1.7,7.0,999.9,10.0,-7.1,0.0,22.0,,False,False,True,False,False,False
70261026411,2/19/2021,64.80309,-147.87606,131.1,FAIRBANKS INTERNATIONAL AIRPORT - AK US,-5.8,-13.7,1003.9,986.0,7.1,4.0,9.9,15.9,3.9,-13.0,0.11,22.8,,False,False,True,False,False,False
70261026411,2/21/2021,64.80309,-147.87606,131.1,FAIRBANKS INTERNATIONAL AIRPORT - AK US,-21.1,-26.5,991.0,973.3,9.9,1.7,8.0,999.9,-8.0,-29.9,0.0,22.0,,False,False,True,False,False,False
70261026411,2/23/2021,64.80309,-147.87606,131.1,FAIRBANKS INTERNATIONAL AIRPORT - AK US,-22.7,-24.7,1022.1,3.4,9.5,1.1,5.1,999.9,0.0,-42.0,0.0,22.0,FLAG_ANOMALY_STP,False,False,True,False,False,False
70261026411,2/24/2021,64.80309,-147.87606,131.1,FAIRBANKS INTERNATIONAL AIRPORT - AK US,6.6,-0.3,1013.3,995.2,8.2,3.1,8.0,999.9,17.1,0.0,0.01,22.0,,False,False,True,False,False,False
70261026411,2/25/2021,64.80309,-147.87606,131.1,FAIRBANKS INTERNATIONAL AIRPORT - AK US,8.9,3.3,1002.7,985.5,6.6,2.3,8.0,999.9,18.0,1.9,0.05,20.9,,False,False,True,False,False,False
70261026411,2/26/2021,64.80309,-147.87606,131.1,FAIRBANKS INTERNATIONAL AIRPORT - AK US,9.2,3.2,1014.0,996.7,4.1,2.8,6.0,999.9,17.1,3.9,0.11,24.0,,False,False,True,False,False,False
70261026411,2/27/2021,64.80309,-147.87606,131.1,FAIRBANKS INTERNATIONAL AIRPORT - AK US,12.9,6.8,1003.9,986.9,3.9,5.8,9.9,999.9,18.0,6.1,0.19,26.0,,False,False,True,False,False,False
70261026411,2/28/2021,64.80309,-147.87606,131.1,FAIRBANKS INTERNATIONAL AIRPORT - AK US,1.9,-4.5,1001.9,985.6,5.4,3.8,8.0,999.9,16.0,-0.9,0.09,26.0,,False,False,True,False,False,False
70261026411,3/1/2021,64.80309,-147.87606,131.1,FAIRBANKS INTERNATIONAL AIRPORT - AK US,-4.7,-11.6,1004.6,987.0,6.4,2.7,8.0,999.9,3.9,-20.0,0.16,28.0,,False,False,True,False,False,False
70261026411,3/2/2021,64.80309,-147.87606,131.1,FAIRBANKS INTERNATIONAL AIRPORT - AK US,2.9,-2.5,991.2,973.7,6.5,0.9,5.1,999.9,9.0,-20.0,0.08,27.2,,False,False,True,False,False,False
70261026411,3/3/2021,64.80309,-147.87606,131.1,FAIRBANKS INTERNATIONAL AIRPORT - AK US,1.2,-4.7,999.9,982.4,9.3,2.7,5.1,999.9,9.0,-8.0,0.0,26.0,,False,False,True,False,False,False
70261026411,3/4/2021,64.80309,-147.87606,131.1,FAIRBANKS INTERNATIONAL AIRPORT - AK US,-6.0,-12.1,1014.4,996.5,9.3,1.5,5.1,999.9,10.0,-20.9,0.01,25.2,,False,False,True,False,False,False
70261026411,3/5/2021,64.80309,-147.87606,131.1,FAIRBANKS INTERNATIONAL AIRPORT - AK US,-3.1,-8.8,1001.6,983.7,10.0,1.7,7.0,999.9,10.9,-20.9,0.0,25.2,,False,False,False,False,False,False
70261026411,3/6/2021,64.80309,-147.87606,131.1,FAIRBANKS INTERNATIONAL AIRPORT - AK US,-3.6,-10.0,1006.2,988.1,9.2,1.7,7.0,999.9,10.9,-18.0,0.0,25.2,,False,False,True,False,False,False
70261026411,3/7/2021,64.80309,-147.87606,131.1,FAIRBANKS INTERNATIONAL AIRPORT - AK US,1.6,-4.0,1019.9,2.1,8.8,1.0,4.1,999.9,14.0,-18.0,0.01,24.0,FLAG_ANOMALY_STP,False,False,True,False,False,False
70261026411,3/8/2021,64.80309,-147.87606,131.1,FAIRBANKS INTERNATIONAL AIRPORT - AK US,14.1,8.3,1023.0,5.4,9.4,3.1,6.0,999.9,30.0,5.0,0.02,24.0,FLAG_ANOMALY_STP,False,False,True,False,False,False
70261026411,3/9/2021,64.80309,-147.87606,131.1,FAIRBANKS INTERNATIONAL AIRPORT - AK US,14.9,8.8,1016.4,998.7,10.0,1.6,6.0,999.9,32.0,1.9,0.0,22.8,,False,False,False,False,False,False
70261026411,3/10/2021,64.80309,-147.87606,131.1,FAIRBANKS INTERNATIONAL AIRPORT - AK US,23.4,17.7,1015.1,996.3,5.0,0.9,4.1,999.9,28.0,21.0,0.02,22.8,,False,False,True,False,False,False
70261026411,3/11/2021,64.80309,-147.87606,131.1,FAIRBANKS INTERNATIONAL AIRPORT - AK US,9.7,1.4,1014.3,995.9,7.7,9.0,19.0,26.0,26.1,-5.1,0.25,26.0,,False,False,True,False,False,False
70261026411,3/12/2021,64.80309,-147.87606,131.1,FAIRBANKS INTERNATIONAL AIRPORT - AK US,-18.3,-23.7,1032.1,13.5,10.0,1.1,8.0,999.9,-2.0,-32.1,0.0,26.0,FLAG_ANOMALY_STP,False,False,False,False,False,False
70261026411,3/13/2021,64.80309,-147.87606,131.1,FAIRBANKS INTERNATIONAL AIRPORT - AK US,-19.4,-23.8,1037.8,18.9,10.0,0.2,4.1,999.9,7.0,-35.0,0.0,26.0,FLAG_ANOMALY_STP,False,False,False,False,False,False
70261026411,3/14/2021,64.80309,-147.87606,131.1,FAIRBANKS INTERNATIONAL AIRPORT - AK US,-6.8,-17.1,1016.7,998.4,10.0,3.2,7.0,999.9,17.1,-35.0,0.0,26.0,,False,False,False,False,False,False
70261026411,3/15/2021,64.80309,-147.87606,131.1,FAIRBANKS INTERNATIONAL AIRPORT - AK US,0.4,-9.7,1005.5,987.6,9.8,1.8,5.1,999.9,19.0,-27.0,0.0,26.0,,False,False,True,False,False,False
70261026411,3/16/2021,64.80309,-147.87606,131.1,FAIRBANKS INTERNATIONAL AIRPORT - AK US,4.8,-2.7,1007.7,989.9,7.7,1.5,6.0,999.9,12.9,-2.0,0.0,26.0,,False,False,True,False,False,False
70261026411,3/17/2021,64.80309,-147.87606,131.1,FAIRBANKS INTERNATIONAL AIRPORT - AK US,-1.6,-8.7,1011.2,993.7,10.0,1.5,7.0,999.9,15.1,-17.0,0.02,26.0,,False,False,True,False,False,False
70261026411,3/18/2021,64.80309,-147.87606,131.1,FAIRBANKS INTERNATIONAL AIRPORT - AK US,6.5,-3.6,1004.8,987.1,9.3,2.7,7.0,999.9,16.0,-17.0,0.0,26.0,,False,False,True,False,False,False
70261026411,3/19/2021,64.80309,-147.87606,131.1,FAIRBANKS INTERNATIONAL AIRPORT - AK US,4.1,-3.1,1014.9,997.1,7.3,2.6,9.9,999.9,15.1,-8.0,0.01,25.2,,False,False,True,False,False,False
70261026411,3/20/2021,64.80309,-147.87606,131.1,FAIRBANKS INTERNATIONAL AIRPORT - AK US,-3.1,-12.9,1014.1,996.1,10.0,4.1,8.9,999.9,21.0,-24.0,0.02,25.2,,False,False,False,False,False,False
70261026411,3/21/2021,64.80309,-147.87606,131.1,FAIRBANKS INTERNATIONAL AIRPORT - AK US,5.9,-8.8,1011.5,993.7,10.0,5.2,9.9,999.9,21.9,-6.0,0.0,25.2,,False,False,False,False,False,False
70261026411,3/22/2021,64.80309,-147.87606,131.1,FAIRBANKS INTERNATIONAL AIRPORT - AK US,4.1,-9.3,1016.3,998.4,10.0,2.8,8.0,999.9,27.0,-20.0,0.0,24.0,,False,False,False,False,False,False
70261026411,3/23/2021,64.80309,-147.87606,131.1,FAIRBANKS INTERNATIONAL AIRPORT - AK US,15.9,2.5,1016.8,999.0,8.1,2.1,7.0,999.9,27.0,9.0,0.0,24.0,,False,False,True,False,False,False
70261026411,3/24/2021,64.80309,-147.87606,131.1,FAIRBANKS INTERNATIONAL AIRPORT - AK US,12.7,4.4,1015.6,997.7,6.6,1.5,7.0,999.9,21.9,0.0,0.04,24.0,,False,False,True,False,False,False
70261026411,3/25/2021,64.80309,-147.87606,131.1,FAIRBANKS INTERNATIONAL AIRPORT - AK US,22.4,17.8,1010.8,993.7,6.0,1.6,8.0,999.9,28.9,15.1,0.16,28.0,,False,False,True,False,False,False
70261026411,3/26/2021,64.80309,-147.87606,131.1,FAIRBANKS INTERNATIONAL AIRPORT - AK US,24.7,18.8,1012.0,994.4,8.3,5.4,9.9,999.9,32.0,15.1,0.03,27.2,,False,False,True,False,False,False
70261026411,3/27/2021,64.80309,-147.87606,131.1,FAIRBANKS INTERNATIONAL AIRPORT - AK US,20.4,12.1,1011.4,993.9,9.6,1.7,9.9,999.9,28.0,14.0,0.0,27.2,,False,False,True,False,False,False
70261026411,3/28/2021,64.80309,-147.87606,131.1,FAIRBANKS INTERNATIONAL AIRPORT - AK US,13.3,2.1,1024.0,6.2,10.0,5.7,12.0,18.1,28.0,0.0,0.0,27.2,FLAG_ANOMALY_STP,False,False,True,False,False,False
70261026411,3/29/2021,64.80309,-147.87606,131.1,FAIRBANKS INTERNATIONAL AIRPORT - AK US,21.5,11.9,1015.1,997.3,6.4,4.5,7.0,999.9,32.0,18.0,0.03,27.2,,True,False,True,False,False,False
70261026411,3/30/2021,64.80309,-147.87606,131.1,FAIRBANKS INTERNATIONAL AIRPORT - AK US,28.9,22.0,1007.8,990.5,10.0,1.9,5.1,999.9,37.9,18.0,0.16,29.9,,False,False,False,False,False,False
70261026411,3/31/2021,64.80309,-147.87606,131.1,FAIRBANKS INTERNATIONAL AIRPORT - AK US,27.0,19.6,1001.7,984.5,9.5,2.2,14.0,999.9,37.9,17.1,0.0,28.0,,False,False,True,False,False,False
70261026411,4/1/2021,64.80309,-147.87606,131.1,FAIRBANKS INTERNATIONAL AIRPORT - AK US,11.8,3.1,1009.9,991.1,5.1,9.0,15.9,22.0,32.0,1.9,0.04,29.1,,False,False,True,False,False,False
70261026411,4/2/2021,64.80309,-147.87606,131.1,FAIRBANKS INTERNATIONAL AIRPORT - AK US,1.8,-6.4,1018.9,1.1,7.8,2.9,11.1,999.9,17.1,-11.0,0.01,29.9,FLAG_ANOMALY_STP,False,False,True,False,False,False
70261026411,4/3/2021,64.80309,-147.87606,131.1,FAIRBANKS INTERNATIONAL AIRPORT - AK US,16.0,9.3,1010.8,992.9,3.1,3.0,6.0,999.9,26.1,12.9,0.15,31.1,,True,False,True,False,False,False
70261026411,4/4/2021,64.80309,-147.87606,131.1,FAIRBANKS INTERNATIONAL AIRPORT - AK US,30.8,26.5,1007.0,989.0,2.4,4.0,17.1,21.0,35.1,12.9,0.71,37.0,,True,False,True,False,False,False
70261026411,4/5/2021,64.80309,-147.87606,131.1,FAIRBANKS INTERNATIONAL AIRPORT - AK US,14.5,3.6,1019.1,0.3,6.9,12.3,21.0,29.9,35.1,3.9,0.43,40.2,FLAG_ANOMALY_STP,True,False,True,False,False,False
70261026411,4/6/2021,64.80309,-147.87606,131.1,FAIRBANKS INTERNATIONAL AIRPORT - AK US,-3.3,-11.6,1024.6,6.4,10.0,3.3,13.0,20.0,19.9,-24.0,0.0,39.0,FLAG_ANOMALY_STP,False,False,True,False,False,False
70261026411,4/7/2021,64.80309,-147.87606,131.1,FAIRBANKS INTERNATIONAL AIRPORT - AK US,-1.1,-10.0,1023.7,5.5,10.0,1.2,5.1,999.9,18.0,-24.0,0.0,39.0,FLAG_ANOMALY_STP,False,False,False,False,False,False
70261026411,4/8/2021,64.80309,-147.87606,131.1,FAIRBANKS INTERNATIONAL AIRPORT - AK US,9.9,-1.9,1010.2,992.4,9.8,6.0,15.0,18.1,19.0,1.9,0.0,38.2,,False,False,True,False,False,False
70261026411,4/9/2021,64.80309,-147.87606,131.1,FAIRBANKS INTERNATIONAL AIRPORT - AK US,-3.0,-16.6,1025.9,7.7,10.0,7.6,15.9,25.1,14.0,-16.1,0.0,38.2,FLAG_ANOMALY_STP,False,False,False,False,False,False
70261026411,4/10/2021,64.80309,-147.87606,131.1,FAIRBANKS INTERNATIONAL AIRPORT - AK US,-9.8,-21.4,1031.1,12.6,10.0,4.4,9.9,999.9,16.0,-29.0,0.0,38.2,FLAG_ANOMALY_STP,False,False,False,False,False,False
70261026411,4/11/2021,64.80309,-147.87606,131.1,FAIRBANKS INTERNATIONAL AIRPORT - AK US,5.5,-11.7,1022.2,4.1,10.0,4.5,8.9,999.9,33.1,-11.0,0.0,38.2,FLAG_ANOMALY_STP,False,False,False,False,False,False
70261026411,4/12/2021,64.80309,-147.87606,131.1,FAIRBANKS INTERNATIONAL AIRPORT - AK US,31.8,17.1,1009.7,992.3,10.0,3.8,8.0,999.9,48.0,21.9,0.0,37.0,,False,False,False,False,False,False
70261026411,4/13/2021,64.80309,-147.87606,131.1,FAIRBANKS INTERNATIONAL AIRPORT - AK US,36.3,22.5,1012.2,994.9,10.0,1.4,5.1,999.9,50.0,21.9,0.0,33.1,,False,False,False,False,False,False
70261026411,4/14/2021,64.80309,-147.87606,131.1,FAIRBANKS INTERNATIONAL AIRPORT - AK US,36.4,21.5,1012.6,995.4,10.0,3.7,8.9,999.9,48.9,19.9,0.0,31.1,,False,False,False,False,False,False
70261026411,4/15/2021,64.80309,-147.87606,131.1,FAIRBANKS INTERNATIONAL AIRPORT - AK US,38.6,24.3,1017.9,0.6,10.0,1.6,6.0,999.9,50.0,19.9,0.0,29.1,FLAG_ANOMALY_STP,False,False,False,False,False,False
70261026411,4/16/2021,64.80309,-147.87606,131.1,FAIRBANKS INTERNATIONAL AIRPORT - AK US,35.1,22.4,1031.6,14.1,10.0,2.2,7.0,999.9,50.0,19.0,0.0,25.2,FLAG_ANOMALY_STP,False,False,False,False,False,False
70261026411,4/17/2021,64.80309,-147.87606,131.1,FAIRBANKS INTERNATIONAL AIRPORT - AK US,35.3,23.0,1036.2,18.6,10.0,1.9,7.0,999.9,51.1,19.0,0.0,22.0,FLAG_ANOMALY_STP,False,False,False,False,False,False
70261026411,4/18/2021,64.80309,-147.87606,131.1,FAIRBANKS INTERNATIONAL AIRPORT - AK US,42.0,23.1,1029.1,11.6,10.0,4.4,7.0,999.9,63.0,19.9,0.0,20.1,FLAG_ANOMALY_STP,False,False,False,False,False,False
70261026411,4/19/2021,64.80309,-147.87606,131.1,FAIRBANKS INTERNATIONAL AIRPORT - AK US,44.1,25.0,1023.2,5.9,10.0,1.4,6.0,999.9,64.0,25.0,0.0,16.1,FLAG_ANOMALY_STP,False,False,False,False,False,False
70261026411,4/20/2021,64.80309,-147.87606,131.1,FAIRBANKS INTERNATIONAL AIRPORT - AK US,43.1,22.5,1023.9,6.6,10.0,5.7,13.0,20.0,59.0,26.1,0.0,13.0,FLAG_ANOMALY_STP,False,False,False,False,False,False
70261026411,4/21/2021,64.80309,-147.87606,131.1,FAIRBANKS INTERNATIONAL AIRPORT - AK US,34.8,14.0,1034.3,16.7,10.0,3.5,8.9,999.9,46.9,19.9,0.0,11.0,FLAG_ANOMALY_STP,False,False,False,False,False,False
70261026411,4/22/2021,64.80309,-147.87606,131.1,FAIRBANKS INTERNATIONAL AIRPORT - AK US,39.9,15.4,1026.7,9.3,10.0,4.8,11.1,999.9,54.0,19.9,0.0,9.1,FLAG_ANOMALY_STP,False,False,False,False,False,False
70261026411,4/23/2021,64.80309,-147.87606,131.1,FAIRBANKS INTERNATIONAL AIRPORT - AK US,44.4,22.5,1019.4,2.6,10.0,7.6,12.0,999.9,57.0,27.0,0.0,5.9,FLAG_ANOMALY_STP,False,False,False,False,False,False
70261026411,4/24/2021,64.80309,-147.87606,131.1,FAIRBANKS INTERNATIONAL AIRPORT - AK US,46.0,23.0,1016.4,999.0,10.0,3.8,7.0,999.9,62.1,30.0,0.0,5.1,,False,False,False,False,False,False
70261026411,4/25/2021,64.80309,-147.87606,131.1,FAIRBANKS INTERNATIONAL AIRPORT - AK US,45.5,23.8,1012.4,995.4,10.0,1.4,6.0,999.9,63.0,28.0,0.0,3.9,,False,False,False,False,False,False
70261026411,4/26/2021,64.80309,-147.87606,131.1,FAIRBANKS INTERNATIONAL AIRPORT - AK US,47.0,23.9,1005.6,988.8,10.0,1.8,13.0,999.9,64.9,28.0,0.0,3.1,,False,False,False,False,False,False
70261026411,4/27/2021,64.80309,-147.87606,131.1,FAIRBANKS INTERNATIONAL AIRPORT - AK US,41.4,16.1,1006.9,990.0,10.0,11.1,18.1,999.9,60.1,30.9,0.0,2.0,,False,False,False,False,False,False
70261026411,4/28/2021,64.80309,-147.87606,131.1,FAIRBANKS INTERNATIONAL AIRPORT - AK US,39.4,13.5,1007.4,990.3,10.0,3.7,8.0,999.9,50.0,28.0,0.0,999.9,,False,False,False,False,False,False
70261026411,4/29/2021,64.80309,-147.87606,131.1,FAIRBANKS INTERNATIONAL AIRPORT - AK US,42.5,23.6,1002.1,985.2,10.0,1.1,7.0,999.9,53.1,28.0,0.0,999.9,,False,False,False,False,False,False
70261026411,4/30/2021,64.80309,-147.87606,131.1,FAIRBANKS INTERNATIONAL AIRPORT - AK US,36.4,26.3,1003.8,986.3,8.6,7.8,12.0,18.1,50.0,30.0,0.04,999.9,,False,True,True,False,False,False
70261026411,5/1/2021,64.80309,-147.87606,131.1,FAIRBANKS INTERNATIONAL AIRPORT - AK US,34.4,18.3,1016.0,998.6,10.0,4.3,12.0,19.0,44.1,30.0,0.0,999.9,,False,False,True,False,False,False
70261026411,5/2/2021,64.80309,-147.87606,131.1,FAIRBANKS INTERNATIONAL AIRPORT - AK US,41.7,20.4,1016.7,999.5,10.0,3.0,6.0,999.9,57.0,30.0,0.0,999.9,,False,False,False,False,False,False
70261026411,5/3/2021,64.80309,-147.87606,131.1,FAIRBANKS INTERNATIONAL AIRPORT - AK US,49.9,21.5,1010.6,993.6,10.0,7.7,14.0,19.0,61.0,30.9,0.0,999.9,,False,False,False,False,False,False
70261026411,5/4/2021,64.80309,-147.87606,131.1,FAIRBANKS INTERNATIONAL AIRPORT - AK US,51.7,27.9,1009.4,992.5,10.0,7.4,14.0,22.9,63.0,39.9,0.0,999.9,,False,False,False,False,False,False
70261026411,5/5/2021,64.80309,-147.87606,131.1,FAIRBANKS INTERNATIONAL AIRPORT - AK US,49.0,35.5,1015.8,998.8,10.0,4.6,11.1,999.9,63.0,36.0,0.12,999.9,,False,True,False,False,False,False
70261026411,5/6/2021,64.80309,-147.87606,131.1,FAIRBANKS INTERNATIONAL AIRPORT - AK US,51.0,33.3,1014.4,997.4,10.0,6.5,15.0,17.1,61.0,36.0,0.0,999.9,,False,False,False,False,False,False
70261026411,5/7/2021,64.80309,-147.87606,131.1,FAIRBANKS INTERNATIONAL AIRPORT - AK US,51.1,34.6,1007.0,990.2,10.0,7.9,15.9,19.0,61.0,42.1,0.0,999.9,,False,True,False,False,False,False
70261026411,5/8/2021,64.80309,-147.87606,131.1,FAIRBANKS INTERNATIONAL AIRPORT - AK US,50.0,34.7,1010.1,993.1,10.0,4.1,7.0,999.9,64.0,35.1,0.0,999.9,,False,False,False,False,False,False
70261026411,5/9/2021,64.80309,-147.87606,131.1,FAIRBANKS INTERNATIONAL AIRPORT - AK US,55.5,34.1,1014.4,997.5,10.0,4.4,8.9,999.9,64.9,35.1,0.0,999.9,,False,False,False,False,False,False
70261026411,5/10/2021,64.80309,-147.87606,131.1,FAIRBANKS INTERNATIONAL AIRPORT - AK US,55.3,34.4,1016.4,999.5,10.0,3.1,7.0,999.9,64.9,43.0,0.0,999.9,,False,False,False,False,False,False
70261026411,5/11/2021,64.80309,-147.87606,131.1,FAIRBANKS INTERNATIONAL AIRPORT - AK US,57.7,33.0,1012.0,995.1,10.0,5.6,9.9,999.9,68.0,43.0,0.0,999.9,,False,False,False,False,False,False
70261026411,5/12/2021,64.80309,-147.87606,131.1,FAIRBANKS INTERNATIONAL AIRPORT - AK US,51.7,39.2,1015.8,998.8,10.0,3.8,12.0,19.0,68.0,41.0,0.01,999.9,,False,True,False,False,False,False
70261026411,5/13/2021,64.80309,-147.87606,131.1,FAIRBANKS INTERNATIONAL AIRPORT - AK US,52.5,31.4,1019.2,2.1,10.0,4.8,15.0,20.0,66.0,39.0,0.0,999.9,FLAG_ANOMALY_STP,False,False,False,False,False,False
70261026411,5/14/2021,64.80309,-147.87606,131.1,FAIRBANKS INTERNATIONAL AIRPORT - AK US,53.8,31.3,1013.6,996.7,10.0,4.0,11.1,999.9,66.9,37.0,0.0,999.9,,False,False,False,False,False,False
70261026411,5/15/2021,64.80309,-147.87606,131.1,FAIRBANKS INTERNATIONAL AIRPORT - AK US,55.0,33.8,1006.3,989.5,10.0,3.9,13.0,999.9,66.9,37.0,0.0,999.9,,False,True,False,False,False,False
70261026411,5/16/2021,64.80309,-147.87606,131.1,FAIRBANKS INTERNATIONAL AIRPORT - AK US,52.8,37.9,1005.7,988.9,10.0,4.6,12.0,15.9,66.0,39.0,0.0,999.9,,False,True,False,False,True,False
70261026411,5/17/2021,64.80309,-147.87606,131.1,FAIRBANKS INTERNATIONAL AIRPORT - AK US,50.5,41.6,1010.4,993.4,10.0,4.3,11.1,15.0,63.0,39.0,0.2,999.9,,False,True,False,False,False,False
70261026411,5/18/2021,64.80309,-147.87606,131.1,FAIRBANKS INTERNATIONAL AIRPORT - AK US,52.4,34.7,1014.2,997.2,10.0,3.6,11.1,15.9,63.0,41.0,0.01,999.9,,False,False,False,False,False,False
70261026411,5/19/2021,64.80309,-147.87606,131.1,FAIRBANKS INTERNATIONAL AIRPORT - AK US,55.6,32.6,1015.9,999.0,10.0,4.2,11.1,999.9,63.0,41.0,0.01,999.9,,False,True,False,False,False,False
70261026411,5/20/2021,64.80309,-147.87606,131.1,FAIRBANKS INTERNATIONAL AIRPORT - AK US,56.1,30.9,1012.1,995.3,10.0,5.6,11.1,17.1,66.0,41.0,0.0,999.9,,False,False,False,False,False,False
70261026411,5/21/2021,64.80309,-147.87606,131.1,FAIRBANKS INTERNATIONAL AIRPORT - AK US,56.0,34.1,1003.9,987.2,10.0,3.7,8.0,17.1,66.9,41.0,0.0,999.9,,False,True,False,False,False,False
70261026411,5/22/2021,64.80309,-147.87606,131.1,FAIRBANKS INTERNATIONAL AIRPORT - AK US,51.0,39.0,1009.2,992.2,10.0,6.1,11.1,15.9,61.0,44.1,0.0,999.9,,False,True,False,False,False,False
70261026411,5/23/2021,64.80309,-147.87606,131.1,FAIRBANKS INTERNATIONAL AIRPORT - AK US,46.3,33.3,1021.7,4.5,10.0,5.4,15.0,19.0,55.9,37.0,0.01,999.9,FLAG_ANOMALY_STP,False,False,False,False,False,False
70261026411,5/24/2021,64.80309,-147.87606,131.1,FAIRBANKS INTERNATIONAL AIRPORT - AK US,53.1,30.8,1025.3,8.1,10.0,3.9,8.9,14.0,71.1,37.0,0.0,999.9,FLAG_ANOMALY_STP,False,False,False,False,False,False
70261026411,5/25/2021,64.80309,-147.87606,131.1,FAIRBANKS INTERNATIONAL AIRPORT - AK US,62.9,34.4,1019.4,2.5,10.0,5.6,12.0,17.1,73.0,37.0,0.0,999.9,FLAG_ANOMALY_STP,False,False,False,False,False,False
70261026411,5/26/2021,64.80309,-147.87606,131.1,FAIRBANKS INTERNATIONAL AIRPORT - AK US,57.5,30.6,1013.6,996.8,10.0,5.0,12.0,18.1,71.1,43.0,0.0,999.9,,False,False,False,False,False,False
70261026411,5/27/2021,64.80309,-147.87606,131.1,FAIRBANKS INTERNATIONAL AIRPORT - AK US,58.2,35.2,1003.7,987.1,10.0,5.8,14.0,22.9,71.1,43.0,0.01,999.9,,False,True,False,False,False,False
70261026411,5/28/2021,64.80309,-147.87606,131.1,FAIRBANKS INTERNATIONAL AIRPORT - AK US,45.5,24.0,1007.1,990.2,10.0,12.9,18.1,25.1,62.1,37.0,0.0,999.9,,False,False,False,False,False,False
70261026411,5/29/2021,64.80309,-147.87606,131.1,FAIRBANKS INTERNATIONAL AIRPORT - AK US,44.9,22.2,1007.3,990.4,10.0,12.1,18.1,21.0,55.9,37.0,0.0,999.9,,False,False,False,False,False,False
70261026411,5/30/2021,64.80309,-147.87606,131.1,FAIRBANKS INTERNATIONAL AIRPORT - AK US,54.7,33.4,1004.1,987.3,10.0,7.6,14.0,22.0,68.0,39.0,0.0,999.9,,False,False,False,False,False,False
70261026411,5/31/2021,64.80309,-147.87606,131.1,FAIRBANKS INTERNATIONAL AIRPORT - AK US,62.2,38.3,1004.1,987.5,10.0,3.1,8.0,999.9,72.0,45.0,0.0,999.9,,False,False,False,False,False,False
70261026411,6/1/2021,64.80309,-147.87606,131.1,FAIRBANKS INTERNATIONAL AIRPORT - AK US,62.5,43.8,996.6,980.1,10.0,5.6,11.1,21.0,72.0,51.1,0.0,999.9,,False,True,False,False,False,False
70261026411,6/2/2021,64.80309,-147.87606,131.1,FAIRBANKS INTERNATIONAL AIRPORT - AK US,55.2,44.3,1001.4,984.7,10.0,3.2,12.0,20.0,66.9,45.0,0.02,999.9,,False,True,False,False,False,False
70261026411,6/3/2021,64.80309,-147.87606,131.1,FAIRBANKS INTERNATIONAL AIRPORT - AK US,60.7,39.1,997.1,980.6,10.0,5.8,11.1,15.9,72.0,45.0,0.0,999.9,,False,False,False,False,False,False
70261026411,6/4/2021,64.80309,-147.87606,131.1,FAIRBANKS INTERNATIONAL AIRPORT - AK US,61.4,39.7,1000.4,983.8,10.0,6.1,12.0,15.9,73.0,46.0,0.0,999.9,,False,True,False,False,False,False
70261026411,6/5/2021,64.80309,-147.87606,131.1,FAIRBANKS INTERNATIONAL AIRPORT - AK US,60.1,42.1,1004.1,987.4,10.0,3.2,8.9,15.9,73.0,46.0,0.14,999.9,,False,True,False,False,False,False
70261026411,6/6/2021,64.80309,-147.87606,131.1,FAIRBANKS INTERNATIONAL AIRPORT - AK US,62.6,41.3,1009.5,992.5,10.0,5.5,22.0,28.0,75.0,46.0,0.0,999.9,,False,True,False,False,True,False
70261026411,6/7/2021,64.80309,-147.87606,131.1,FAIRBANKS INTERNATIONAL AIRPORT - AK US,61.3,42.5,1010.6,993.9,10.0,5.3,12.0,17.1,75.0,46.0,0.0,999.9,,False,False,False,False,False,False
70261026411,6/8/2021,64.80309,-147.87606,131.1,FAIRBANKS INTERNATIONAL AIRPORT - AK US,58.3,44.2,1012.3,995.5,9.9,6.2,15.0,20.0,75.0,46.0,0.02,999.9,,False,True,False,False,False,False
70261026411,6/9/2021,64.80309,-147.87606,131.1,FAIRBANKS INTERNATIONAL AIRPORT - AK US,57.5,46.4,1006.6,989.8,9.9,2.3,7.0,999.9,66.9,48.9,0.04,999.9,,False,True,False,False,False,False
70261026411,6/10/2021,64.80309,-147.87606,131.1,FAIRBANKS INTERNATIONAL AIRPORT - AK US,59.9,41.2,1010.1,993.4,10.0,4.4,7.0,14.0,69.1,48.9,0.02,999.9,,False,True,False,False,False,False
70261026411,6/11/2021,64.80309,-147.87606,131.1,FAIRBANKS INTERNATIONAL AIRPORT - AK US,58.6,43.0,1015.8,998.9,10.0,3.9,13.0,21.0,68.0,48.9,0.0,999.9,,False,True,False,False,False,False
70261026411,6/12/2021,64.80309,-147.87606,131.1,FAIRBANKS INTERNATIONAL AIRPORT - AK US,59.5,44.6,1011.8,995.0,10.0,4.0,17.1,999.9,72.0,46.9,0.22,999.9,,False,True,False,False,False,False
70261026411,6/13/2021,64.80309,-147.87606,131.1,FAIRBANKS INTERNATIONAL AIRPORT - AK US,64.1,48.2,1009.3,992.6,10.0,3.9,19.0,999.9,73.9,46.9,0.0,999.9,,False,True,False,False,False,False
70261026411,6/14/2021,64.80309,-147.87606,131.1,FAIRBANKS INTERNATIONAL AIRPORT - AK US,65.0,47.7,1011.1,994.3,10.0,4.2,13.0,14.0,80.1,52.0,0.01,999.9,,False,False,False,False,False,False
70261026411,6/15/2021,64.80309,-147.87606,131.1,FAIRBANKS INTERNATIONAL AIRPORT - AK US,71.1,45.4,1009.3,992.7,10.0,3.8,7.0,999.9,82.0,52.0,0.0,999.9,,False,False,False,False,False,False
70261026411,6/16/2021,64.80309,-147.87606,131.1,FAIRBANKS INTERNATIONAL AIRPORT - AK US,70.7,47.5,1010.9,994.2,10.0,3.7,8.9,999.9,84.0,55.0,0.0,999.9,,False,False,False,False,False,False
70261026411,6/17/2021,64.80309,-147.87606,131.1,FAIRBANKS INTERNATIONAL AIRPORT - AK US,61.4,52.3,1015.7,998.7,9.8,4.9,12.0,24.1,84.0,54.0,0.47,999.9,,False,True,False,True,True,False
70261026411,6/18/2021,64.80309,-147.87606,131.1,FAIRBANKS INTERNATIONAL AIRPORT - AK US,60.4,48.2,1017.7,0.9,10.0,2.6,6.0,999.9,75.0,48.0,0.12,999.9,FLAG_ANOMALY_STP,False,False,False,False,False,False
70261026411,6/19/2021,64.80309,-147.87606,131.1,FAIRBANKS INTERNATIONAL AIRPORT - AK US,65.6,49.7,1013.7,997.0,10.0,2.3,6.0,999.9,77.0,48.0,0.0,999.9,,False,True,False,False,False,False
70261026411,6/20/2021,64.80309,-147.87606,131.1,FAIRBANKS INTERNATIONAL AIRPORT - AK US,63.2,51.6,1012.0,995.5,9.6,3.0,7.0,999.9,75.0,54.0,0.02,999.9,,True,True,False,False,False,False
70261026411,6/21/2021,64.80309,-147.87606,131.1,FAIRBANKS INTERNATIONAL AIRPORT - AK US,68.1,50.3,1006.4,989.8,10.0,2.8,11.1,999.9,75.9,54.0,0.0,999.9,,False,True,False,False,False,False
70261026411,6/22/2021,64.80309,-147.87606,131.1,FAIRBANKS INTERNATIONAL AIRPORT - AK US,66.5,53.2,1009.0,992.3,10.0,3.7,8.0,999.9,78.1,55.0,0.0,999.9,,False,True,False,False,False,False
70261026411,6/23/2021,64.80309,-147.87606,131.1,FAIRBANKS INTERNATIONAL AIRPORT - AK US,70.8,51.5,1003.4,986.8,10.0,5.2,13.0,19.0,82.9,55.0,0.0,999.9,,False,False,False,False,False,False
70261026411,6/24/2021,64.80309,-147.87606,131.1,FAIRBANKS INTERNATIONAL AIRPORT - AK US,73.1,45.0,993.5,977.1,10.0,5.6,11.1,21.0,84.0,57.9,0.0,999.9,,False,False,False,False,False,False
70261026411,6/25/2021,64.80309,-147.87606,131.1,FAIRBANKS INTERNATIONAL AIRPORT - AK US,68.5,45.6,1003.3,986.8,10.0,6.5,13.0,22.0,81.0,57.9,0.0,999.9,,False,True,False,False,False,False
70261026411,6/26/2021,64.80309,-147.87606,131.1,FAIRBANKS INTERNATIONAL AIRPORT - AK US,65.8,44.7,1012.6,995.9,10.0,3.6,8.0,15.9,75.9,55.0,0.0,999.9,,False,True,False,False,False,False
70261026411,6/27/2021,64.80309,-147.87606,131.1,FAIRBANKS INTERNATIONAL AIRPORT - AK US,64.2,46.0,1017.5,0.6,10.0,4.0,8.9,15.0,73.0,54.0,0.0,999.9,FLAG_ANOMALY_STP,False,False,False,False,False,False
70261026411,6/28/2021,64.80309,-147.87606,131.1,FAIRBANKS INTERNATIONAL AIRPORT - AK US,63.3,44.5,1017.7,0.8,10.0,2.7,6.0,999.9,72.0,52.0,0.0,999.9,FLAG_ANOMALY_STP,False,False,False,False,False,False
70261026411,6/29/2021,64.80309,-147.87606,131.1,FAIRBANKS INTERNATIONAL AIRPORT - AK US,64.0,46.0,1014.8,998.1,10.0,5.9,12.0,18.1,71.1,52.0,0.0,999.9,,False,False,False,False,False,False
70261026411,6/30/2021,64.80309,-147.87606,131.1,FAIRBANKS INTERNATIONAL AIRPORT - AK US,63.0,46.5,1016.9,0.0,10.0,4.7,8.9,14.0,73.9,54.0,0.0,999.9,FLAG_ANOMALY_STP,False,False,False,False,False,False
70261026411,7/1/2021,64.80309,-147.87606,131.1,FAIRBANKS INTERNATIONAL AIRPORT - AK US,68.8,47.8,1015.0,998.2,10.0,3.4,8.0,999.9,84.9,54.0,0.0,999.9,,False,False,False,False,False,False
70261026411,7/2/2021,64.80309,-147.87606,131.1,FAIRBANKS INTERNATIONAL AIRPORT - AK US,75.4,47.4,1009.0,992.5,7.9,3.5,7.0,999.9,87.1,54.0,0.0,999.9,,False,False,False,False,False,False
70261026411,7/3/2021,64.80309,-147.87606,131.1,FAIRBANKS INTERNATIONAL AIRPORT - AK US,70.0,43.5,1013.9,997.2,9.4,7.2,14.0,19.0,84.9,57.9,0.0,999.9,,False,True,False,False,False,False
70261026411,7/4/2021,64.80309,-147.87606,131.1,FAIRBANKS INTERNATIONAL AIRPORT - AK US,62.1,43.2,1020.6,3.7,9.0,3.9,11.1,999.9,73.9,51.1,0.0,999.9,FLAG_ANOMALY_STP,False,False,False,False,False,False
70261026411,7/5/2021,64.80309,-147.87606,131.1,FAIRBANKS INTERNATIONAL AIRPORT - AK US,65.8,45.7,1016.6,999.6,7.2,2.9,6.0,999.9,77.0,51.1,0.0,999.9,,False,False,False,False,False,False
70261026411,7/6/2021,64.80309,-147.87606,131.1,FAIRBANKS INTERNATIONAL AIRPORT - AK US,64.8,47.3,1009.3,992.6,9.8,6.6,11.1,18.1,77.0,55.0,0.0,999.9,,False,True,False,False,False,False
70261026411,7/7/2021,64.80309,-147.87606,131.1,FAIRBANKS INTERNATIONAL AIRPORT - AK US,55.3,46.7,1009.1,992.3,10.0,3.8,8.9,999.9,64.9,51.1,0.11,999.9,,False,True,False,False,False,False
70261026411,7/8/2021,64.80309,-147.87606,131.1,FAIRBANKS INTERNATIONAL AIRPORT - AK US,54.6,45.2,1008.3,991.6,10.0,3.0,13.0,20.0,64.9,48.0,0.17,999.9,,True,True,False,False,False,False
70261026411,7/9/2021,64.80309,-147.87606,131.1,FAIRBANKS INTERNATIONAL AIRPORT - AK US,57.7,44.8,1006.8,990.0,10.0,3.4,13.0,999.9,71.1,46.9,0.01,999.9,,False,True,False,False,False,False
70261026411,7/10/2021,64.80309,-147.87606,131.1,FAIRBANKS INTERNATIONAL AIRPORT - AK US,59.4,42.6,1007.6,990.9,10.0,4.4,12.0,18.1,73.0,45.0,0.06,999.9,,False,True,False,False,False,False
70261026411,7/11/2021,64.80309,-147.87606,131.1,FAIRBANKS INTERNATIONAL AIRPORT - AK US,61.6,41.2,1011.2,994.4,10.0,2.5,8.0,999.9,73.9,45.0,0.0,999.9,,False,True,False,False,False,False
70261026411,7/12/2021,64.80309,-147.87606,131.1,FAIRBANKS INTERNATIONAL AIRPORT - AK US,64.0,41.8,1012.6,995.9,9.8,2.0,6.0,999.9,80.1,46.0,0.0,999.9,,False,False,False,False,False,False
70261026411,7/13/2021,64.80309,-147.87606,131.1,FAIRBANKS INTERNATIONAL AIRPORT - AK US,70.3,46.0,1009.1,992.5,10.0,3.6,9.9,15.9,82.0,48.9,0.0,999.9,,False,False,False,False,False,False
70261026411,7/14/2021,64.80309,-147.87606,131.1,FAIRBANKS INTERNATIONAL AIRPORT - AK US,68.4,50.3,1009.0,992.4,10.0,6.3,14.0,19.0,81.0,55.9,0.0,999.9,,False,True,False,False,False,False
70261026411,7/15/2021,64.80309,-147.87606,131.1,FAIRBANKS INTERNATIONAL AIRPORT - AK US,63.8,53.8,1012.8,996.0,10.0,2.2,7.0,999.9,81.0,51.1,0.0,999.9,,False,False,False,False,False,False
70261026411,7/16/2021,64.80309,-147.87606,131.1,FAIRBANKS INTERNATIONAL AIRPORT - AK US,68.1,44.6,1015.6,998.9,10.0,4.1,12.0,999.9,81.0,51.1,0.0,999.9,,False,False,False,False,False,False
70261026411,7/17/2021,64.80309,-147.87606,131.1,FAIRBANKS INTERNATIONAL AIRPORT - AK US,70.1,53.3,1016.4,999.7,9.3,4.2,11.1,15.9,81.0,55.9,0.0,999.9,,False,False,False,False,False,False
70261026411,7/18/2021,64.80309,-147.87606,131.1,FAIRBANKS INTERNATIONAL AIRPORT - AK US,68.8,51.1,1019.4,2.6,10.0,5.8,11.1,999.9,81.0,57.0,0.0,999.9,FLAG_ANOMALY_STP,False,True,False,False,False,False
70261026411,7/19/2021,64.80309,-147.87606,131.1,FAIRBANKS INTERNATIONAL AIRPORT - AK US,64.2,49.0,1020.6,3.7,10.0,3.9,9.9,999.9,79.0,50.0,0.0,999.9,FLAG_ANOMALY_STP,False,False,False,False,False,False
70261026411,7/20/2021,64.80309,-147.87606,131.1,FAIRBANKS INTERNATIONAL AIRPORT - AK US,72.6,51.4,1011.2,994.5,10.0,2.4,8.9,999.9,86.0,50.0,0.0,999.9,,False,False,False,False,False,False
70261026411,7/21/2021,64.80309,-147.87606,131.1,FAIRBANKS INTERNATIONAL AIRPORT - AK US,71.0,49.3,1005.3,988.8,9.7,5.3,14.0,21.0,87.1,55.9,0.0,999.9,,False,True,False,False,False,False
70261026411,7/22/2021,64.80309,-147.87606,131.1,FAIRBANKS INTERNATIONAL AIRPORT - AK US,72.0,50.2,1003.0,986.6,9.4,5.1,8.0,999.9,82.0,59.0,0.0,999.9,,False,False,False,False,False,False
70261026411,7/23/2021,64.80309,-147.87606,131.1,FAIRBANKS INTERNATIONAL AIRPORT - AK US,69.4,54.9,1007.3,990.7,10.0,3.5,14.0,999.9,82.0,59.0,0.0,999.9,,False,True,False,False,False,False
70261026411,7/24/2021,64.80309,-147.87606,131.1,FAIRBANKS INTERNATIONAL AIRPORT - AK US,64.9,57.2,1011.6,994.7,7.9,4.5,15.0,22.9,78.1,57.9,1.0,999.9,,False,True,False,False,True,False
70261026411,7/25/2021,64.80309,-147.87606,131.1,FAIRBANKS INTERNATIONAL AIRPORT - AK US,61.3,46.8,1015.9,999.1,10.0,5.5,11.1,18.1,70.0,53.1,0.45,999.9,,False,False,False,False,False,False
70261026411,7/26/2021,64.80309,-147.87606,131.1,FAIRBANKS INTERNATIONAL AIRPORT - AK US,64.0,50.0,1012.7,995.9,10.0,3.4,11.1,15.9,73.9,53.1,0.0,999.9,,False,False,False,False,False,False
70261026411,7/27/2021,64.80309,-147.87606,131.1,FAIRBANKS INTERNATIONAL AIRPORT - AK US,63.8,48.5,1012.6,995.8,10.0,5.1,11.1,999.9,73.9,54.0,0.0,999.9,,False,True,False,False,False,False
70261026411,7/28/2021,64.80309,-147.87606,131.1,FAIRBANKS INTERNATIONAL AIRPORT - AK US,58.9,53.9,1015.4,998.3,6.5,5.1,8.9,999.9,66.9,55.9,0.22,999.9,,False,True,False,False,False,False
70261026411,7/29/2021,64.80309,-147.87606,131.1,FAIRBANKS INTERNATIONAL AIRPORT - AK US,61.1,52.6,1017.9,1.0,10.0,1.9,5.1,999.9,71.1,55.9,0.06,999.9,FLAG_ANOMALY_STP,False,False,False,False,False,False
70261026411,7/30/2021,64.80309,-147.87606,131.1,FAIRBANKS INTERNATIONAL AIRPORT - AK US,64.4,53.0,1016.8,0.1,10.0,1.7,8.0,999.9,73.0,55.9,0.0,999.9,FLAG_ANOMALY_STP,False,False,False,False,False,False
70261026411,7/31/2021,64.80309,-147.87606,131.1,FAIRBANKS INTERNATIONAL AIRPORT - AK US,66.3,51.8,1014.3,997.6,10.0,2.7,8.0,999.9,80.1,54.0,0.0,999.9,,False,False,False,False,False,False
70261026411,8/1/2021,64.80309,-147.87606,131.1,FAIRBANKS INTERNATIONAL AIRPORT - AK US,69.2,51.4,1015.5,998.7,10.0,2.8,8.0,999.9,82.0,54.0,0.0,999.9,,False,False,False,False,False,False
70261026411,8/2/2021,64.80309,-147.87606,131.1,FAIRBANKS INTERNATIONAL AIRPORT - AK US,71.2,55.6,1017.5,0.7,10.0,2.6,8.0,999.9,87.1,57.0,0.0,999.9,FLAG_ANOMALY_STP,False,False,False,False,False,False
70261026411,8/3/2021,64.80309,-147.87606,131.1,FAIRBANKS INTERNATIONAL AIRPORT - AK US,77.7,55.4,1015.2,998.6,10.0,4.9,9.9,19.0,89.1,57.0,0.0,999.9,,False,True,False,False,True,False
70261026411,8/4/2021,64.80309,-147.87606,131.1,FAIRBANKS INTERNATIONAL AIRPORT - AK US,73.5,52.2,1011.1,994.8,10.0,9.2,14.0,15.0,89.1,61.0,0.0,999.9,,False,True,False,False,True,False
70261026411,8/5/2021,64.80309,-147.87606,131.1,FAIRBANKS INTERNATIONAL AIRPORT - AK US,71.9,53.7,1005.5,988.9,10.0,3.8,8.9,999.9,84.0,57.9,0.0,999.9,,False,False,False,False,False,False
70261026411,8/6/2021,64.80309,-147.87606,131.1,FAIRBANKS INTERNATIONAL AIRPORT - AK US,70.2,56.5,1003.6,987.0,10.0,5.3,12.0,15.0,84.0,57.9,0.0,999.9,,False,True,False,False,False,False
70261026411,8/7/2021,64.80309,-147.87606,131.1,FAIRBANKS INTERNATIONAL AIRPORT - AK US,61.7,56.1,1009.3,992.6,10.0,3.1,6.0,999.9,75.0,57.0,0.0,999.9,,False,True,False,False,False,False
70261026411,8/8/2021,64.80309,-147.87606,131.1,FAIRBANKS INTERNATIONAL AIRPORT - AK US,60.1,51.7,1002.9,986.9,10.0,3.2,6.0,999.9,66.0,55.0,0.13,999.9,,False,True,False,False,False,False
70261026411,8/9/2021,64.80309,-147.87606,131.1,FAIRBANKS INTERNATIONAL AIRPORT - AK US,56.2,51.7,996.3,979.3,5.6,5.3,8.9,999.9,66.0,52.0,0.64,999.9,,False,True,False,False,False,False
70261026411,8/10/2021,64.80309,-147.87606,131.1,FAIRBANKS INTERNATIONAL AIRPORT - AK US,56.6,49.8,997.4,980.7,10.0,3.5,8.9,15.0,64.0,50.0,0.23,999.9,,False,True,False,False,False,False
70261026411,8/11/2021,64.80309,-147.87606,131.1,FAIRBANKS INTERNATIONAL AIRPORT - AK US,57.7,48.9,1008.0,990.9,10.0,4.1,9.9,999.9,69.1,50.0,0.07,999.9,,False,True,False,False,False,False
70261026411,8/12/2021,64.80309,-147.87606,131.1,FAIRBANKS INTERNATIONAL AIRPORT - AK US,60.2,48.3,1004.8,988.1,10.0,2.9,6.0,999.9,69.1,52.0,0.05,999.9,,False,True,False,False,False,False
70261026411,8/13/2021,64.80309,-147.87606,131.1,FAIRBANKS INTERNATIONAL AIRPORT - AK US,56.1,48.7,1006.8,990.1,10.0,4.0,9.9,999.9,63.0,52.0,0.01,999.9,,False,True,False,False,False,False
70261026411,8/14/2021,64.80309,-147.87606,131.1,FAIRBANKS INTERNATIONAL AIRPORT - AK US,54.2,44.2,1009.4,992.6,10.0,5.3,12.0,17.1,63.0,48.0,0.0,999.9,,False,False,False,False,False,False
70261026411,8/15/2021,64.80309,-147.87606,131.1,FAIRBANKS INTERNATIONAL AIRPORT - AK US,51.3,42.1,1010.3,993.3,8.1,5.8,12.0,18.1,57.0,48.0,0.0,999.9,,True,True,False,False,False,False
70261026411,8/16/2021,64.80309,-147.87606,131.1,FAIRBANKS INTERNATIONAL AIRPORT - AK US,52.3,48.5,1010.7,993.8,5.9,6.8,12.0,19.0,54.0,48.0,0.44,999.9,,False,True,False,False,False,False
70261026411,8/17/2021,64.80309,-147.87606,131.1,FAIRBANKS INTERNATIONAL AIRPORT - AK US,50.3,47.0,1006.3,989.6,5.1,3.6,7.0,999.9,54.0,48.0,0.65,999.9,,False,True,False,False,False,False
70261026411,8/18/2021,64.80309,-147.87606,131.1,FAIRBANKS INTERNATIONAL AIRPORT - AK US,46.5,40.6,1011.7,994.9,7.6,2.3,8.9,999.9,60.1,36.0,0.22,999.9,,True,True,False,False,False,False
70261026411,8/19/2021,64.80309,-147.87606,131.1,FAIRBANKS INTERNATIONAL AIRPORT - AK US,49.2,40.2,1018.9,1.7,10.0,1.9,7.0,999.9,60.1,36.0,0.0,999.9,FLAG_ANOMALY_STP,False,True,False,False,False,False
70261026411,8/20/2021,64.80309,-147.87606,131.1,FAIRBANKS INTERNATIONAL AIRPORT - AK US,51.1,46.0,1017.6,0.4,7.8,3.6,14.0,22.9,55.9,42.1,0.24,999.9,FLAG_ANOMALY_STP,False,True,False,False,False,False
70261026411,8/21/2021,64.80309,-147.87606,131.1,FAIRBANKS INTERNATIONAL AIRPORT - AK US,50.1,44.5,1020.3,3.2,7.7,6.8,13.0,19.0,55.9,48.0,0.14,999.9,FLAG_ANOMALY_STP,False,True,False,False,False,False
70261026411,8/22/2021,64.80309,-147.87606,131.1,FAIRBANKS INTERNATIONAL AIRPORT - AK US,49.8,40.8,1016.5,999.4,10.0,3.1,13.0,999.9,63.0,39.0,0.03,999.9,,False,False,False,False,False,False
70261026411,8/23/2021,64.80309,-147.87606,131.1,FAIRBANKS INTERNATIONAL AIRPORT - AK US,56.0,47.7,1007.1,990.3,9.3,1.9,5.1,999.9,64.0,39.0,0.0,999.9,,False,True,False,False,False,False
70261026411,8/24/2021,64.80309,-147.87606,131.1,FAIRBANKS INTERNATIONAL AIRPORT - AK US,56.2,52.6,1004.3,987.8,9.3,1.6,5.1,999.9,60.1,52.0,0.18,999.9,,False,True,False,False,False,False
70261026411,8/25/2021,64.80309,-147.87606,131.1,FAIRBANKS INTERNATIONAL AIRPORT - AK US,61.1,52.6,1003.0,986.4,7.3,2.2,7.0,999.9,73.0,54.0,0.14,999.9,,False,True,False,False,False,False
70261026411,8/26/2021,64.80309,-147.87606,131.1,FAIRBANKS INTERNATIONAL AIRPORT - AK US,54.8,48.1,1003.6,986.9,10.0,3.9,12.0,20.0,73.0,50.0,0.05,999.9,,False,True,False,False,False,False
70261026411,8/27/2021,64.80309,-147.87606,131.1,FAIRBANKS INTERNATIONAL AIRPORT - AK US,48.5,41.0,1004.2,987.4,8.9,3.2,11.1,999.9,57.9,43.0,0.13,999.9,,False,True,False,False,False,False
70261026411,8/28/2021,64.80309,-147.87606,131.1,FAIRBANKS INTERNATIONAL AIRPORT - AK US,43.6,37.6,1014.3,997.2,10.0,4.7,12.0,17.1,52.0,39.0,0.31,999.9,,False,True,False,False,False,False
70261026411,8/29/2021,64.80309,-147.87606,131.1,FAIRBANKS INTERNATIONAL AIRPORT - AK US,44.9,36.7,1018.4,1.2,10.0,2.6,7.0,999.9,54.0,37.0,0.0,999.9,FLAG_ANOMALY_STP,False,False,False,False,False,False
70261026411,8/30/2021,64.80309,-147.87606,131.1,FAIRBANKS INTERNATIONAL AIRPORT - AK US,52.4,44.0,1019.3,2.1,10.0,1.7,7.0,999.9,61.0,37.0,0.0,999.9,FLAG_ANOMALY_STP,False,True,False,False,False,False
70261026411,8/31/2021,64.80309,-147.87606,131.1,FAIRBANKS INTERNATIONAL AIRPORT - AK US,55.9,48.1,1015.4,998.6,9.8,1.4,8.0,999.9,69.1,46.9,0.01,999.9,,True,False,False,False,False,False
70261026411,9/1/2021,64.80309,-147.87606,131.1,FAIRBANKS INTERNATIONAL AIRPORT - AK US,58.9,47.5,1009.7,993.2,10.0,2.0,7.0,999.9,73.9,45.0,0.0,999.9,,False,False,False,False,False,False
70261026411,9/2/2021,64.80309,-147.87606,131.1,FAIRBANKS INTERNATIONAL AIRPORT - AK US,58.7,48.8,1002.4,985.8,10.0,3.1,9.9,999.9,75.0,45.0,0.0,999.9,,False,True,False,False,False,False
70261026411,9/3/2021,64.80309,-147.87606,131.1,FAIRBANKS INTERNATIONAL AIRPORT - AK US,56.0,49.1,1001.2,984.5,10.0,2.7,9.9,999.9,70.0,44.1,0.01,999.9,,False,True,False,False,False,False
70261026411,9/4/2021,64.80309,-147.87606,131.1,FAIRBANKS INTERNATIONAL AIRPORT - AK US,57.6,49.9,998.8,982.2,9.2,1.2,4.1,999.9,71.1,44.1,0.0,999.9,,True,False,False,False,False,False
70261026411,9/5/2021,64.80309,-147.87606,131.1,FAIRBANKS INTERNATIONAL AIRPORT - AK US,52.5,48.2,997.5,981.0,7.1,2.1,9.9,15.0,69.1,45.0,0.09,999.9,,True,True,False,False,False,False
70261026411,9/6/2021,64.80309,-147.87606,131.1,FAIRBANKS INTERNATIONAL AIRPORT - AK US,47.6,39.5,1008.2,991.2,10.0,4.3,9.9,999.9,55.9,39.0,0.03,999.9,,False,True,False,False,False,False
70261026411,9/7/2021,64.80309,-147.87606,131.1,FAIRBANKS INTERNATIONAL AIRPORT - AK US,49.7,39.1,1014.0,997.0,10.0,2.9,7.0,999.9,60.1,39.0,0.0,999.9,,False,False,False,False,False,False
70261026411,9/8/2021,64.80309,-147.87606,131.1,FAIRBANKS INTERNATIONAL AIRPORT - AK US,51.0,41.1,1010.3,993.4,10.0,2.2,7.0,999.9,64.0,42.1,0.0,999.9,,False,False,False,False,False,False
70261026411,9/9/2021,64.80309,-147.87606,131.1,FAIRBANKS INTERNATIONAL AIRPORT - AK US,53.6,44.8,1005.5,988.7,10.0,0.8,4.1,999.9,68.0,42.1,0.0,999.9,,False,False,False,False,False,False
70261026411,9/10/2021,64.80309,-147.87606,131.1,FAIRBANKS INTERNATIONAL AIRPORT - AK US,52.9,42.4,1001.3,984.6,10.0,2.7,7.0,999.9,68.0,39.9,0.0,999.9,,False,False,False,False,False,False
70261026411,9/11/2021,64.80309,-147.87606,131.1,FAIRBANKS INTERNATIONAL AIRPORT - AK US,53.1,40.9,1007.0,990.1,10.0,4.5,11.1,19.0,66.9,39.9,0.0,999.9,,False,True,False,False,False,False
70261026411,9/12/2021,64.80309,-147.87606,131.1,FAIRBANKS INTERNATIONAL AIRPORT - AK US,47.3,33.8,1009.2,992.3,10.0,3.1,12.0,15.0,68.0,34.0,0.0,999.9,,False,False,False,False,False,False
70261026411,9/13/2021,64.80309,-147.87606,131.1,FAIRBANKS INTERNATIONAL AIRPORT - AK US,57.0,38.4,996.4,979.8,10.0,5.4,12.0,999.9,68.0,34.0,0.0,999.9,,False,False,False,False,False,False
70261026411,9/14/2021,64.80309,-147.87606,131.1,FAIRBANKS INTERNATIONAL AIRPORT - AK US,47.3,37.4,999.0,982.3,10.0,1.8,7.0,999.9,63.0,33.1,0.0,999.9,,False,False,False,False,False,False
70261026411,9/15/2021,64.80309,-147.87606,131.1,FAIRBANKS INTERNATIONAL AIRPORT - AK US,44.5,33.0,1005.2,988.3,10.0,2.1,8.9,999.9,61.0,30.0,0.0,999.9,,True,False,False,False,False,False
70261026411,9/16/2021,64.80309,-147.87606,131.1,FAIRBANKS INTERNATIONAL AIRPORT - AK US,46.3,33.6,1002.1,985.2,10.0,2.5,8.9,999.9,57.9,30.0,0.0,999.9,,False,False,False,False,False,False
70261026411,9/17/2021,64.80309,-147.87606,131.1,FAIRBANKS INTERNATIONAL AIRPORT - AK US,43.4,32.5,998.6,981.8,10.0,1.9,6.0,999.9,57.0,30.0,0.0,999.9,,False,False,False,False,False,False
70261026411,9/18/2021,64.80309,-147.87606,131.1,FAIRBANKS INTERNATIONAL AIRPORT - AK US,43.2,30.7,1002.2,985.3,10.0,3.6,9.9,17.1,57.9,30.0,0.0,999.9,,False,False,False,False,False,False
70261026411,9/19/2021,64.80309,-147.87606,131.1,FAIRBANKS INTERNATIONAL AIRPORT - AK US,41.0,28.4,1006.3,989.4,10.0,4.0,11.1,999.9,50.0,33.1,0.0,999.9,,False,True,True,False,False,False
70261026411,9/20/2021,64.80309,-147.87606,131.1,FAIRBANKS INTERNATIONAL AIRPORT - AK US,41.7,30.9,1003.7,986.8,9.4,4.2,12.0,999.9,50.0,33.1,0.0,999.9,,False,True,True,False,False,False
70261026411,9/21/2021,64.80309,-147.87606,131.1,FAIRBANKS INTERNATIONAL AIRPORT - AK US,34.9,22.4,1009.2,992.0,10.0,5.1,12.0,999.9,45.0,30.9,0.0,999.9,,False,False,False,False,False,False
70261026411,9/22/2021,64.80309,-147.87606,131.1,FAIRBANKS INTERNATIONAL AIRPORT - AK US,32.0,22.1,1013.0,995.7,10.0,2.8,7.0,999.9,42.1,25.0,0.0,999.9,,False,False,False,False,False,False
70261026411,9/23/2021,64.80309,-147.87606,131.1,FAIRBANKS INTERNATIONAL AIRPORT - AK US,33.4,19.7,1010.9,993.6,10.0,6.1,8.9,999.9,45.0,24.1,0.0,999.9,,False,False,False,False,False,False
70261026411,9/24/2021,64.80309,-147.87606,131.1,FAIRBANKS INTERNATIONAL AIRPORT - AK US,35.7,25.9,998.1,981.4,5.5,8.2,15.0,999.9,45.0,24.1,0.11,999.9,,False,False,True,False,False,False
70261026411,9/25/2021,64.80309,-147.87606,131.1,FAIRBANKS INTERNATIONAL AIRPORT - AK US,32.6,28.7,1009.0,991.0,5.4,1.1,4.1,999.9,37.9,30.0,0.12,1.2,,False,False,True,False,False,False
70261026411,9/26/2021,64.80309,-147.87606,131.1,FAIRBANKS INTERNATIONAL AIRPORT - AK US,33.3,28.1,1012.4,995.2,8.7,1.3,6.0,999.9,37.0,30.0,0.01,999.9,,False,False,True,False,False,False
70261026411,9/27/2021,64.80309,-147.87606,131.1,FAIRBANKS INTERNATIONAL AIRPORT - AK US,34.1,23.6,1010.5,993.2,10.0,2.6,4.1,999.9,39.0,30.9,0.0,999.9,,False,False,False,False,False,False
70261026411,9/28/2021,64.80309,-147.87606,131.1,FAIRBANKS INTERNATIONAL AIRPORT - AK US,28.8,21.0,1002.3,985.2,10.0,1.5,7.0,999.9,41.0,19.9,0.0,999.9,,False,False,False,False,False,False
70261026411,9/29/2021,64.80309,-147.87606,131.1,FAIRBANKS INTERNATIONAL AIRPORT - AK US,25.6,17.0,1005.3,988.0,10.0,1.9,4.1,999.9,37.0,17.1,0.0,999.9,,False,False,False,False,False,False
70261026411,9/30/2021,64.80309,-147.87606,131.1,FAIRBANKS INTERNATIONAL AIRPORT - AK US,29.8,19.7,998.8,982.0,10.0,2.5,6.0,999.9,37.9,17.1,0.0,999.9,,False,False,False,False,False,False
70261026411,10/1/2021,64.80309,-147.87606,131.1,FAIRBANKS INTERNATIONAL AIRPORT - AK US,31.4,22.6,991.4,974.4,9.1,4.3,7.0,999.9,41.0,24.1,0.0,999.9,,False,False,True,False,False,False
70261026411,10/2/2021,64.80309,-147.87606,131.1,FAIRBANKS INTERNATIONAL AIRPORT - AK US,31.2,28.1,994.7,977.6,2.8,2.2,5.1,999.9,35.1,26.1,0.21,3.1,,True,False,True,False,False,False
70261026411,10/3/2021,64.80309,-147.87606,131.1,FAIRBANKS INTERNATIONAL AIRPORT - AK US,34.0,31.0,1008.3,990.8,4.3,3.4,5.1,999.9,35.6,33.1,0.52,5.1,,False,True,True,False,False,False
70261026411,10/4/2021,64.80309,-147.87606,131.1,FAIRBANKS INTERNATIONAL AIRPORT - AK US,32.3,28.6,1020.5,3.2,5.0,1.6,5.1,999.9,35.1,30.0,0.07,3.9,FLAG_ANOMALY_STP,False,False,True,False,False,False
70261026411,10/5/2021,64.80309,-147.87606,131.1,FAIRBANKS INTERNATIONAL AIRPORT - AK US,27.3,22.5,1015.3,997.9,10.0,2.3,6.0,999.9,39.9,18.0,0.01,3.9,,False,False,False,False,False,False
70261026411,10/6/2021,64.80309,-147.87606,131.1,FAIRBANKS INTERNATIONAL AIRPORT - AK US,32.2,26.5,1006.9,989.7,10.0,1.6,7.0,999.9,43.0,18.0,0.0,3.9,,False,False,False,False,False,False
70261026411,10/7/2021,64.80309,-147.87606,131.1,FAIRBANKS INTERNATIONAL AIRPORT - AK US,37.3,32.0,999.2,982.2,6.2,2.2,6.0,999.9,43.0,25.0,0.15,3.1,,False,True,True,False,False,False
70261026411,10/8/2021,64.80309,-147.87606,131.1,FAIRBANKS INTERNATIONAL AIRPORT - AK US,36.6,32.3,992.2,978.0,6.1,4.9,8.0,999.9,44.1,30.9,0.29,1.2,,True,True,False,False,False,False
70261026411,10/9/2021,64.80309,-147.87606,131.1,FAIRBANKS INTERNATIONAL AIRPORT - AK US,36.8,31.3,987.1,970.3,10.0,2.5,6.0,999.9,44.1,30.9,0.0,1.2,,False,True,True,False,False,False
70261026411,10/10/2021,64.80309,-147.87606,131.1,FAIRBANKS INTERNATIONAL AIRPORT - AK US,35.9,32.1,1004.3,989.1,7.8,3.8,7.0,999.9,39.9,33.1,0.0,1.2,,True,True,True,False,False,False
70261026411,10/11/2021,64.80309,-147.87606,131.1,FAIRBANKS INTERNATIONAL AIRPORT - AK US,35.1,30.8,1007.7,990.5,7.8,4.5,9.9,999.9,45.0,28.9,0.03,999.9,,False,True,False,False,False,False
70261026411,10/12/2021,64.80309,-147.87606,131.1,FAIRBANKS INTERNATIONAL AIRPORT - AK US,33.6,24.7,993.7,976.8,10.0,5.4,9.9,999.9,46.0,27.0,0.0,999.9,,False,False,False,False,False,False
70261026411,10/13/2021,64.80309,-147.87606,131.1,FAIRBANKS INTERNATIONAL AIRPORT - AK US,31.6,22.8,991.1,974.2,10.0,3.1,7.0,999.9,35.1,27.0,0.0,999.9,,False,False,True,False,False,False
70261026411,10/14/2021,64.80309,-147.87606,131.1,FAIRBANKS INTERNATIONAL AIRPORT - AK US,31.7,21.7,994.8,977.7,9.5,3.0,6.0,999.9,35.1,27.0,0.0,999.9,,False,False,True,False,False,False
70261026411,10/15/2021,64.80309,-147.87606,131.1,FAIRBANKS INTERNATIONAL AIRPORT - AK US,29.0,20.9,1000.7,983.6,10.0,2.0,5.1,999.9,35.1,24.1,0.0,999.9,,False,False,False,False,False,False
70261026411,10/16/2021,64.80309,-147.87606,131.1,FAIRBANKS INTERNATIONAL AIRPORT - AK US,28.6,23.1,1012.3,995.2,8.0,2.1,5.1,999.9,32.0,24.1,0.0,999.9,,False,False,True,False,False,False
70261026411,10/17/2021,64.80309,-147.87606,131.1,FAIRBANKS INTERNATIONAL AIRPORT - AK US,25.7,18.7,1005.0,988.1,10.0,3.6,7.0,999.9,34.0,17.1,0.01,999.9,,False,False,False,False,False,False
70261026411,10/18/2021,64.80309,-147.87606,131.1,FAIRBANKS INTERNATIONAL AIRPORT - AK US,26.0,17.9,1004.6,987.3,10.0,1.4,4.1,999.9,37.9,17.1,0.0,1.2,,False,False,False,False,False,False
70261026411,10/19/2021,64.80309,-147.87606,131.1,FAIRBANKS INTERNATIONAL AIRPORT - AK US,24.6,15.8,1000.6,983.4,10.0,1.7,6.0,999.9,37.9,15.1,0.0,1.2,,False,False,False,False,False,False
70261026411,10/20/2021,64.80309,-147.87606,131.1,FAIRBANKS INTERNATIONAL AIRPORT - AK US,30.8,20.4,991.2,974.2,10.0,2.8,7.0,999.9,43.0,15.1,0.0,999.9,,False,False,False,False,False,False
70261026411,10/21/2021,64.80309,-147.87606,131.1,FAIRBANKS INTERNATIONAL AIRPORT - AK US,29.1,21.2,996.2,979.1,10.0,1.4,5.1,999.9,43.0,21.0,0.0,999.9,,False,False,False,False,False,False
70261026411,10/22/2021,64.80309,-147.87606,131.1,FAIRBANKS INTERNATIONAL AIRPORT - AK US,26.6,19.7,988.1,971.1,10.0,1.0,5.1,999.9,46.9,18.0,0.0,999.9,,False,False,False,False,False,False
70261026411,10/23/2021,64.80309,-147.87606,131.1,FAIRBANKS INTERNATIONAL AIRPORT - AK US,30.1,23.9,982.0,965.2,10.0,0.9,4.1,999.9,48.0,18.0,0.0,999.9,,False,False,False,False,False,False
70261026411,10/24/2021,64.80309,-147.87606,131.1,FAIRBANKS INTERNATIONAL AIRPORT - AK US,25.7,20.6,993.2,976.9,8.8,1.0,4.1,999.9,42.1,19.9,0.0,999.9,,True,True,True,False,False,False
70261026411,10/25/2021,64.80309,-147.87606,131.1,FAIRBANKS INTERNATIONAL AIRPORT - AK US,26.7,21.9,992.5,976.0,7.2,0.4,2.9,999.9,32.0,19.9,0.02,999.9,,False,False,True,False,False,False
70261026411,10/26/2021,64.80309,-147.87606,131.1,FAIRBANKS INTERNATIONAL AIRPORT - AK US,31.2,25.5,992.4,975.3,7.6,0.4,4.1,999.9,34.0,24.1,0.0,999.9,,False,True,True,False,False,False
70261026411,10/27/2021,64.80309,-147.87606,131.1,FAIRBANKS INTERNATIONAL AIRPORT - AK US,28.9,23.6,997.9,980.5,6.3,1.7,4.1,999.9,34.0,25.0,0.0,999.9,,True,False,True,False,False,False
70261026411,10/28/2021,64.80309,-147.87606,131.1,FAIRBANKS INTERNATIONAL AIRPORT - AK US,25.8,19.9,1003.1,986.1,7.7,1.6,5.1,999.9,30.9,24.1,0.0,999.9,,False,False,True,False,False,False
70261026411,10/29/2021,64.80309,-147.87606,131.1,FAIRBANKS INTERNATIONAL AIRPORT - AK US,22.3,16.9,1006.9,989.8,6.5,1.9,6.0,999.9,27.0,19.0,0.0,999.9,,False,False,True,False,False,False
70261026411,10/30/2021,64.80309,-147.87606,131.1,FAIRBANKS INTERNATIONAL AIRPORT - AK US,26.5,18.4,1007.5,990.7,9.5,3.8,8.0,999.9,44.1,19.0,0.0,999.9,,False,False,True,False,False,False
70261026411,10/31/2021,64.80309,-147.87606,131.1,FAIRBANKS INTERNATIONAL AIRPORT - AK US,43.8,24.0,999.3,982.4,10.0,9.3,19.0,25.1,48.0,36.0,0.0,999.9,,False,False,False,False,False,False
70261026411,11/1/2021,64.80309,-147.87606,131.1,FAIRBANKS INTERNATIONAL AIRPORT - AK US,39.0,24.4,999.8,982.9,10.0,4.8,11.1,999.9,48.0,33.1,0.0,999.9,,False,False,False,False,False,False
70261026411,11/2/2021,64.80309,-147.87606,131.1,FAIRBANKS INTERNATIONAL AIRPORT - AK US,31.2,24.6,1004.2,987.4,7.6,1.5,8.0,999.9,43.0,28.0,0.1,999.9,,False,False,True,False,False,False
70261026411,11/3/2021,64.80309,-147.87606,131.1,FAIRBANKS INTERNATIONAL AIRPORT - AK US,29.4,24.2,994.1,976.8,9.2,1.6,5.1,999.9,33.1,23.0,0.05,1.2,,True,False,True,False,False,False
70261026411,11/4/2021,64.80309,-147.87606,131.1,FAIRBANKS INTERNATIONAL AIRPORT - AK US,23.5,18.0,996.7,979.2,7.8,1.2,6.0,999.9,32.0,16.0,0.0,1.2,,True,False,False,False,False,False
70261026411,11/5/2021,64.80309,-147.87606,131.1,FAIRBANKS INTERNATIONAL AIRPORT - AK US,19.7,14.1,994.9,977.7,10.0,1.0,5.1,999.9,28.9,14.0,0.0,1.2,,False,False,False,False,False,False
70261026411,11/6/2021,64.80309,-147.87606,131.1,FAIRBANKS INTERNATIONAL AIRPORT - AK US,25.5,20.1,1002.4,985.1,9.3,0.5,2.9,999.9,28.0,14.0,0.0,1.2,,False,False,True,False,False,False
70261026411,11/7/2021,64.80309,-147.87606,131.1,FAIRBANKS INTERNATIONAL AIRPORT - AK US,25.2,19.9,1010.2,993.0,3.9,0.2,4.1,999.9,28.0,18.0,0.06,2.0,,False,False,True,False,False,False
70261026411,11/8/2021,64.80309,-147.87606,131.1,FAIRBANKS INTERNATIONAL AIRPORT - AK US,20.7,13.7,1014.2,996.5,6.9,3.7,9.9,999.9,26.1,9.0,0.12,3.1,,False,False,True,False,False,False
70261026411,11/9/2021,64.80309,-147.87606,131.1,FAIRBANKS INTERNATIONAL AIRPORT - AK US,10.6,0.7,1010.2,992.5,10.0,4.9,9.9,999.9,25.0,0.0,0.0,3.1,,False,False,True,False,False,False
70261026411,11/10/2021,64.80309,-147.87606,131.1,FAIRBANKS INTERNATIONAL AIRPORT - AK US,5.6,-2.7,1005.8,988.1,10.0,3.7,8.0,999.9,19.0,-8.0,0.0,3.1,,False,False,True,False,False,False
70261026411,11/11/2021,64.80309,-147.87606,131.1,FAIRBANKS INTERNATIONAL AIRPORT - AK US,-4.8,-11.9,1011.2,993.1,9.5,1.1,5.1,999.9,12.9,-11.0,0.0,3.1,,False,False,True,False,False,False
70261026411,11/12/2021,64.80309,-147.87606,131.1,FAIRBANKS INTERNATIONAL AIRPORT - AK US,1.7,-5.7,1007.6,989.7,7.9,0.7,4.1,999.9,7.0,-11.0,0.01,3.1,,False,False,True,False,False,False
70261026411,11/13/2021,64.80309,-147.87606,131.1,FAIRBANKS INTERNATIONAL AIRPORT - AK US,-2.7,-9.8,1013.2,995.3,9.0,1.7,4.1,999.9,7.0,-11.0,0.02,3.1,,False,False,True,False,False,False
70261026411,11/14/2021,64.80309,-147.87606,131.1,FAIRBANKS INTERNATIONAL AIRPORT - AK US,-8.1,-15.9,1020.7,2.4,7.8,0.4,2.9,999.9,0.0,-16.1,0.0,3.1,FLAG_ANOMALY_STP,False,False,True,False,False,False
70261026411,11/15/2021,64.80309,-147.87606,131.1,FAIRBANKS INTERNATIONAL AIRPORT - AK US,-6.3,-14.3,1020.5,2.4,6.2,1.3,4.1,999.9,-2.0,-16.1,0.0,3.1,FLAG_ANOMALY_STP,False,False,True,False,False,False
70261026411,11/17/2021,64.80309,-147.87606,131.1,FAIRBANKS INTERNATIONAL AIRPORT - AK US,3.3,-4.7,1016.8,998.7,4.8,3.7,15.9,999.9,8.1,0.0,0.0,3.1,,False,False,True,False,False,False
70261026411,11/18/2021,64.80309,-147.87606,131.1,FAIRBANKS INTERNATIONAL AIRPORT - AK US,6.1,-4.7,1019.2,1.3,6.7,10.1,15.9,999.9,9.0,0.0,0.05,3.1,FLAG_ANOMALY_STP,False,False,True,False,False,False
70261026411,11/19/2021,64.80309,-147.87606,131.1,FAIRBANKS INTERNATIONAL AIRPORT - AK US,-14.7,-22.0,1025.3,6.9,9.5,0.6,6.0,999.9,9.0,-23.1,0.0,3.9,FLAG_ANOMALY_STP,False,False,True,False,False,False
70261026411,11/20/2021,64.80309,-147.87606,131.1,FAIRBANKS INTERNATIONAL AIRPORT - AK US,-21.8,-29.5,1025.7,7.0,9.9,1.4,4.1,999.9,-13.0,-26.0,0.0,3.9,FLAG_ANOMALY_STP,False,False,False,False,False,False
70261026411,11/21/2021,64.80309,-147.87606,131.1,FAIRBANKS INTERNATIONAL AIRPORT - AK US,-23.1,-31.2,1014.1,995.7,9.3,0.1,2.9,999.9,-13.0,-27.9,0.0,3.9,,False,False,True,False,False,False
70261026411,11/22/2021,64.80309,-147.87606,131.1,FAIRBANKS INTERNATIONAL AIRPORT - AK US,-6.2,-17.2,1010.5,992.2,8.8,7.4,14.0,999.9,3.9,-27.9,0.0,3.9,,False,False,True,False,False,False
70261026411,11/23/2021,64.80309,-147.87606,131.1,FAIRBANKS INTERNATIONAL AIRPORT - AK US,0.7,-11.6,1011.7,993.8,8.7,8.3,13.0,999.9,3.9,-18.9,0.0,3.9,,False,False,True,False,False,False
70261026411,11/24/2021,64.80309,-147.87606,131.1,FAIRBANKS INTERNATIONAL AIRPORT - AK US,-10.1,-19.3,1005.6,988.0,10.0,5.7,8.0,999.9,1.9,-17.0,0.0,3.9,,False,False,True,False,False,False
70261026411,11/25/2021,64.80309,-147.87606,131.1,FAIRBANKS INTERNATIONAL AIRPORT - AK US,-15.6,-22.9,996.6,978.6,10.0,2.0,6.0,999.9,-4.0,-20.9,0.0,3.9,,False,False,False,False,False,False
70261026411,11/26/2021,64.80309,-147.87606,131.1,FAIRBANKS INTERNATIONAL AIRPORT - AK US,-4.9,-12.5,1006.6,988.2,5.1,2.7,7.0,999.9,0.0,-20.9,0.03,3.9,,False,False,True,False,False,False
70261026411,11/27/2021,64.80309,-147.87606,131.1,FAIRBANKS INTERNATIONAL AIRPORT - AK US,-14.2,-21.5,1014.6,996.3,7.1,0.7,4.1,999.9,-2.9,-23.1,0.02,5.1,,False,False,True,False,False,False
70261026411,11/28/2021,64.80309,-147.87606,131.1,FAIRBANKS INTERNATIONAL AIRPORT - AK US,-18.4,-25.6,1008.7,990.6,6.8,0.7,4.1,999.9,-11.0,-27.9,0.0,5.1,,False,False,True,False,False,False
70261026411,11/29/2021,64.80309,-147.87606,131.1,FAIRBANKS INTERNATIONAL AIRPORT - AK US,-25.0,-31.2,1009.8,991.2,7.7,1.0,5.1,999.9,-14.1,-32.1,0.0,5.1,,False,False,True,False,False,False
70261026411,11/30/2021,64.80309,-147.87606,131.1,FAIRBANKS INTERNATIONAL AIRPORT - AK US,-10.4,-18.3,995.8,977.8,10.0,3.8,9.9,999.9,1.0,-32.1,0.0,5.1,,False,False,False,False,False,False
70261026411,12/1/2021,64.80309,-147.87606,131.1,FAIRBANKS INTERNATIONAL AIRPORT - AK US,-1.9,-9.4,995.6,978.6,7.8,1.8,6.0,999.9,7.0,-11.0,0.0,5.1,,False,False,True,False,False,False
70261026411,12/2/2021,64.80309,-147.87606,131.1,FAIRBANKS INTERNATIONAL AIRPORT - AK US,-6.3,-13.0,1020.5,1.9,8.8,0.4,5.1,999.9,3.0,-15.0,0.04,5.1,FLAG_ANOMALY_STP,False,False,True,False,False,False
70261026411,12/3/2021,64.80309,-147.87606,131.1,FAIRBANKS INTERNATIONAL AIRPORT - AK US,-25.9,-27.6,1033.3,14.5,10.0,1.7,7.0,999.9,-2.9,-35.0,0.0,5.9,FLAG_ANOMALY_STP,False,False,True,False,False,False
70261026411,12/5/2021,64.80309,-147.87606,131.1,FAIRBANKS INTERNATIONAL AIRPORT - AK US,-11.8,-19.1,1024.9,6.2,9.9,0.8,4.1,999.9,1.0,-36.9,0.0,5.9,FLAG_ANOMALY_STP,False,False,True,False,False,False
70261026411,12/6/2021,64.80309,-147.87606,131.1,FAIRBANKS INTERNATIONAL AIRPORT - AK US,15.9,7.5,999.3,981.7,10.0,2.7,5.1,999.9,27.0,1.0,0.0,5.9,,False,False,False,False,False,False
70261026411,12/7/2021,64.80309,-147.87606,131.1,FAIRBANKS INTERNATIONAL AIRPORT - AK US,17.9,11.4,988.7,971.9,8.5,1.5,9.9,15.9,28.0,10.0,0.0,5.9,,False,False,True,False,False,False
70261026411,12/8/2021,64.80309,-147.87606,131.1,FAIRBANKS INTERNATIONAL AIRPORT - AK US,16.2,10.6,999.0,981.8,5.5,3.1,8.9,999.9,23.0,-2.0,0.09,5.9,,False,False,True,False,False,False
70261026411,12/9/2021,64.80309,-147.87606,131.1,FAIRBANKS INTERNATIONAL AIRPORT - AK US,8.0,2.1,994.6,978.5,6.4,2.4,5.1,999.9,19.9,-5.1,0.08,7.9,,False,False,True,False,False,False
70261026411,12/10/2021,64.80309,-147.87606,131.1,FAIRBANKS INTERNATIONAL AIRPORT - AK US,9.0,3.2,977.3,960.1,8.8,1.9,6.0,999.9,16.0,-5.1,0.06,9.1,,False,False,True,False,False,False
70261026411,12/11/2021,64.80309,-147.87606,131.1,FAIRBANKS INTERNATIONAL AIRPORT - AK US,6.1,-1.7,993.9,974.2,5.0,7.7,11.1,21.0,16.0,-4.0,0.05,11.0,,False,False,True,False,False,False
70261026411,12/12/2021,64.80309,-147.87606,131.1,FAIRBANKS INTERNATIONAL AIRPORT - AK US,-13.8,-21.3,1013.8,996.8,5.2,2.0,7.0,999.9,-4.0,-26.0,0.02,11.0,,False,False,True,False,False,False
70261026411,12/13/2021,64.80309,-147.87606,131.1,FAIRBANKS INTERNATIONAL AIRPORT - AK US,-32.5,-32.8,1025.8,6.8,4.7,0.7,4.1,999.9,-24.0,-36.9,0.01,11.0,FLAG_SPARSE_DEWP_OBSERVATIONS | FLAG_ANOMALY_STP,False,False,True,False,False,False
70261026411,12/16/2021,64.80309,-147.87606,131.1,FAIRBANKS INTERNATIONAL AIRPORT - AK US,-8.7,-14.5,1017.9,998.9,9.1,2.0,6.0,999.9,5.0,-29.9,0.0,9.8,,False,False,True,False,False,False
70261026411,12/17/2021,64.80309,-147.87606,131.1,FAIRBANKS INTERNATIONAL AIRPORT - AK US,6.5,-0.3,1015.0,996.6,3.3,1.5,5.1,999.9,10.0,5.0,0.1,9.8,,False,False,True,False,False,False
70261026411,12/18/2021,64.80309,-147.87606,131.1,FAIRBANKS INTERNATIONAL AIRPORT - AK US,9.7,1.7,1014.6,996.7,7.6,1.0,4.1,999.9,12.0,3.0,0.06,9.8,,False,False,True,False,False,False
70261026411,12/19/2021,64.80309,-147.87606,131.1,FAIRBANKS INTERNATIONAL AIRPORT - AK US,16.0,9.7,1023.7,6.4,7.0,2.8,6.0,999.9,19.0,3.0,0.05,11.8,FLAG_ANOMALY_STP,True,False,True,False,False,False
70261026411,12/20/2021,64.80309,-147.87606,131.1,FAIRBANKS INTERNATIONAL AIRPORT - AK US,23.5,19.0,1017.9,0.2,2.5,2.7,6.0,999.9,33.1,14.0,0.75,16.1,FLAG_ANOMALY_STP,True,True,True,False,False,False
70261026411,12/21/2021,64.80309,-147.87606,131.1,FAIRBANKS INTERNATIONAL AIRPORT - AK US,26.7,19.3,1019.7,999.9,7.2,6.4,13.0,24.1,34.0,12.9,0.59,16.1,,False,False,True,False,False,False
70261026411,12/22/2021,64.80309,-147.87606,131.1,FAIRBANKS INTERNATIONAL AIRPORT - AK US,7.3,-1.5,1021.0,3.2,10.0,7.0,21.0,28.0,34.0,-13.0,0.0,18.9,FLAG_ANOMALY_STP,False,False,False,False,False,False
70261026411,12/23/2021,64.80309,-147.87606,131.1,FAIRBANKS INTERNATIONAL AIRPORT - AK US,3.3,-2.8,1011.0,992.3,5.5,4.1,8.9,999.9,14.0,-13.0,0.16,18.9,,False,False,True,False,False,False
70261026411,12/24/2021,64.80309,-147.87606,131.1,FAIRBANKS INTERNATIONAL AIRPORT - AK US,-15.1,-21.1,1027.4,8.9,10.0,2.1,7.0,999.9,7.0,-25.1,0.08,20.1,FLAG_ANOMALY_STP,False,False,False,False,False,False
70261026411,12/25/2021,64.80309,-147.87606,131.1,FAIRBANKS INTERNATIONAL AIRPORT - AK US,2.1,-4.0,1023.2,4.2,5.6,2.5,7.0,999.9,10.9,-25.1,0.03,20.9,FLAG_ANOMALY_STP,False,False,True,False,False,False
70261026411,12/26/2021,64.80309,-147.87606,131.1,FAIRBANKS INTERNATIONAL AIRPORT - AK US,17.7,12.8,1010.3,992.1,1.5,2.9,11.1,999.9,33.1,-2.0,0.91,20.9,,False,True,True,False,False,False
70261026411,12/27/2021,64.80309,-147.87606,131.1,FAIRBANKS INTERNATIONAL AIRPORT - AK US,33.9,27.4,1005.3,987.8,7.3,7.9,19.0,39.0,41.0,12.9,2.43,24.0,,False,True,False,False,False,False
70261026411,12/28/2021,64.80309,-147.87606,131.1,FAIRBANKS INTERNATIONAL AIRPORT - AK US,16.8,11.4,1015.6,998.2,5.1,1.9,7.0,999.9,19.9,12.0,0.12,26.0,,False,False,True,False,False,False
70261026411,12/29/2021,64.80309,-147.87606,131.1,FAIRBANKS INTERNATIONAL AIRPORT - AK US,28.0,21.5,1005.0,987.5,4.1,10.6,25.1,39.0,35.1,10.0,0.81,25.2,,True,True,True,False,False,False
70261026411,12/30/2021,64.80309,-147.87606,131.1,FAIRBANKS INTERNATIONAL AIRPORT - AK US,11.4,5.0,1016.7,998.6,5.3,4.6,15.9,24.1,19.9,-8.0,0.3,31.9,,True,False,True,False,False,False
70261026411,12/31/2021,64.80309,-147.87606,131.1,FAIRBANKS INTERNATIONAL AIRPORT - AK US,-0.3,-8.0,1008.5,991.2,9.6,6.7,12.0,999.9,17.1,-11.9,0.14,33.9,,False,False,True,False,False,False
72202012839,1/1/2019,25.78805,-80.31694,1.4,MIAMI INTERNATIONAL AIRPORT - FL US,75.8,70.8,1020.9,19.8,10.0,8.3,14.0,21.0,82.0,71.1,0.0,999.9,FLAG_ANOMALY_STP,False,False,False,False,False,False
72202012839,1/2/2019,25.78805,-80.31694,1.4,MIAMI INTERNATIONAL AIRPORT - FL US,76.0,68.4,1021.1,20.1,10.0,8.5,13.0,999.9,82.0,71.1,0.0,999.9,FLAG_ANOMALY_STP,False,False,False,False,False,False
72202012839,1/3/2019,25.78805,-80.31694,1.4,MIAMI INTERNATIONAL AIRPORT - FL US,77.1,72.2,1018.5,17.5,10.0,8.9,13.0,22.9,82.9,71.1,0.0,999.9,FLAG_ANOMALY_STP,False,False,False,False,False,False
72202012839,1/4/2019,25.78805,-80.31694,1.4,MIAMI INTERNATIONAL AIRPORT - FL US,76.8,71.4,1016.7,15.7,9.9,6.6,14.0,22.9,84.0,71.1,0.0,999.9,FLAG_ANOMALY_STP,False,False,False,False,False,False
72202012839,1/5/2019,25.78805,-80.31694,1.4,MIAMI INTERNATIONAL AIRPORT - FL US,73.9,67.4,1016.4,15.3,8.3,6.1,8.9,15.9,79.0,69.8,0.01,999.9,FLAG_ANOMALY_STP,False,True,False,False,False,False
72202012839,1/6/2019,25.78805,-80.31694,1.4,MIAMI INTERNATIONAL AIRPORT - FL US,65.7,58.2,1019.4,18.4,10.0,5.2,8.9,15.9,79.0,55.0,0.0,999.9,FLAG_ANOMALY_STP,False,False,False,False,False,False
72202012839,1/7/2019,25.78805,-80.31694,1.4,MIAMI INTERNATIONAL AIRPORT - FL US,70.7,60.7,1021.5,20.4,10.0,4.4,11.1,15.0,79.0,55.0,0.0,999.9,FLAG_ANOMALY_STP,False,False,False,False,False,False
72202012839,1/8/2019,25.78805,-80.31694,1.4,MIAMI INTERNATIONAL AIRPORT - FL US,71.2,61.2,1021.5,20.5,10.0,3.1,8.9,999.9,82.0,60.1,0.0,999.9,FLAG_ANOMALY_STP,False,False,False,False,False,False
72202012839,1/9/2019,25.78805,-80.31694,1.4,MIAMI INTERNATIONAL AIRPORT - FL US,70.7,61.1,1019.4,18.4,10.0,4.4,8.9,999.9,82.0,60.1,0.0,999.9,FLAG_ANOMALY_STP,False,False,False,False,False,False
72202012839,1/10/2019,25.78805,-80.31694,1.4,MIAMI INTERNATIONAL AIRPORT - FL US,61.8,41.7,1017.6,16.6,10.0,6.7,9.9,17.1,77.0,53.1,0.0,999.9,FLAG_ANOMALY_STP,False,False,False,False,False,False
72202012839,1/11/2019,25.78805,-80.31694,1.4,MIAMI INTERNATIONAL AIRPORT - FL US,62.2,49.4,1019.3,18.3,10.0,6.0,12.0,20.0,75.9,53.1,0.0,999.9,FLAG_ANOMALY_STP,False,False,False,False,False,False
72202012839,1/12/2019,25.78805,-80.31694,1.4,MIAMI INTERNATIONAL AIRPORT - FL US,72.2,60.6,1021.2,20.2,10.0,9.6,17.1,24.1,79.0,53.1,0.0,999.9,FLAG_ANOMALY_STP,False,True,False,False,False,False
72202012839,1/13/2019,25.78805,-80.31694,1.4,MIAMI INTERNATIONAL AIRPORT - FL US,73.6,67.2,1020.8,19.7,9.9,4.9,9.9,15.0,80.1,66.9,0.06,999.9,FLAG_ANOMALY_STP,False,True,False,False,False,False
72202012839,1/14/2019,25.78805,-80.31694,1.4,MIAMI INTERNATIONAL AIRPORT - FL US,70.7,63.2,1020.3,19.3,9.2,5.0,8.9,999.9,80.1,64.0,0.0,999.9,FLAG_ANOMALY_STP,True,False,False,False,False,False
72202012839,1/15/2019,25.78805,-80.31694,1.4,MIAMI INTERNATIONAL AIRPORT - FL US,64.0,54.6,1020.0,19.0,10.0,6.0,11.1,18.1,78.1,57.0,0.0,999.9,FLAG_ANOMALY_STP,False,False,False,False,False,False
72202012839,1/16/2019,25.78805,-80.31694,1.4,MIAMI INTERNATIONAL AIRPORT - FL US,60.9,50.9,1021.3,20.3,10.0,6.8,9.9,999.9,73.0,53.1,0.0,999.9,FLAG_ANOMALY_STP,False,False,False,False,False,False
72202012839,1/17/2019,25.78805,-80.31694,1.4,MIAMI INTERNATIONAL AIRPORT - FL US,65.3,55.7,1022.1,21.0,10.0,4.9,8.0,999.9,78.1,53.1,0.0,999.9,FLAG_ANOMALY_STP,False,False,False,False,False,False
72202012839,1/18/2019,25.78805,-80.31694,1.4,MIAMI INTERNATIONAL AIRPORT - FL US,69.1,58.9,1020.8,19.8,10.0,2.9,8.0,999.9,80.1,57.0,0.0,999.9,FLAG_ANOMALY_STP,False,False,False,False,False,False
72202012839,1/19/2019,25.78805,-80.31694,1.4,MIAMI INTERNATIONAL AIRPORT - FL US,69.2,61.0,1018.1,17.1,9.9,4.8,12.0,22.0,80.1,57.9,0.0,999.9,FLAG_ANOMALY_STP,False,False,False,False,False,False
72202012839,1/20/2019,25.78805,-80.31694,1.4,MIAMI INTERNATIONAL AIRPORT - FL US,70.2,64.0,1013.8,12.6,9.7,8.8,15.9,26.0,78.1,60.1,0.0,999.9,FLAG_ANOMALY_STP,False,True,False,False,True,False
72202012839,1/21/2019,25.78805,-80.31694,1.4,MIAMI INTERNATIONAL AIRPORT - FL US,56.9,47.4,1022.3,21.3,10.0,7.1,12.0,19.0,73.9,46.0,0.18,999.9,FLAG_ANOMALY_STP,False,False,False,False,False,False
72202012839,1/22/2019,25.78805,-80.31694,1.4,MIAMI INTERNATIONAL AIRPORT - FL US,68.9,55.8,1025.8,24.8,10.0,12.3,22.0,28.0,78.1,46.0,0.0,999.9,FLAG_ANOMALY_STP,False,False,False,False,False,False
72202012839,1/23/2019,25.78805,-80.31694,1.4,MIAMI INTERNATIONAL AIRPORT - FL US,73.2,61.8,1023.3,22.4,10.0,17.1,22.0,28.0,79.0,59.0,0.0,999.9,FLAG_ANOMALY_STP,False,False,False,False,False,False
72202012839,1/24/2019,25.78805,-80.31694,1.4,MIAMI INTERNATIONAL AIRPORT - FL US,75.9,70.3,1016.4,15.3,9.4,11.9,17.1,26.0,84.0,70.0,0.0,999.9,FLAG_ANOMALY_STP,False,True,False,False,True,False
72202012839,1/25/2019,25.78805,-80.31694,1.4,MIAMI INTERNATIONAL AIRPORT - FL US,66.7,60.1,1018.9,18.0,9.9,7.3,9.9,15.9,84.0,62.1,0.16,999.9,FLAG_ANOMALY_STP,False,True,False,False,False,False
72202012839,1/26/2019,25.78805,-80.31694,1.4,MIAMI INTERNATIONAL AIRPORT - FL US,59.2,56.6,1019.8,18.6,7.4,5.6,9.9,15.0,70.0,55.9,0.45,999.9,FLAG_ANOMALY_STP,False,True,False,False,False,False
72202012839,1/27/2019,25.78805,-80.31694,1.4,MIAMI INTERNATIONAL AIRPORT - FL US,67.8,66.0,1011.9,11.6,8.3,5.1,13.0,19.0,75.0,55.9,0.62,999.9,FLAG_ANOMALY_STP,False,True,False,False,False,False
72202012839,1/28/2019,25.78805,-80.31694,1.4,MIAMI INTERNATIONAL AIRPORT - FL US,57.5,54.4,1012.7,11.1,9.3,9.5,14.0,24.1,75.0,51.1,0.51,999.9,FLAG_ANOMALY_STP,False,True,False,False,False,False
72202012839,1/29/2019,25.78805,-80.31694,1.4,MIAMI INTERNATIONAL AIRPORT - FL US,57.0,46.7,1016.9,15.9,10.0,5.1,8.0,999.9,70.0,50.0,0.06,999.9,FLAG_ANOMALY_STP,False,False,False,False,False,False
72202012839,1/30/2019,25.78805,-80.31694,1.4,MIAMI INTERNATIONAL AIRPORT - FL US,62.3,51.7,1018.5,17.5,10.0,2.7,8.0,999.9,72.0,50.0,0.0,999.9,FLAG_ANOMALY_STP,False,False,False,False,False,False
72202012839,1/31/2019,25.78805,-80.31694,1.4,MIAMI INTERNATIONAL AIRPORT - FL US,65.5,59.2,1021.9,21.0,10.0,6.3,14.0,999.9,75.9,54.0,0.0,999.9,FLAG_ANOMALY_STP,False,True,False,False,False,False
72202012839,2/1/2019,25.78805,-80.31694,1.4,MIAMI INTERNATIONAL AIRPORT - FL US,70.7,65.7,1021.3,20.4,10.0,5.2,12.0,15.9,79.0,57.9,0.01,999.9,FLAG_ANOMALY_STP,False,True,False,False,False,False
72202012839,2/2/2019,25.78805,-80.31694,1.4,MIAMI INTERNATIONAL AIRPORT - FL US,74.2,68.4,1019.6,18.7,10.0,7.9,12.0,19.0,81.0,62.1,0.0,999.9,FLAG_ANOMALY_STP,False,True,False,False,False,False
72202012839,2/3/2019,25.78805,-80.31694,1.4,MIAMI INTERNATIONAL AIRPORT - FL US,74.1,67.5,1016.5,15.4,9.7,3.3,7.0,999.9,82.9,66.0,0.0,999.9,FLAG_ANOMALY_STP,False,True,False,False,False,False
72202012839,2/4/2019,25.78805,-80.31694,1.4,MIAMI INTERNATIONAL AIRPORT - FL US,71.7,65.2,1016.4,15.3,9.7,4.7,8.0,999.9,82.9,66.0,0.0,999.9,FLAG_ANOMALY_STP,True,False,False,False,False,False
72202012839,2/5/2019,25.78805,-80.31694,1.4,MIAMI INTERNATIONAL AIRPORT - FL US,71.0,63.6,1018.0,17.0,10.0,3.8,9.9,999.9,80.1,64.0,0.0,999.9,FLAG_ANOMALY_STP,False,False,False,False,False,False
72202012839,2/6/2019,25.78805,-80.31694,1.4,MIAMI INTERNATIONAL AIRPORT - FL US,71.6,62.5,1020.1,19.1,10.0,5.2,11.1,17.1,80.1,63.0,0.0,999.9,FLAG_ANOMALY_STP,False,False,False,False,False,False
72202012839,2/7/2019,25.78805,-80.31694,1.4,MIAMI INTERNATIONAL AIRPORT - FL US,71.7,60.8,1020.6,19.6,10.0,6.5,13.0,17.1,79.0,63.0,0.0,999.9,FLAG_ANOMALY_STP,False,False,False,False,False,False
72202012839,2/8/2019,25.78805,-80.31694,1.4,MIAMI INTERNATIONAL AIRPORT - FL US,73.0,63.6,1021.5,20.4,10.0,5.8,13.0,15.9,81.0,63.0,0.0,999.9,FLAG_ANOMALY_STP,False,False,False,False,False,False
72202012839,2/9/2019,25.78805,-80.31694,1.4,MIAMI INTERNATIONAL AIRPORT - FL US,72.6,65.4,1023.6,22.6,9.6,6.6,17.1,24.1,81.0,64.9,0.0,999.9,FLAG_ANOMALY_STP,False,True,False,False,False,False
72202012839,2/10/2019,25.78805,-80.31694,1.4,MIAMI INTERNATIONAL AIRPORT - FL US,74.8,65.0,1023.6,22.6,10.0,11.3,20.0,25.1,81.0,68.0,0.17,999.9,FLAG_ANOMALY_STP,False,True,False,False,False,False
72202012839,2/11/2019,25.78805,-80.31694,1.4,MIAMI INTERNATIONAL AIRPORT - FL US,74.4,68.6,1020.7,19.7,9.9,11.1,15.9,20.0,81.0,71.1,0.0,999.9,FLAG_ANOMALY_STP,False,True,False,False,False,False
72202012839,2/12/2019,25.78805,-80.31694,1.4,MIAMI INTERNATIONAL AIRPORT - FL US,76.3,71.7,1018.4,17.5,9.9,9.7,15.0,25.1,82.0,72.0,0.06,999.9,FLAG_ANOMALY_STP,False,True,False,False,False,False
72202012839,2/13/2019,25.78805,-80.31694,1.4,MIAMI INTERNATIONAL AIRPORT - FL US,70.7,68.9,1016.3,15.5,8.9,6.5,12.0,19.0,82.0,62.1,0.0,999.9,FLAG_ANOMALY_STP,False,True,False,False,False,False
72202012839,2/14/2019,25.78805,-80.31694,1.4,MIAMI INTERNATIONAL AIRPORT - FL US,65.8,58.7,1016.7,15.7,10.0,7.9,13.0,19.0,78.1,57.0,0.76,999.9,FLAG_ANOMALY_STP,False,True,False,False,False,False
72202012839,2/15/2019,25.78805,-80.31694,1.4,MIAMI INTERNATIONAL AIRPORT - FL US,71.2,65.0,1015.2,14.1,9.7,4.1,8.9,999.9,81.0,57.0,0.0,999.9,FLAG_ANOMALY_STP,False,False,False,False,False,False
72202012839,2/16/2019,25.78805,-80.31694,1.4,MIAMI INTERNATIONAL AIRPORT - FL US,72.0,62.6,1014.0,13.0,10.0,4.3,11.1,22.0,81.0,61.0,0.0,999.9,FLAG_ANOMALY_STP,False,False,False,False,False,False
72202012839,2/17/2019,25.78805,-80.31694,1.4,MIAMI INTERNATIONAL AIRPORT - FL US,74.7,69.0,1015.3,14.3,10.0,5.7,14.0,22.9,82.9,61.0,0.0,999.9,FLAG_ANOMALY_STP,False,True,False,False,False,False
72202012839,2/18/2019,25.78805,-80.31694,1.4,MIAMI INTERNATIONAL AIRPORT - FL US,78.7,74.5,1018.3,17.2,10.0,7.7,12.0,19.0,84.9,66.0,0.0,999.9,FLAG_ANOMALY_STP,False,False,False,False,False,False
72202012839,2/19/2019,25.78805,-80.31694,1.4,MIAMI INTERNATIONAL AIRPORT - FL US,78.4,72.2,1021.3,20.3,10.0,9.6,17.1,24.1,84.9,73.9,0.0,999.9,FLAG_ANOMALY_STP,False,False,False,False,False,False
72202012839,2/20/2019,25.78805,-80.31694,1.4,MIAMI INTERNATIONAL AIRPORT - FL US,77.9,71.2,1019.5,18.6,9.7,13.1,19.0,28.0,84.9,73.0,0.36,999.9,FLAG_ANOMALY_STP,False,True,False,False,False,False
72202012839,2/21/2019,25.78805,-80.31694,1.4,MIAMI INTERNATIONAL AIRPORT - FL US,78.0,71.0,1019.3,18.4,10.0,10.1,15.9,24.1,84.0,75.0,0.01,999.9,FLAG_ANOMALY_STP,False,True,False,False,False,False
72202012839,2/22/2019,25.78805,-80.31694,1.4,MIAMI INTERNATIONAL AIRPORT - FL US,77.9,71.4,1020.3,19.3,10.0,8.5,12.0,999.9,84.9,73.9,0.0,999.9,FLAG_ANOMALY_STP,False,False,False,False,False,False
72202012839,2/23/2019,25.78805,-80.31694,1.4,MIAMI INTERNATIONAL AIRPORT - FL US,78.8,72.8,1020.4,19.5,10.0,10.4,17.1,24.1,84.9,73.9,0.0,999.9,FLAG_ANOMALY_STP,False,False,False,False,False,False
72202012839,2/24/2019,25.78805,-80.31694,1.4,MIAMI INTERNATIONAL AIRPORT - FL US,78.5,72.5,1019.5,18.5,10.0,6.7,12.0,18.1,84.9,73.0,0.0,999.9,FLAG_ANOMALY_STP,False,False,False,False,False,False
72202012839,2/25/2019,25.78805,-80.31694,1.4,MIAMI INTERNATIONAL AIRPORT - FL US,76.6,70.6,1021.4,20.4,8.7,5.8,15.0,22.0,84.9,70.0,0.0,999.9,FLAG_ANOMALY_STP,False,False,False,False,False,False
72202012839,2/26/2019,25.78805,-80.31694,1.4,MIAMI INTERNATIONAL AIRPORT - FL US,76.6,68.2,1023.3,22.2,10.0,11.5,15.9,19.0,84.0,70.0,0.0,999.9,FLAG_ANOMALY_STP,False,True,False,False,False,False
72202012839,2/27/2019,25.78805,-80.31694,1.4,MIAMI INTERNATIONAL AIRPORT - FL US,75.9,70.1,1020.0,19.2,9.9,6.9,13.0,15.0,84.0,70.0,0.0,999.9,FLAG_ANOMALY_STP,False,True,False,False,False,False
72202012839,2/28/2019,25.78805,-80.31694,1.4,MIAMI INTERNATIONAL AIRPORT - FL US,74.9,66.8,1017.8,16.8,10.0,4.6,8.0,999.9,84.0,68.0,0.18,999.9,FLAG_ANOMALY_STP,False,False,False,False,False,False
72202012839,3/1/2019,25.78805,-80.31694,1.4,MIAMI INTERNATIONAL AIRPORT - FL US,74.9,66.4,1019.1,18.2,9.9,4.0,9.9,15.9,82.9,66.9,0.0,999.9,FLAG_ANOMALY_STP,False,False,False,False,False,False
72202012839,3/2/2019,25.78805,-80.31694,1.4,MIAMI INTERNATIONAL AIRPORT - FL US,75.8,66.8,1019.5,18.4,10.0,4.3,9.9,17.1,84.9,66.9,0.0,999.9,FLAG_ANOMALY_STP,False,False,False,False,False,False
72202012839,3/3/2019,25.78805,-80.31694,1.4,MIAMI INTERNATIONAL AIRPORT - FL US,77.5,70.5,1017.0,15.9,10.0,7.1,13.0,21.0,84.9,66.9,0.01,999.9,FLAG_ANOMALY_STP,False,False,False,False,False,False
72202012839,3/4/2019,25.78805,-80.31694,1.4,MIAMI INTERNATIONAL AIRPORT - FL US,78.2,67.6,1014.9,13.9,10.0,5.7,9.9,18.1,89.1,69.1,0.0,999.9,FLAG_ANOMALY_STP,False,False,False,False,False,False
72202012839,3/5/2019,25.78805,-80.31694,1.4,MIAMI INTERNATIONAL AIRPORT - FL US,77.1,69.7,1016.6,15.5,9.3,6.2,12.0,22.0,89.1,69.1,0.0,999.9,FLAG_ANOMALY_STP,False,True,False,False,False,False
72202012839,3/6/2019,25.78805,-80.31694,1.4,MIAMI INTERNATIONAL AIRPORT - FL US,64.4,50.0,1022.6,21.4,10.0,8.8,13.0,21.0,72.0,54.0,0.0,999.9,FLAG_ANOMALY_STP,False,False,False,False,False,False
72202012839,3/7/2019,25.78805,-80.31694,1.4,MIAMI INTERNATIONAL AIRPORT - FL US,63.4,51.0,1024.6,23.6,10.0,8.0,15.0,22.0,75.0,54.0,0.0,999.9,FLAG_ANOMALY_STP,False,False,False,False,False,False
72202012839,3/8/2019,25.78805,-80.31694,1.4,MIAMI INTERNATIONAL AIRPORT - FL US,71.5,58.9,1021.8,20.8,10.0,8.1,15.9,21.0,80.1,55.0,0.0,999.9,FLAG_ANOMALY_STP,False,False,False,False,False,False
72202012839,3/9/2019,25.78805,-80.31694,1.4,MIAMI INTERNATIONAL AIRPORT - FL US,75.5,66.5,1019.0,17.9,10.0,10.1,17.1,22.9,84.0,62.1,0.0,999.9,FLAG_ANOMALY_STP,False,True,False,False,False,False
72202012839,3/10/2019,25.78805,-80.31694,1.4,MIAMI INTERNATIONAL AIRPORT - FL US,77.5,70.2,1020.3,19.3,9.6,10.9,15.0,21.0,84.0,69.1,0.0,999.9,FLAG_ANOMALY_STP,False,True,False,False,False,False
72202012839,3/11/2019,25.78805,-80.31694,1.4,MIAMI INTERNATIONAL AIRPORT - FL US,77.4,70.1,1021.6,20.6,10.0,7.1,12.0,15.0,84.9,71.1,0.0,999.9,FLAG_ANOMALY_STP,False,False,False,False,False,False
72202012839,3/12/2019,25.78805,-80.31694,1.4,MIAMI INTERNATIONAL AIRPORT - FL US,76.9,69.6,1020.1,19.1,10.0,4.9,11.1,22.0,86.0,69.1,0.0,999.9,FLAG_ANOMALY_STP,False,False,False,False,False,False
72202012839,3/13/2019,25.78805,-80.31694,1.4,MIAMI INTERNATIONAL AIRPORT - FL US,76.7,66.9,1019.2,18.1,10.0,11.0,17.1,22.9,86.0,69.1,0.0,999.9,FLAG_ANOMALY_STP,False,False,False,False,False,False
72202012839,3/14/2019,25.78805,-80.31694,1.4,MIAMI INTERNATIONAL AIRPORT - FL US,76.1,65.5,1019.5,18.4,10.0,12.7,15.0,22.9,82.0,73.0,0.0,999.9,FLAG_ANOMALY_STP,False,False,False,False,False,False
72202012839,3/15/2019,25.78805,-80.31694,1.4,MIAMI INTERNATIONAL AIRPORT - FL US,76.8,68.7,1019.6,18.5,10.0,10.7,15.0,22.0,82.0,73.0,0.0,999.9,FLAG_ANOMALY_STP,False,False,False,False,False,False
72202012839,3/16/2019,25.78805,-80.31694,1.4,MIAMI INTERNATIONAL AIRPORT - FL US,76.0,67.2,1019.3,18.2,10.0,5.8,12.0,999.9,84.0,70.0,0.0,999.9,FLAG_ANOMALY_STP,False,False,False,False,False,False
72202012839,3/17/2019,25.78805,-80.31694,1.4,MIAMI INTERNATIONAL AIRPORT - FL US,75.4,68.4,1017.5,16.6,9.7,4.4,8.9,999.9,86.0,70.0,0.09,999.9,FLAG_ANOMALY_STP,False,True,False,False,False,False
72202012839,3/18/2019,25.78805,-80.31694,1.4,MIAMI INTERNATIONAL AIRPORT - FL US,73.4,67.8,1016.5,15.4,10.0,4.7,8.0,999.9,86.0,68.0,0.12,999.9,FLAG_ANOMALY_STP,False,True,False,False,False,False
72202012839,3/19/2019,25.78805,-80.31694,1.4,MIAMI INTERNATIONAL AIRPORT - FL US,69.3,66.6,1016.1,15.4,8.7,6.7,12.0,19.0,81.0,64.9,0.08,999.9,FLAG_ANOMALY_STP,False,True,False,False,False,False
72202012839,3/20/2019,25.78805,-80.31694,1.4,MIAMI INTERNATIONAL AIRPORT - FL US,69.2,64.7,1015.2,14.3,8.5,6.5,12.0,18.1,80.1,64.0,0.95,999.9,FLAG_ANOMALY_STP,False,True,False,False,False,False
72202012839,3/21/2019,25.78805,-80.31694,1.4,MIAMI INTERNATIONAL AIRPORT - FL US,70.1,62.5,1014.9,13.9,10.0,6.5,11.1,15.0,80.1,63.0,0.01,999.9,FLAG_ANOMALY_STP,False,True,False,False,False,False
72202012839,3/22/2019,25.78805,-80.31694,1.4,MIAMI INTERNATIONAL AIRPORT - FL US,67.1,48.2,1017.4,16.4,10.0,6.9,9.9,17.1,79.0,59.0,0.0,999.9,FLAG_ANOMALY_STP,False,False,False,False,False,False
72202012839,3/23/2019,25.78805,-80.31694,1.4,MIAMI INTERNATIONAL AIRPORT - FL US,68.0,50.0,1020.7,19.6,10.0,5.1,8.9,15.9,79.0,59.0,0.0,999.9,FLAG_ANOMALY_STP,False,False,False,False,False,False
72202012839,3/24/2019,25.78805,-80.31694,1.4,MIAMI INTERNATIONAL AIRPORT - FL US,73.0,56.5,1022.4,21.3,10.0,9.2,17.1,22.0,80.1,59.0,0.0,999.9,FLAG_ANOMALY_STP,False,False,False,False,False,False
72202012839,3/25/2019,25.78805,-80.31694,1.4,MIAMI INTERNATIONAL AIRPORT - FL US,74.4,63.5,1019.5,18.5,9.9,6.9,13.0,999.9,84.0,66.0,0.0,999.9,FLAG_ANOMALY_STP,False,True,False,False,True,False
72202012839,3/26/2019,25.78805,-80.31694,1.4,MIAMI INTERNATIONAL AIRPORT - FL US,75.8,64.0,1016.2,15.4,10.0,5.0,11.1,17.1,86.0,68.0,0.42,999.9,FLAG_ANOMALY_STP,False,False,False,False,False,False
72202012839,3/27/2019,25.78805,-80.31694,1.4,MIAMI INTERNATIONAL AIRPORT - FL US,71.8,58.8,1015.8,14.8,10.0,8.1,13.0,19.0,86.0,64.0,0.0,999.9,FLAG_ANOMALY_STP,False,False,False,False,False,False
72202012839,3/28/2019,25.78805,-80.31694,1.4,MIAMI INTERNATIONAL AIRPORT - FL US,67.7,59.1,1019.0,18.0,9.0,9.5,19.0,26.0,80.1,62.1,0.0,999.9,FLAG_ANOMALY_STP,False,True,False,False,False,False
72202012839,3/29/2019,25.78805,-80.31694,1.4,MIAMI INTERNATIONAL AIRPORT - FL US,70.9,60.2,1019.7,18.8,9.9,7.0,15.0,22.9,79.0,62.1,0.13,999.9,FLAG_ANOMALY_STP,False,True,False,False,False,False
72202012839,3/30/2019,25.78805,-80.31694,1.4,MIAMI INTERNATIONAL AIRPORT - FL US,72.3,59.0,1018.0,17.0,10.0,5.5,12.0,17.1,80.1,62.1,0.1,999.9,FLAG_ANOMALY_STP,False,False,False,False,False,False
72202012839,3/31/2019,25.78805,-80.31694,1.4,MIAMI INTERNATIONAL AIRPORT - FL US,74.2,63.6,1016.9,15.8,10.0,6.8,15.0,19.0,82.9,62.1,0.0,999.9,FLAG_ANOMALY_STP,False,False,False,False,False,False
72202012839,4/1/2019,25.78805,-80.31694,1.4,MIAMI INTERNATIONAL AIRPORT - FL US,75.9,63.4,1017.3,16.3,10.0,5.8,15.0,19.0,84.0,66.0,0.0,999.9,FLAG_ANOMALY_STP,False,False,False,False,False,False
72202012839,4/2/2019,25.78805,-80.31694,1.4,MIAMI INTERNATIONAL AIRPORT - FL US,77.0,63.2,1017.7,16.7,10.0,5.4,14.0,20.0,89.1,66.0,0.0,999.9,FLAG_ANOMALY_STP,False,False,False,False,False,False
72202012839,4/3/2019,25.78805,-80.31694,1.4,MIAMI INTERNATIONAL AIRPORT - FL US,76.2,67.7,1021.3,20.3,10.0,8.2,15.9,21.0,89.1,66.0,0.0,999.9,FLAG_ANOMALY_STP,False,False,False,False,False,False
72202012839,4/4/2019,25.78805,-80.31694,1.4,MIAMI INTERNATIONAL AIRPORT - FL US,74.2,68.8,1022.4,22.0,8.1,9.4,15.0,21.0,82.9,69.1,0.12,999.9,FLAG_ANOMALY_STP,False,True,False,False,False,False
72202012839,4/5/2019,25.78805,-80.31694,1.4,MIAMI INTERNATIONAL AIRPORT - FL US,77.0,68.9,1019.9,19.0,10.0,8.6,14.0,20.0,82.0,69.1,1.47,999.9,FLAG_ANOMALY_STP,False,False,False,False,False,False
72202012839,4/6/2019,25.78805,-80.31694,1.4,MIAMI INTERNATIONAL AIRPORT - FL US,77.8,69.3,1019.8,18.7,10.0,6.7,13.0,19.0,84.9,70.0,0.0,999.9,FLAG_ANOMALY_STP,False,False,False,False,False,False
72202012839,4/7/2019,25.78805,-80.31694,1.4,MIAMI INTERNATIONAL AIRPORT - FL US,78.8,69.9,1020.3,19.3,10.0,10.4,13.0,999.9,84.9,70.0,0.0,999.9,FLAG_ANOMALY_STP,False,False,False,False,False,False
72202012839,4/8/2019,25.78805,-80.31694,1.4,MIAMI INTERNATIONAL AIRPORT - FL US,79.2,70.0,1018.2,17.3,10.0,12.0,15.9,21.0,84.9,75.0,0.0,999.9,FLAG_ANOMALY_STP,False,False,False,False,False,False
72202012839,4/9/2019,25.78805,-80.31694,1.4,MIAMI INTERNATIONAL AIRPORT - FL US,76.7,70.6,1013.8,12.8,9.7,7.4,13.0,17.1,81.0,71.6,0.0,999.9,FLAG_ANOMALY_STP,False,True,False,False,True,False
72202012839,4/10/2019,25.78805,-80.31694,1.4,MIAMI INTERNATIONAL AIRPORT - FL US,75.7,66.6,1009.9,8.9,10.0,6.9,12.0,22.0,84.9,64.0,0.43,999.9,FLAG_ANOMALY_STP,False,True,False,False,False,False
72202012839,4/11/2019,25.78805,-80.31694,1.4,MIAMI INTERNATIONAL AIRPORT - FL US,76.1,65.6,1011.1,10.1,10.0,5.4,13.0,19.0,84.9,69.1,0.0,999.9,FLAG_ANOMALY_STP,False,False,False,False,False,False
72202012839,4/12/2019,25.78805,-80.31694,1.4,MIAMI INTERNATIONAL AIRPORT - FL US,78.2,69.2,1014.5,13.5,10.0,7.5,14.0,20.0,86.0,69.1,0.0,999.9,FLAG_ANOMALY_STP,False,False,False,False,False,False
72202012839,4/13/2019,25.78805,-80.31694,1.4,MIAMI INTERNATIONAL AIRPORT - FL US,79.7,71.0,1015.8,14.7,10.0,10.3,14.0,22.0,86.0,69.1,0.0,999.9,FLAG_ANOMALY_STP,False,False,False,False,False,False
72202012839,4/14/2019,25.78805,-80.31694,1.4,MIAMI INTERNATIONAL AIRPORT - FL US,81.1,72.6,1014.2,13.2,10.0,11.9,15.9,25.1,87.1,75.9,0.0,999.9,FLAG_ANOMALY_STP,False,False,False,False,False,False
72202012839,4/15/2019,25.78805,-80.31694,1.4,MIAMI INTERNATIONAL AIRPORT - FL US,81.3,72.8,1014.8,13.8,9.9,7.5,11.1,18.1,87.1,75.2,0.0,999.9,FLAG_ANOMALY_STP,False,True,False,False,False,False
72202012839,4/16/2019,25.78805,-80.31694,1.4,MIAMI INTERNATIONAL AIRPORT - FL US,77.7,61.0,1018.8,17.7,10.0,6.5,15.9,21.0,88.0,70.0,0.0,999.9,FLAG_ANOMALY_STP,False,False,False,False,False,False
72202012839,4/17/2019,25.78805,-80.31694,1.4,MIAMI INTERNATIONAL AIRPORT - FL US,76.4,60.2,1018.7,17.7,10.0,8.4,14.0,21.0,82.9,70.0,0.0,999.9,FLAG_ANOMALY_STP,False,False,False,False,False,False
72202012839,4/18/2019,25.78805,-80.31694,1.4,MIAMI INTERNATIONAL AIRPORT - FL US,78.9,68.6,1015.8,14.9,10.0,11.3,19.0,24.1,86.0,70.0,0.02,999.9,FLAG_ANOMALY_STP,False,False,False,False,False,False
72202012839,4/19/2019,25.78805,-80.31694,1.4,MIAMI INTERNATIONAL AIRPORT - FL US,81.0,71.0,1012.9,12.0,10.0,12.5,19.0,27.0,90.0,73.0,0.09,999.9,FLAG_ANOMALY_STP,False,True,False,False,False,False
72202012839,4/20/2019,25.78805,-80.31694,1.4,MIAMI INTERNATIONAL AIRPORT - FL US,75.0,61.2,1014.5,13.2,9.2,7.7,15.9,27.0,90.0,69.1,0.91,999.9,FLAG_ANOMALY_STP,True,True,False,False,True,False
72202012839,4/21/2019,25.78805,-80.31694,1.4,MIAMI INTERNATIONAL AIRPORT - FL US,70.8,53.0,1018.7,17.8,10.0,4.3,8.9,999.9,82.9,60.1,0.0,999.9,FLAG_ANOMALY_STP,False,False,False,False,False,False
72202012839,4/22/2019,25.78805,-80.31694,1.4,MIAMI INTERNATIONAL AIRPORT - FL US,74.2,56.8,1020.1,19.0,10.0,6.7,11.1,18.1,81.0,60.1,0.0,999.9,FLAG_ANOMALY_STP,False,False,False,False,False,False
72202012839,4/23/2019,25.78805,-80.31694,1.4,MIAMI INTERNATIONAL AIRPORT - FL US,74.9,57.4,1018.9,17.8,10.0,6.6,12.0,20.0,82.9,68.0,0.0,999.9,FLAG_ANOMALY_STP,False,False,False,False,False,False
72202012839,4/24/2019,25.78805,-80.31694,1.4,MIAMI INTERNATIONAL AIRPORT - FL US,74.9,59.9,1017.0,16.0,10.0,4.5,9.9,17.1,82.9,66.9,0.0,999.9,FLAG_ANOMALY_STP,False,False,False,False,False,False
72202012839,4/25/2019,25.78805,-80.31694,1.4,MIAMI INTERNATIONAL AIRPORT - FL US,76.7,65.9,1015.6,14.7,10.0,7.5,15.0,20.0,86.0,66.9,0.0,999.9,FLAG_ANOMALY_STP,False,False,False,False,False,False
72202012839,4/26/2019,25.78805,-80.31694,1.4,MIAMI INTERNATIONAL AIRPORT - FL US,80.1,67.6,1014.2,13.1,10.0,8.1,15.0,22.9,90.0,70.0,0.0,999.9,FLAG_ANOMALY_STP,False,False,False,False,False,False
72202012839,4/27/2019,25.78805,-80.31694,1.4,MIAMI INTERNATIONAL AIRPORT - FL US,77.1,67.0,1014.6,13.6,10.0,6.8,13.0,17.1,90.0,68.0,0.0,999.9,FLAG_ANOMALY_STP,False,False,False,False,False,False
72202012839,4/28/2019,25.78805,-80.31694,1.4,MIAMI INTERNATIONAL AIRPORT - FL US,78.4,68.1,1016.1,15.2,10.0,6.2,14.0,21.0,86.0,68.0,0.0,999.9,FLAG_ANOMALY_STP,False,False,False,False,False,False
72202012839,4/29/2019,25.78805,-80.31694,1.4,MIAMI INTERNATIONAL AIRPORT - FL US,79.7,69.9,1018.1,17.2,10.0,7.3,13.0,20.0,86.0,71.1,0.0,999.9,FLAG_ANOMALY_STP,False,False,False,False,False,False
72202012839,4/30/2019,25.78805,-80.31694,1.4,MIAMI INTERNATIONAL AIRPORT - FL US,79.9,68.5,1020.1,19.1,9.8,11.8,19.0,25.1,86.0,73.0,0.12,999.9,FLAG_ANOMALY_STP,False,True,False,False,False,False
72202012839,5/1/2019,25.78805,-80.31694,1.4,MIAMI INTERNATIONAL AIRPORT - FL US,78.7,67.4,1019.2,18.2,9.7,13.7,20.0,28.9,86.0,73.0,0.1,999.9,FLAG_ANOMALY_STP,False,True,False,False,False,False
72202012839,5/2/2019,25.78805,-80.31694,1.4,MIAMI INTERNATIONAL AIRPORT - FL US,78.0,71.8,1016.6,15.6,9.9,8.3,15.9,22.9,84.9,73.0,0.25,999.9,FLAG_ANOMALY_STP,False,True,False,False,True,False
72202012839,5/3/2019,25.78805,-80.31694,1.4,MIAMI INTERNATIONAL AIRPORT - FL US,80.7,72.9,1016.4,15.4,10.0,8.1,15.0,21.0,88.0,73.0,0.02,999.9,FLAG_ANOMALY_STP,False,True,False,False,True,False
72202012839,5/4/2019,25.78805,-80.31694,1.4,MIAMI INTERNATIONAL AIRPORT - FL US,81.6,73.2,1015.6,14.5,10.0,7.1,14.0,22.9,88.0,75.0,0.14,999.9,FLAG_ANOMALY_STP,False,True,False,False,True,False
72202012839,5/5/2019,25.78805,-80.31694,1.4,MIAMI INTERNATIONAL AIRPORT - FL US,83.1,72.6,1013.9,12.6,9.7,8.4,24.1,31.1,91.0,72.0,0.0,999.9,FLAG_ANOMALY_STP,True,True,False,False,True,False
72202012839,5/6/2019,25.78805,-80.31694,1.4,MIAMI INTERNATIONAL AIRPORT - FL US,78.8,71.1,1015.1,14.1,9.7,5.9,15.9,28.0,89.1,71.6,1.31,999.9,FLAG_ANOMALY_STP,False,True,False,False,True,False
72202012839,5/7/2019,25.78805,-80.31694,1.4,MIAMI INTERNATIONAL AIRPORT - FL US,79.0,71.9,1016.6,15.7,9.9,2.6,13.0,17.1,90.0,72.0,0.87,999.9,FLAG_ANOMALY_STP,False,True,False,False,True,False
72202012839,5/8/2019,25.78805,-80.31694,1.4,MIAMI INTERNATIONAL AIRPORT - FL US,81.7,70.8,1015.9,14.8,10.0,6.1,15.0,999.9,88.0,73.0,1.01,999.9,FLAG_ANOMALY_STP,False,False,False,False,False,False
72202012839,5/9/2019,25.78805,-80.31694,1.4,MIAMI INTERNATIONAL AIRPORT - FL US,82.6,71.3,1015.3,14.2,10.0,8.5,14.0,22.0,89.1,75.9,0.0,999.9,FLAG_ANOMALY_STP,False,True,False,False,False,False
72202012839,5/10/2019,25.78805,-80.31694,1.4,MIAMI INTERNATIONAL AIRPORT - FL US,81.6,72.1,1015.3,14.4,9.7,7.4,13.0,20.0,89.1,75.0,0.18,999.9,FLAG_ANOMALY_STP,False,True,False,False,False,False
72202012839,5/11/2019,25.78805,-80.31694,1.4,MIAMI INTERNATIONAL AIRPORT - FL US,82.7,71.7,1015.1,14.2,10.0,8.4,14.0,21.0,88.0,75.0,0.01,999.9,FLAG_ANOMALY_STP,False,False,False,False,False,False
72202012839,5/12/2019,25.78805,-80.31694,1.4,MIAMI INTERNATIONAL AIRPORT - FL US,82.2,72.7,1013.9,12.8,9.8,7.1,15.0,22.0,90.0,72.0,0.09,999.9,FLAG_ANOMALY_STP,False,True,False,False,True,False
72202012839,5/13/2019,25.78805,-80.31694,1.4,MIAMI INTERNATIONAL AIRPORT - FL US,83.0,72.5,1013.4,12.2,9.8,6.3,15.9,34.0,93.9,72.0,0.5,999.9,FLAG_ANOMALY_STP,False,True,False,False,True,False
72202012839,5/14/2019,25.78805,-80.31694,1.4,MIAMI INTERNATIONAL AIRPORT - FL US,83.4,72.7,1013.6,12.6,10.0,5.9,13.0,19.0,95.0,75.9,0.2,999.9,FLAG_ANOMALY_STP,False,True,False,False,True,False
72202012839,5/15/2019,25.78805,-80.31694,1.4,MIAMI INTERNATIONAL AIRPORT - FL US,81.8,68.1,1014.3,13.3,10.0,4.9,8.9,999.9,95.0,75.9,0.0,999.9,FLAG_ANOMALY_STP,False,False,False,False,False,False
72202012839,5/16/2019,25.78805,-80.31694,1.4,MIAMI INTERNATIONAL AIRPORT - FL US,79.9,68.7,1015.1,14.3,10.0,6.9,15.0,19.0,87.1,75.9,0.0,999.9,FLAG_ANOMALY_STP,False,True,False,False,False,False
72202012839,5/17/2019,25.78805,-80.31694,1.4,MIAMI INTERNATIONAL AIRPORT - FL US,79.9,65.6,1015.9,14.9,10.0,7.3,14.0,20.0,87.1,75.0,0.01,999.9,FLAG_ANOMALY_STP,False,False,False,False,False,False
72202012839,5/18/2019,25.78805,-80.31694,1.4,MIAMI INTERNATIONAL AIRPORT - FL US,80.5,67.2,1015.6,14.6,10.0,7.7,14.0,20.0,88.0,73.0,0.0,999.9,FLAG_ANOMALY_STP,False,False,False,False,False,False
72202012839,5/19/2019,25.78805,-80.31694,1.4,MIAMI INTERNATIONAL AIRPORT - FL US,82.7,69.7,1015.7,14.7,10.0,9.1,15.0,18.1,89.1,73.0,0.0,999.9,FLAG_ANOMALY_STP,False,False,False,False,False,False
72202012839,5/20/2019,25.78805,-80.31694,1.4,MIAMI INTERNATIONAL AIRPORT - FL US,81.2,70.1,1015.7,14.8,10.0,5.2,11.1,20.0,89.1,75.9,0.0,999.9,FLAG_ANOMALY_STP,False,True,False,False,False,False
72202012839,5/21/2019,25.78805,-80.31694,1.4,MIAMI INTERNATIONAL AIRPORT - FL US,83.1,68.9,1014.4,13.4,10.0,7.9,13.0,18.1,90.0,75.9,0.01,999.9,FLAG_ANOMALY_STP,False,False,False,False,False,False
72202012839,5/22/2019,25.78805,-80.31694,1.4,MIAMI INTERNATIONAL AIRPORT - FL US,82.4,66.4,1016.6,15.6,10.0,8.5,15.0,19.0,90.0,75.9,0.0,999.9,FLAG_ANOMALY_STP,False,False,False,False,False,False
72202012839,5/23/2019,25.78805,-80.31694,1.4,MIAMI INTERNATIONAL AIRPORT - FL US,82.8,68.0,1018.9,17.9,10.0,12.5,18.1,22.0,89.1,75.9,0.01,999.9,FLAG_ANOMALY_STP,False,True,False,False,False,False
72202012839,5/24/2019,25.78805,-80.31694,1.4,MIAMI INTERNATIONAL AIRPORT - FL US,81.0,63.9,1018.4,17.3,10.0,11.9,15.9,22.0,89.1,78.1,0.0,999.9,FLAG_ANOMALY_STP,False,False,False,False,False,False
72202012839,5/25/2019,25.78805,-80.31694,1.4,MIAMI INTERNATIONAL AIRPORT - FL US,80.8,64.0,1018.2,17.2,10.0,9.9,15.9,24.1,87.1,77.0,0.0,999.9,FLAG_ANOMALY_STP,False,False,False,False,False,False
72202012839,5/26/2019,25.78805,-80.31694,1.4,MIAMI INTERNATIONAL AIRPORT - FL US,82.4,66.9,1018.9,18.0,10.0,12.7,18.1,22.0,88.0,77.0,0.0,999.9,FLAG_ANOMALY_STP,False,False,False,False,False,False
72202012839,5/27/2019,25.78805,-80.31694,1.4,MIAMI INTERNATIONAL AIRPORT - FL US,82.6,68.2,1017.5,16.5,10.0,9.5,15.0,20.0,88.0,78.1,0.0,999.9,FLAG_ANOMALY_STP,False,False,False,False,False,False
72202012839,5/28/2019,25.78805,-80.31694,1.4,MIAMI INTERNATIONAL AIRPORT - FL US,81.3,65.3,1015.4,14.5,10.0,8.2,12.0,19.0,88.0,75.0,0.0,999.9,FLAG_ANOMALY_STP,False,False,False,False,False,False
72202012839,5/29/2019,25.78805,-80.31694,1.4,MIAMI INTERNATIONAL AIRPORT - FL US,81.8,67.8,1014.7,13.7,10.0,9.6,14.0,18.1,88.0,75.0,0.0,999.9,FLAG_ANOMALY_STP,False,False,False,False,False,False
72202012839,5/30/2019,25.78805,-80.31694,1.4,MIAMI INTERNATIONAL AIRPORT - FL US,83.0,70.7,1015.3,14.2,10.0,9.9,13.0,19.0,89.1,77.0,0.0,999.9,FLAG_ANOMALY_STP,False,False,False,False,False,False
72202012839,5/31/2019,25.78805,-80.31694,1.4,MIAMI INTERNATIONAL AIRPORT - FL US,84.2,72.9,1015.2,14.3,10.0,9.2,13.0,20.0,90.0,78.1,0.0,999.9,FLAG_ANOMALY_STP,False,False,False,False,False,False
72202012839,6/1/2019,25.78805,-80.31694,1.4,MIAMI INTERNATIONAL AIRPORT - FL US,84.6,71.2,1014.0,12.9,10.0,5.8,12.0,18.1,93.0,79.0,0.0,999.9,FLAG_ANOMALY_STP,False,False,False,False,False,False
72202012839,6/2/2019,25.78805,-80.31694,1.4,MIAMI INTERNATIONAL AIRPORT - FL US,84.7,71.4,1013.3,12.2,10.0,5.4,11.1,17.1,93.0,79.0,0.0,999.9,FLAG_ANOMALY_STP,False,False,False,False,False,False
72202012839,6/3/2019,25.78805,-80.31694,1.4,MIAMI INTERNATIONAL AIRPORT - FL US,86.0,72.4,1014.5,13.4,10.0,6.2,13.0,18.1,96.1,79.0,0.0,999.9,FLAG_ANOMALY_STP,False,False,False,False,False,False
72202012839,6/4/2019,25.78805,-80.31694,1.4,MIAMI INTERNATIONAL AIRPORT - FL US,84.8,73.4,1016.2,15.2,10.0,5.3,11.1,19.0,96.1,80.1,0.0,999.9,FLAG_ANOMALY_STP,False,True,False,False,True,False
72202012839,6/5/2019,25.78805,-80.31694,1.4,MIAMI INTERNATIONAL AIRPORT - FL US,85.1,72.3,1016.4,15.3,10.0,6.8,13.0,18.1,91.9,80.1,0.07,999.9,FLAG_ANOMALY_STP,False,False,False,False,False,False
72202012839,6/6/2019,25.78805,-80.31694,1.4,MIAMI INTERNATIONAL AIRPORT - FL US,84.2,72.4,1014.4,13.4,9.9,6.0,14.0,19.0,91.9,80.1,0.0,999.9,FLAG_ANOMALY_STP,False,True,False,False,False,False
72202012839,6/7/2019,25.78805,-80.31694,1.4,MIAMI INTERNATIONAL AIRPORT - FL US,84.6,72.1,1012.8,11.6,9.7,6.4,13.0,20.0,95.0,73.9,0.8,999.9,FLAG_ANOMALY_STP,True,True,False,False,True,False
72202012839,6/8/2019,25.78805,-80.31694,1.4,MIAMI INTERNATIONAL AIRPORT - FL US,81.7,74.2,1013.0,12.1,9.1,4.8,15.0,999.9,95.0,73.9,1.55,999.9,FLAG_ANOMALY_STP,False,True,False,False,True,False
72202012839,6/9/2019,25.78805,-80.31694,1.4,MIAMI INTERNATIONAL AIRPORT - FL US,81.3,74.8,1014.9,14.0,9.7,3.7,12.0,21.0,91.9,75.0,2.33,999.9,FLAG_ANOMALY_STP,False,True,False,False,True,False
72202012839,6/10/2019,25.78805,-80.31694,1.4,MIAMI INTERNATIONAL AIRPORT - FL US,80.9,73.1,1016.6,15.6,10.0,2.7,8.9,21.0,90.0,75.0,0.75,999.9,FLAG_ANOMALY_STP,False,True,False,False,True,False
72202012839,6/11/2019,25.78805,-80.31694,1.4,MIAMI INTERNATIONAL AIRPORT - FL US,84.3,72.9,1016.6,15.5,10.0,3.9,9.9,18.1,91.0,75.0,0.16,999.9,FLAG_ANOMALY_STP,False,True,False,False,True,False
72202012839,6/12/2019,25.78805,-80.31694,1.4,MIAMI INTERNATIONAL AIRPORT - FL US,82.9,72.9,1016.3,15.1,10.0,3.3,11.1,15.0,91.9,78.1,0.01,999.9,FLAG_ANOMALY_STP,False,True,False,False,True,False
72202012839,6/13/2019,25.78805,-80.31694,1.4,MIAMI INTERNATIONAL AIRPORT - FL US,82.8,73.4,1017.0,16.0,10.0,3.5,8.0,999.9,91.9,78.1,0.03,999.9,FLAG_ANOMALY_STP,False,True,False,False,True,False
72202012839,6/14/2019,25.78805,-80.31694,1.4,MIAMI INTERNATIONAL AIRPORT - FL US,81.5,72.2,1018.2,17.1,9.7,3.8,18.1,24.1,93.9,73.9,0.03,999.9,FLAG_ANOMALY_STP,False,True,False,False,True,False
72202012839,6/15/2019,25.78805,-80.31694,1.4,MIAMI INTERNATIONAL AIRPORT - FL US,80.8,73.3,1018.1,17.1,9.9,3.1,9.9,18.1,93.9,73.9,0.67,999.9,FLAG_ANOMALY_STP,False,True,False,False,True,False
72202012839,6/16/2019,25.78805,-80.31694,1.4,MIAMI INTERNATIONAL AIRPORT - FL US,78.5,71.8,1017.0,16.2,8.9,4.1,17.1,24.1,89.1,72.0,0.15,999.9,FLAG_ANOMALY_STP,True,True,False,False,True,False
72202012839,6/17/2019,25.78805,-80.31694,1.4,MIAMI INTERNATIONAL AIRPORT - FL US,79.4,73.1,1016.9,15.9,9.7,6.4,14.0,29.9,86.0,72.0,2.52,999.9,FLAG_ANOMALY_STP,False,True,False,False,True,False
72202012839,6/18/2019,25.78805,-80.31694,1.4,MIAMI INTERNATIONAL AIRPORT - FL US,80.7,71.7,1018.0,17.0,9.6,6.0,14.0,22.9,91.0,75.0,0.55,999.9,FLAG_ANOMALY_STP,False,True,False,False,True,False
72202012839,6/19/2019,25.78805,-80.31694,1.4,MIAMI INTERNATIONAL AIRPORT - FL US,82.0,73.2,1017.2,16.1,10.0,5.1,13.0,21.0,91.0,75.0,0.69,999.9,FLAG_ANOMALY_STP,False,True,False,False,True,False
72202012839,6/20/2019,25.78805,-80.31694,1.4,MIAMI INTERNATIONAL AIRPORT - FL US,85.9,75.4,1017.1,16.0,9.9,5.7,11.1,18.1,91.9,75.0,0.0,999.9,FLAG_ANOMALY_STP,False,False,False,False,False,False
72202012839,6/21/2019,25.78805,-80.31694,1.4,MIAMI INTERNATIONAL AIRPORT - FL US,86.5,74.2,1018.5,17.5,10.0,5.0,11.1,17.1,95.0,80.1,0.0,999.9,FLAG_ANOMALY_STP,False,False,False,False,False,False
72202012839,6/22/2019,25.78805,-80.31694,1.4,MIAMI INTERNATIONAL AIRPORT - FL US,86.9,74.5,1019.6,18.5,10.0,4.3,9.9,999.9,95.0,80.1,0.0,999.9,FLAG_ANOMALY_STP,False,False,False,False,False,False
72202012839,6/23/2019,25.78805,-80.31694,1.4,MIAMI INTERNATIONAL AIRPORT - FL US,87.3,74.0,1018.7,17.6,10.0,3.4,11.1,999.9,95.0,81.0,0.0,999.9,FLAG_ANOMALY_STP,False,True,False,False,True,False
72202012839,6/24/2019,25.78805,-80.31694,1.4,MIAMI INTERNATIONAL AIRPORT - FL US,87.0,72.0,1016.9,15.9,10.0,4.3,11.1,20.0,98.1,81.0,0.0,999.9,FLAG_ANOMALY_STP,False,True,False,False,True,False
72202012839,6/25/2019,25.78805,-80.31694,1.4,MIAMI INTERNATIONAL AIRPORT - FL US,87.4,72.1,1017.2,16.1,10.0,3.9,9.9,19.0,98.1,81.0,0.01,999.9,FLAG_ANOMALY_STP,False,True,False,False,True,False
72202012839,6/26/2019,25.78805,-80.31694,1.4,MIAMI INTERNATIONAL AIRPORT - FL US,87.0,70.9,1018.2,17.2,10.0,3.0,9.9,999.9,97.0,78.1,0.0,999.9,FLAG_ANOMALY_STP,False,True,False,False,True,False
72202012839,6/27/2019,25.78805,-80.31694,1.4,MIAMI INTERNATIONAL AIRPORT - FL US,84.5,70.9,1018.1,17.1,10.0,5.7,14.0,999.9,95.0,78.1,0.0,999.9,FLAG_ANOMALY_STP,False,True,False,False,True,False
72202012839,6/28/2019,25.78805,-80.31694,1.4,MIAMI INTERNATIONAL AIRPORT - FL US,84.0,72.7,1018.0,17.0,9.5,7.6,22.9,33.0,91.9,75.0,0.26,999.9,FLAG_ANOMALY_STP,True,True,False,False,True,False
72202012839,6/29/2019,25.78805,-80.31694,1.4,MIAMI INTERNATIONAL AIRPORT - FL US,81.5,72.6,1018.5,17.5,9.9,7.2,11.1,19.0,91.9,73.9,1.07,999.9,FLAG_ANOMALY_STP,False,True,False,False,True,False
72202012839,6/30/2019,25.78805,-80.31694,1.4,MIAMI INTERNATIONAL AIRPORT - FL US,83.2,73.6,1018.1,17.1,10.0,4.5,8.9,15.9,89.1,73.9,0.78,999.9,FLAG_ANOMALY_STP,False,True,False,False,True,False
72202012839,7/1/2019,25.78805,-80.31694,1.4,MIAMI INTERNATIONAL AIRPORT - FL US,85.1,72.2,1017.7,16.6,10.0,3.1,8.9,999.9,96.1,78.1,0.0,999.9,FLAG_ANOMALY_STP,False,False,False,False,False,False
72202012839,7/2/2019,25.78805,-80.31694,1.4,MIAMI INTERNATIONAL AIRPORT - FL US,86.7,74.2,1015.9,15.0,9.6,4.9,8.9,999.9,98.1,78.1,0.72,999.9,FLAG_ANOMALY_STP,False,True,False,False,True,False
72202012839,7/3/2019,25.78805,-80.31694,1.4,MIAMI INTERNATIONAL AIRPORT - FL US,85.8,75.0,1014.5,13.5,9.5,3.5,13.0,22.0,98.1,77.0,0.0,999.9,FLAG_ANOMALY_STP,False,True,False,False,True,False
72202012839,7/4/2019,25.78805,-80.31694,1.4,MIAMI INTERNATIONAL AIRPORT - FL US,86.3,74.2,1015.3,14.2,10.0,5.1,11.1,14.0,93.0,77.0,1.47,999.9,FLAG_ANOMALY_STP,False,False,False,False,False,False
72202012839,7/5/2019,25.78805,-80.31694,1.4,MIAMI INTERNATIONAL AIRPORT - FL US,86.7,73.8,1017.5,16.5,9.9,7.7,15.0,20.0,93.0,80.1,0.0,999.9,FLAG_ANOMALY_STP,False,False,False,False,False,False
72202012839,7/6/2019,25.78805,-80.31694,1.4,MIAMI INTERNATIONAL AIRPORT - FL US,83.4,73.4,1018.7,17.9,9.6,5.8,17.1,24.1,91.9,75.0,0.0,999.9,FLAG_ANOMALY_STP,False,True,False,False,True,False
72202012839,7/7/2019,25.78805,-80.31694,1.4,MIAMI INTERNATIONAL AIRPORT - FL US,83.5,74.0,1017.2,16.2,9.8,2.4,8.9,15.0,91.0,75.0,0.69,999.9,FLAG_ANOMALY_STP,False,True,False,False,True,False
72202012839,7/8/2019,25.78805,-80.31694,1.4,MIAMI INTERNATIONAL AIRPORT - FL US,80.7,72.0,1015.0,14.0,9.3,2.4,17.1,24.1,91.0,73.0,0.08,999.9,FLAG_ANOMALY_STP,True,True,False,False,True,False
72202012839,7/9/2019,25.78805,-80.31694,1.4,MIAMI INTERNATIONAL AIRPORT - FL US,81.8,71.3,1015.6,14.6,10.0,3.9,9.9,999.9,91.0,73.0,1.89,999.9,FLAG_ANOMALY_STP,False,False,False,False,False,False
72202012839,7/10/2019,25.78805,-80.31694,1.4,MIAMI INTERNATIONAL AIRPORT - FL US,84.9,72.4,1016.5,15.5,10.0,6.1,13.0,19.0,93.0,75.9,0.0,999.9,FLAG_ANOMALY_STP,False,False,False,False,False,False
72202012839,7/11/2019,25.78805,-80.31694,1.4,MIAMI INTERNATIONAL AIRPORT - FL US,84.3,71.8,1016.5,15.5,9.4,7.3,14.0,28.0,93.0,77.0,0.25,999.9,FLAG_ANOMALY_STP,False,True,False,False,True,False
72202012839,7/12/2019,25.78805,-80.31694,1.4,MIAMI INTERNATIONAL AIRPORT - FL US,83.1,71.8,1016.4,15.4,9.7,7.0,21.0,35.0,91.0,73.0,0.44,999.9,FLAG_ANOMALY_STP,False,True,False,False,True,False
72202012839,7/13/2019,25.78805,-80.31694,1.4,MIAMI INTERNATIONAL AIRPORT - FL US,86.4,74.6,1017.9,16.9,10.0,8.0,14.0,19.0,91.9,73.0,0.41,999.9,FLAG_ANOMALY_STP,False,False,False,False,False,False
72202012839,7/14/2019,25.78805,-80.31694,1.4,MIAMI INTERNATIONAL AIRPORT - FL US,87.3,73.7,1019.2,18.2,10.0,9.5,12.0,17.1,93.0,82.0,0.0,999.9,FLAG_ANOMALY_STP,False,False,False,False,False,False
72202012839,7/15/2019,25.78805,-80.31694,1.4,MIAMI INTERNATIONAL AIRPORT - FL US,86.7,72.6,1018.5,17.5,10.0,9.3,13.0,15.9,93.0,82.9,0.0,999.9,FLAG_ANOMALY_STP,False,True,False,False,False,False
72202012839,7/16/2019,25.78805,-80.31694,1.4,MIAMI INTERNATIONAL AIRPORT - FL US,86.3,73.2,1019.0,18.0,9.9,7.3,12.0,18.1,93.0,81.0,0.01,999.9,FLAG_ANOMALY_STP,False,True,False,False,False,False
72202012839,7/17/2019,25.78805,-80.31694,1.4,MIAMI INTERNATIONAL AIRPORT - FL US,86.8,72.3,1019.3,18.3,10.0,7.9,13.0,18.1,91.9,81.0,0.0,999.9,FLAG_ANOMALY_STP,False,False,False,False,False,False
72202012839,7/18/2019,25.78805,-80.31694,1.4,MIAMI INTERNATIONAL AIRPORT - FL US,86.7,72.3,1018.7,17.6,10.0,7.0,11.1,15.9,91.9,81.0,0.0,999.9,FLAG_ANOMALY_STP,False,False,False,False,False,False
72202012839,7/19/2019,25.78805,-80.31694,1.4,MIAMI INTERNATIONAL AIRPORT - FL US,85.9,72.8,1018.2,17.1,9.9,6.7,11.1,15.9,91.9,79.0,0.27,999.9,FLAG_ANOMALY_STP,False,True,False,False,False,False
72202012839,7/20/2019,25.78805,-80.31694,1.4,MIAMI INTERNATIONAL AIRPORT - FL US,84.8,72.7,1017.7,16.6,9.9,7.2,14.0,17.1,91.9,78.1,0.09,999.9,FLAG_ANOMALY_STP,False,True,False,False,True,False
72202012839,7/21/2019,25.78805,-80.31694,1.4,MIAMI INTERNATIONAL AIRPORT - FL US,85.2,72.5,1017.4,16.4,10.0,5.9,14.0,21.0,91.9,78.1,0.0,999.9,FLAG_ANOMALY_STP,False,False,False,False,False,False
72202012839,7/22/2019,25.78805,-80.31694,1.4,MIAMI INTERNATIONAL AIRPORT - FL US,84.3,71.5,1016.4,15.3,10.0,5.0,17.1,21.0,93.0,78.1,0.0,999.9,FLAG_ANOMALY_STP,False,True,False,False,True,False
72202012839,7/23/2019,25.78805,-80.31694,1.4,MIAMI INTERNATIONAL AIRPORT - FL US,82.4,72.0,1015.4,14.3,9.5,5.4,25.1,42.0,93.0,73.9,0.0,999.9,FLAG_ANOMALY_STP,True,True,False,False,True,False
72202012839,7/24/2019,25.78805,-80.31694,1.4,MIAMI INTERNATIONAL AIRPORT - FL US,84.2,74.9,1015.3,14.2,10.0,6.9,15.9,22.0,97.0,73.9,0.28,999.9,FLAG_ANOMALY_STP,False,True,False,False,True,False
72202012839,7/25/2019,25.78805,-80.31694,1.4,MIAMI INTERNATIONAL AIRPORT - FL US,82.7,72.2,1017.0,15.9,9.6,4.8,11.1,15.9,102.0,75.0,0.0,999.9,FLAG_ANOMALY_STP,False,True,False,False,True,False
72202012839,7/26/2019,25.78805,-80.31694,1.4,MIAMI INTERNATIONAL AIRPORT - FL US,82.0,73.0,1019.2,18.3,9.9,2.0,17.1,22.9,93.0,75.0,1.59,999.9,FLAG_ANOMALY_STP,False,True,False,False,True,False
72202012839,7/27/2019,25.78805,-80.31694,1.4,MIAMI INTERNATIONAL AIRPORT - FL US,82.8,72.6,1020.3,19.3,9.6,2.8,15.0,21.0,91.9,75.0,1.7,999.9,FLAG_ANOMALY_STP,True,True,False,False,True,False
72202012839,7/28/2019,25.78805,-80.31694,1.4,MIAMI INTERNATIONAL AIRPORT - FL US,84.7,73.4,1019.2,18.1,10.0,3.0,8.9,14.0,93.9,75.9,0.0,999.9,FLAG_ANOMALY_STP,False,True,False,False,True,False
72202012839,7/29/2019,25.78805,-80.31694,1.4,MIAMI INTERNATIONAL AIRPORT - FL US,85.5,71.1,1016.4,15.0,10.0,2.6,11.1,999.9,93.9,79.0,0.0,999.9,FLAG_ANOMALY_STP,False,True,False,False,True,False
72202012839,7/30/2019,25.78805,-80.31694,1.4,MIAMI INTERNATIONAL AIRPORT - FL US,84.1,72.4,1015.9,14.8,9.8,4.7,11.1,25.1,93.0,73.9,1.03,999.9,FLAG_ANOMALY_STP,False,True,False,False,True,False
72202012839,7/31/2019,25.78805,-80.31694,1.4,MIAMI INTERNATIONAL AIRPORT - FL US,86.0,73.9,1016.4,15.4,9.9,7.0,13.0,999.9,93.0,75.0,0.03,999.9,FLAG_ANOMALY_STP,False,True,False,False,True,False
72202012839,8/1/2019,25.78805,-80.31694,1.4,MIAMI INTERNATIONAL AIRPORT - FL US,82.4,73.4,1015.7,14.8,9.8,5.4,17.1,22.0,91.9,77.0,0.15,999.9,FLAG_ANOMALY_STP,False,True,False,False,True,False
72202012839,8/2/2019,25.78805,-80.31694,1.4,MIAMI INTERNATIONAL AIRPORT - FL US,82.1,73.1,1014.2,13.2,8.9,5.7,12.0,22.0,90.0,75.9,0.52,999.9,FLAG_ANOMALY_STP,False,True,False,False,True,False
72202012839,8/3/2019,25.78805,-80.31694,1.4,MIAMI INTERNATIONAL AIRPORT - FL US,81.6,73.8,1014.4,13.5,8.8,4.6,13.0,22.9,90.0,75.9,0.19,999.9,FLAG_ANOMALY_STP,False,True,False,False,True,False
72202012839,8/4/2019,25.78805,-80.31694,1.4,MIAMI INTERNATIONAL AIRPORT - FL US,81.6,74.5,1016.1,15.1,9.8,3.1,11.1,17.1,93.0,77.0,2.44,999.9,FLAG_ANOMALY_STP,False,True,False,False,True,False
72202012839,8/5/2019,25.78805,-80.31694,1.4,MIAMI INTERNATIONAL AIRPORT - FL US,82.2,74.4,1016.7,15.7,10.0,2.0,13.0,999.9,93.0,78.1,0.24,999.9,FLAG_ANOMALY_STP,False,True,False,False,True,False
72202012839,8/6/2019,25.78805,-80.31694,1.4,MIAMI INTERNATIONAL AIRPORT - FL US,82.4,73.3,1016.4,15.3,10.0,2.4,9.9,20.0,91.0,77.0,0.03,999.9,FLAG_ANOMALY_STP,False,True,False,False,True,False
72202012839,8/7/2019,25.78805,-80.31694,1.4,MIAMI INTERNATIONAL AIRPORT - FL US,83.0,74.7,1016.3,15.3,9.6,2.7,11.1,17.1,91.0,77.0,0.88,999.9,FLAG_ANOMALY_STP,False,True,False,False,True,False
72202012839,8/8/2019,25.78805,-80.31694,1.4,MIAMI INTERNATIONAL AIRPORT - FL US,83.4,74.3,1016.3,15.2,9.2,2.7,12.0,19.0,93.0,75.0,1.11,999.9,FLAG_ANOMALY_STP,False,True,False,False,True,False
72202012839,8/9/2019,25.78805,-80.31694,1.4,MIAMI INTERNATIONAL AIRPORT - FL US,82.6,74.1,1016.0,14.9,9.7,1.8,17.1,28.0,95.0,75.0,3.1,999.9,FLAG_ANOMALY_STP,True,True,False,False,True,False
72202012839,8/10/2019,25.78805,-80.31694,1.4,MIAMI INTERNATIONAL AIRPORT - FL US,84.3,74.2,1015.7,14.6,10.0,3.4,11.1,21.0,95.0,77.0,0.99,999.9,FLAG_ANOMALY_STP,False,False,False,False,False,False
72202012839,8/11/2019,25.78805,-80.31694,1.4,MIAMI INTERNATIONAL AIRPORT - FL US,84.3,74.4,1015.9,14.9,9.8,3.5,12.0,22.0,93.9,78.1,0.0,999.9,FLAG_ANOMALY_STP,False,True,False,False,True,False
72202012839,8/12/2019,25.78805,-80.31694,1.4,MIAMI INTERNATIONAL AIRPORT - FL US,82.7,74.7,1014.9,13.9,9.7,3.2,9.9,19.0,93.0,78.1,0.29,999.9,FLAG_ANOMALY_STP,False,True,False,False,True,False
72202012839,8/13/2019,25.78805,-80.31694,1.4,MIAMI INTERNATIONAL AIRPORT - FL US,84.1,75.0,1014.1,13.1,9.6,2.7,9.9,29.9,91.9,78.1,0.03,999.9,FLAG_ANOMALY_STP,False,True,False,False,True,False
72202012839,8/14/2019,25.78805,-80.31694,1.4,MIAMI INTERNATIONAL AIRPORT - FL US,81.2,73.3,1015.2,14.3,9.7,2.9,17.1,22.0,91.9,75.0,2.39,999.9,FLAG_ANOMALY_STP,False,True,False,False,True,False
72202012839,8/15/2019,25.78805,-80.31694,1.4,MIAMI INTERNATIONAL AIRPORT - FL US,83.9,73.5,1016.4,15.3,10.0,4.2,15.9,26.0,91.9,77.0,0.28,999.9,FLAG_ANOMALY_STP,False,True,False,False,True,False
72202012839,8/16/2019,25.78805,-80.31694,1.4,MIAMI INTERNATIONAL AIRPORT - FL US,83.1,72.6,1018.1,17.0,9.4,4.3,14.0,22.0,93.0,75.9,0.35,999.9,FLAG_ANOMALY_STP,False,True,False,False,True,False
72202012839,8/17/2019,25.78805,-80.31694,1.4,MIAMI INTERNATIONAL AIRPORT - FL US,84.7,71.6,1018.5,17.4,10.0,4.4,11.1,18.1,93.0,75.9,0.13,999.9,FLAG_ANOMALY_STP,False,True,False,False,False,False
72202012839,8/18/2019,25.78805,-80.31694,1.4,MIAMI INTERNATIONAL AIRPORT - FL US,86.6,74.0,1018.5,17.4,10.0,4.7,13.0,18.1,93.0,78.1,0.0,999.9,FLAG_ANOMALY_STP,False,False,False,False,False,False
72202012839,8/19/2019,25.78805,-80.31694,1.4,MIAMI INTERNATIONAL AIRPORT - FL US,85.3,72.2,1017.5,16.5,9.5,8.2,19.0,28.0,93.0,77.0,0.11,999.9,FLAG_ANOMALY_STP,False,True,False,False,True,False
72202012839,8/20/2019,25.78805,-80.31694,1.4,MIAMI INTERNATIONAL AIRPORT - FL US,83.5,72.5,1017.9,16.9,10.0,8.7,15.9,26.0,91.9,77.0,0.4,999.9,FLAG_ANOMALY_STP,False,False,False,False,False,False
72202012839,8/21/2019,25.78805,-80.31694,1.4,MIAMI INTERNATIONAL AIRPORT - FL US,85.0,70.4,1018.0,17.0,10.0,6.4,11.1,999.9,91.0,79.0,0.03,999.9,FLAG_ANOMALY_STP,False,True,False,False,False,False
72202012839,8/22/2019,25.78805,-80.31694,1.4,MIAMI INTERNATIONAL AIRPORT - FL US,83.6,72.4,1016.3,15.4,9.9,5.4,13.0,20.0,91.0,77.0,0.48,999.9,FLAG_ANOMALY_STP,False,True,False,False,False,False
72202012839,8/23/2019,25.78805,-80.31694,1.4,MIAMI INTERNATIONAL AIRPORT - FL US,83.6,74.3,1013.8,12.8,10.0,4.9,11.1,15.9,90.0,77.0,0.09,999.9,FLAG_ANOMALY_STP,False,True,False,False,True,False
72202012839,8/24/2019,25.78805,-80.31694,1.4,MIAMI INTERNATIONAL AIRPORT - FL US,82.6,75.5,1013.1,12.1,9.9,3.3,15.0,22.0,88.0,79.0,0.21,999.9,FLAG_ANOMALY_STP,False,True,False,False,True,False
72202012839,8/25/2019,25.78805,-80.31694,1.4,MIAMI INTERNATIONAL AIRPORT - FL US,84.3,76.2,1013.6,12.6,9.7,4.1,8.9,999.9,93.0,79.0,0.03,999.9,FLAG_ANOMALY_STP,False,True,False,False,True,False
72202012839,8/26/2019,25.78805,-80.31694,1.4,MIAMI INTERNATIONAL AIRPORT - FL US,83.1,75.9,1014.4,13.5,10.0,2.5,11.1,15.9,91.9,79.0,0.25,999.9,FLAG_ANOMALY_STP,False,True,False,False,True,False
72202012839,8/27/2019,25.78805,-80.31694,1.4,MIAMI INTERNATIONAL AIRPORT - FL US,84.9,74.4,1014.9,13.9,10.0,3.4,12.0,15.9,95.0,79.0,0.0,999.9,FLAG_ANOMALY_STP,False,True,False,False,True,False
72202012839,8/28/2019,25.78805,-80.31694,1.4,MIAMI INTERNATIONAL AIRPORT - FL US,86.1,74.1,1013.8,12.8,10.0,2.8,7.0,999.9,96.1,78.1,0.0,999.9,FLAG_ANOMALY_STP,False,True,False,False,True,False
72202012839,8/29/2019,25.78805,-80.31694,1.4,MIAMI INTERNATIONAL AIRPORT - FL US,83.7,74.6,1012.2,11.2,9.9,2.8,8.9,999.9,96.1,78.1,0.01,999.9,FLAG_ANOMALY_STP,False,True,False,False,True,False
72202012839,8/30/2019,25.78805,-80.31694,1.4,MIAMI INTERNATIONAL AIRPORT - FL US,83.1,74.1,1012.6,11.6,9.4,7.1,15.0,22.0,91.0,75.9,0.26,999.9,FLAG_ANOMALY_STP,False,True,False,False,True,False
72202012839,8/31/2019,25.78805,-80.31694,1.4,MIAMI INTERNATIONAL AIRPORT - FL US,85.2,73.1,1013.2,12.3,9.7,10.2,15.0,20.0,91.0,75.9,0.61,999.9,FLAG_ANOMALY_STP,False,True,False,False,True,False
72202012839,9/1/2019,25.78805,-80.31694,1.4,MIAMI INTERNATIONAL AIRPORT - FL US,83.6,74.5,1012.3,10.7,9.2,4.8,17.1,27.0,93.0,77.0,0.29,999.9,FLAG_ANOMALY_STP,False,True,False,False,True,False
72202012839,9/2/2019,25.78805,-80.31694,1.4,MIAMI INTERNATIONAL AIRPORT - FL US,83.1,74.8,1007.7,6.4,9.1,10.0,15.0,25.1,93.0,79.0,0.46,999.9,FLAG_ANOMALY_STP,False,True,False,False,True,False
72202012839,9/3/2019,25.78805,-80.31694,1.4,MIAMI INTERNATIONAL AIRPORT - FL US,83.8,73.2,1005.1,4.0,10.0,11.8,15.9,25.1,91.9,79.0,0.68,999.9,FLAG_ANOMALY_STP,False,True,False,False,False,False
72202012839,9/4/2019,25.78805,-80.31694,1.4,MIAMI INTERNATIONAL AIRPORT - FL US,86.1,73.3,1010.1,9.0,10.0,9.6,18.1,22.0,93.9,80.1,0.0,999.9,FLAG_ANOMALY_STP,False,False,False,False,False,False
72202012839,9/5/2019,25.78805,-80.31694,1.4,MIAMI INTERNATIONAL AIRPORT - FL US,86.5,74.9,1014.7,13.6,10.0,7.3,12.0,17.1,93.9,80.1,0.0,999.9,FLAG_ANOMALY_STP,False,False,False,False,False,False
72202012839,9/6/2019,25.78805,-80.31694,1.4,MIAMI INTERNATIONAL AIRPORT - FL US,86.9,73.1,1014.4,13.4,10.0,5.9,11.1,15.9,96.1,80.1,0.0,999.9,FLAG_ANOMALY_STP,False,False,False,False,False,False
72202012839,9/7/2019,25.78805,-80.31694,1.4,MIAMI INTERNATIONAL AIRPORT - FL US,86.7,73.0,1014.2,13.1,10.0,6.5,12.0,18.1,96.1,80.1,0.0,999.9,FLAG_ANOMALY_STP,False,False,False,False,False,False
72202012839,9/8/2019,25.78805,-80.31694,1.4,MIAMI INTERNATIONAL AIRPORT - FL US,86.0,73.2,1015.9,14.9,10.0,5.8,12.0,14.0,93.9,80.1,0.0,999.9,FLAG_ANOMALY_STP,False,False,False,False,False,False
72202012839,9/9/2019,25.78805,-80.31694,1.4,MIAMI INTERNATIONAL AIRPORT - FL US,86.9,73.7,1018.2,17.1,10.0,8.2,13.0,19.0,93.0,80.1,0.01,999.9,FLAG_ANOMALY_STP,False,True,False,False,False,False
72202012839,9/10/2019,25.78805,-80.31694,1.4,MIAMI INTERNATIONAL AIRPORT - FL US,86.5,72.2,1019.4,18.3,10.0,10.4,15.0,21.0,93.0,82.0,0.0,999.9,FLAG_ANOMALY_STP,False,True,False,False,False,False
72202012839,9/11/2019,25.78805,-80.31694,1.4,MIAMI INTERNATIONAL AIRPORT - FL US,86.1,70.7,1017.7,16.7,10.0,10.9,15.0,24.1,91.9,82.0,0.0,999.9,FLAG_ANOMALY_STP,False,False,False,False,False,False
72202012839,9/12/2019,25.78805,-80.31694,1.4,MIAMI INTERNATIONAL AIRPORT - FL US,83.9,70.8,1014.2,13.1,9.8,8.4,15.0,28.9,91.9,78.1,0.0,999.9,FLAG_ANOMALY_STP,False,True,False,False,True,False
72202012839,9/13/2019,25.78805,-80.31694,1.4,MIAMI INTERNATIONAL AIRPORT - FL US,83.1,74.3,1013.1,12.0,10.0,7.9,15.9,28.0,91.0,78.1,0.78,999.9,FLAG_ANOMALY_STP,False,True,False,False,True,False
72202012839,9/14/2019,25.78805,-80.31694,1.4,MIAMI INTERNATIONAL AIRPORT - FL US,83.3,74.7,1013.0,12.0,9.4,5.2,14.0,17.1,91.0,79.0,0.12,999.9,FLAG_ANOMALY_STP,False,True,False,False,True,False
72202012839,9/15/2019,25.78805,-80.31694,1.4,MIAMI INTERNATIONAL AIRPORT - FL US,84.3,75.0,1013.1,12.1,9.7,4.7,9.9,18.1,93.9,79.0,0.27,999.9,FLAG_ANOMALY_STP,False,True,False,False,False,False
72202012839,9/16/2019,25.78805,-80.31694,1.4,MIAMI INTERNATIONAL AIRPORT - FL US,86.3,73.0,1013.7,12.7,10.0,5.8,9.9,15.9,95.0,79.0,0.0,999.9,FLAG_ANOMALY_STP,False,True,False,False,False,False
72202012839,9/17/2019,25.78805,-80.31694,1.4,MIAMI INTERNATIONAL AIRPORT - FL US,86.1,71.6,1013.1,12.1,10.0,4.8,8.9,15.9,95.0,80.1,0.07,999.9,FLAG_ANOMALY_STP,False,True,False,False,True,False
72202012839,9/18/2019,25.78805,-80.31694,1.4,MIAMI INTERNATIONAL AIRPORT - FL US,85.0,71.1,1013.1,12.1,9.9,6.7,13.0,18.1,93.0,80.1,0.0,999.9,FLAG_ANOMALY_STP,False,True,False,False,False,False
72202012839,9/19/2019,25.78805,-80.31694,1.4,MIAMI INTERNATIONAL AIRPORT - FL US,82.9,66.0,1013.5,12.5,10.0,9.4,14.0,25.1,91.0,78.1,0.11,999.9,FLAG_ANOMALY_STP,False,True,False,False,False,False
72202012839,9/20/2019,25.78805,-80.31694,1.4,MIAMI INTERNATIONAL AIRPORT - FL US,81.6,69.1,1015.1,14.0,9.6,12.4,22.0,31.1,88.0,78.1,0.12,999.9,FLAG_ANOMALY_STP,False,True,False,False,False,False
72202012839,9/21/2019,25.78805,-80.31694,1.4,MIAMI INTERNATIONAL AIRPORT - FL US,82.3,70.7,1016.9,16.0,9.4,12.9,24.1,28.9,88.0,75.0,0.62,999.9,FLAG_ANOMALY_STP,False,True,False,False,False,False
72202012839,9/22/2019,25.78805,-80.31694,1.4,MIAMI INTERNATIONAL AIRPORT - FL US,82.5,68.8,1016.1,15.1,9.9,13.0,18.1,26.0,89.1,75.0,0.0,999.9,FLAG_ANOMALY_STP,False,True,False,False,False,False
72202012839,9/23/2019,25.78805,-80.31694,1.4,MIAMI INTERNATIONAL AIRPORT - FL US,82.8,67.6,1014.5,13.5,10.0,9.4,13.0,19.0,89.1,79.0,0.0,999.9,FLAG_ANOMALY_STP,False,False,False,False,False,False
72202012839,9/24/2019,25.78805,-80.31694,1.4,MIAMI INTERNATIONAL AIRPORT - FL US,81.4,65.3,1012.3,11.3,10.0,5.1,11.1,999.9,89.1,75.9,0.0,999.9,FLAG_ANOMALY_STP,False,False,False,False,False,False
72202012839,9/25/2019,25.78805,-80.31694,1.4,MIAMI INTERNATIONAL AIRPORT - FL US,81.1,65.2,1012.3,11.2,10.0,5.3,13.0,17.1,89.1,73.0,0.0,999.9,FLAG_ANOMALY_STP,False,False,False,False,False,False
72202012839,9/26/2019,25.78805,-80.31694,1.4,MIAMI INTERNATIONAL AIRPORT - FL US,81.9,65.8,1012.5,11.5,10.0,6.2,13.0,19.0,89.1,73.0,0.0,999.9,FLAG_ANOMALY_STP,False,False,False,False,False,False
72202012839,9/27/2019,25.78805,-80.31694,1.4,MIAMI INTERNATIONAL AIRPORT - FL US,83.3,69.1,1013.7,12.7,10.0,8.3,14.0,15.9,90.0,75.0,0.0,999.9,FLAG_ANOMALY_STP,False,False,False,False,False,False
72202012839,9/28/2019,25.78805,-80.31694,1.4,MIAMI INTERNATIONAL AIRPORT - FL US,84.8,71.4,1016.0,15.0,10.0,9.2,12.0,15.9,91.0,78.1,0.0,999.9,FLAG_ANOMALY_STP,False,False,False,False,False,False
72202012839,9/29/2019,25.78805,-80.31694,1.4,MIAMI INTERNATIONAL AIRPORT - FL US,84.0,69.9,1016.9,15.8,10.0,9.3,17.1,25.1,91.0,80.1,0.0,999.9,FLAG_ANOMALY_STP,False,False,False,False,False,False
72202012839,9/30/2019,25.78805,-80.31694,1.4,MIAMI INTERNATIONAL AIRPORT - FL US,83.6,69.5,1015.2,14.1,10.0,11.8,15.9,25.1,90.0,80.1,0.01,999.9,FLAG_ANOMALY_STP,False,False,False,False,False,False
72202012839,10/1/2019,25.78805,-80.31694,1.4,MIAMI INTERNATIONAL AIRPORT - FL US,83.2,68.7,1012.6,11.5,10.0,11.6,17.1,26.0,89.1,80.1,0.01,999.9,FLAG_ANOMALY_STP,False,True,False,False,False,False
72202012839,10/2/2019,25.78805,-80.31694,1.4,MIAMI INTERNATIONAL AIRPORT - FL US,82.3,72.2,1011.8,10.9,9.6,11.4,18.1,22.9,89.1,78.1,0.02,999.9,FLAG_ANOMALY_STP,False,True,False,False,False,False
72202012839,10/3/2019,25.78805,-80.31694,1.4,MIAMI INTERNATIONAL AIRPORT - FL US,82.1,72.0,1013.5,12.6,9.8,9.2,15.9,20.0,88.0,77.0,0.44,999.9,FLAG_ANOMALY_STP,False,True,False,False,False,False
72202012839,10/4/2019,25.78805,-80.31694,1.4,MIAMI INTERNATIONAL AIRPORT - FL US,82.7,70.5,1014.4,13.4,10.0,5.9,9.9,15.9,89.1,75.9,0.03,999.9,FLAG_ANOMALY_STP,False,False,False,False,False,False
72202012839,10/5/2019,25.78805,-80.31694,1.4,MIAMI INTERNATIONAL AIRPORT - FL US,83.8,72.2,1013.5,12.5,10.0,8.2,17.1,20.0,90.0,75.9,0.0,999.9,FLAG_ANOMALY_STP,False,True,False,False,False,False
72202012839,10/6/2019,25.78805,-80.31694,1.4,MIAMI INTERNATIONAL AIRPORT - FL US,82.9,71.1,1013.3,12.2,9.9,9.4,13.0,21.0,90.0,77.0,0.03,999.9,FLAG_ANOMALY_STP,False,True,False,False,False,False
72202012839,10/7/2019,25.78805,-80.31694,1.4,MIAMI INTERNATIONAL AIRPORT - FL US,80.1,73.8,1011.0,9.9,9.2,4.7,8.9,17.1,89.1,77.0,0.1,999.9,FLAG_ANOMALY_STP,False,True,False,False,True,False
72202012839,10/8/2019,25.78805,-80.31694,1.4,MIAMI INTERNATIONAL AIRPORT - FL US,79.4,73.5,1011.5,10.4,9.7,6.4,15.0,21.0,87.1,77.0,0.7,999.9,FLAG_ANOMALY_STP,False,True,False,False,False,False
72202012839,10/9/2019,25.78805,-80.31694,1.4,MIAMI INTERNATIONAL AIRPORT - FL US,81.0,73.9,1013.5,12.4,10.0,4.6,12.0,18.1,91.0,75.9,0.43,999.9,FLAG_ANOMALY_STP,False,True,False,False,True,False
72202012839,10/10/2019,25.78805,-80.31694,1.4,MIAMI INTERNATIONAL AIRPORT - FL US,80.2,72.9,1013.7,12.6,9.7,3.9,8.0,17.1,91.0,75.9,0.08,999.9,FLAG_ANOMALY_STP,False,True,False,False,True,False
72202012839,10/11/2019,25.78805,-80.31694,1.4,MIAMI INTERNATIONAL AIRPORT - FL US,80.8,71.9,1013.5,12.5,8.9,6.3,12.0,18.1,88.0,75.2,0.09,999.9,FLAG_ANOMALY_STP,False,True,False,False,True,False
72202012839,10/12/2019,25.78805,-80.31694,1.4,MIAMI INTERNATIONAL AIRPORT - FL US,80.2,70.2,1014.4,13.5,9.7,9.4,15.0,22.0,88.0,75.9,1.17,999.9,FLAG_ANOMALY_STP,False,True,False,False,False,False
72202012839,10/13/2019,25.78805,-80.31694,1.4,MIAMI INTERNATIONAL AIRPORT - FL US,82.2,70.2,1015.6,14.6,9.9,10.0,14.0,19.0,88.0,75.9,0.02,999.9,FLAG_ANOMALY_STP,False,True,False,False,False,False
72202012839,10/14/2019,25.78805,-80.31694,1.4,MIAMI INTERNATIONAL AIRPORT - FL US,82.3,70.4,1016.6,15.5,10.0,7.7,12.0,999.9,88.0,77.0,0.0,999.9,FLAG_ANOMALY_STP,False,True,False,False,False,False
72202012839,10/15/2019,25.78805,-80.31694,1.4,MIAMI INTERNATIONAL AIRPORT - FL US,81.7,68.8,1016.8,15.8,10.0,5.8,11.1,15.0,88.0,75.0,0.0,999.9,FLAG_ANOMALY_STP,False,False,False,False,False,False
72202012839,10/16/2019,25.78805,-80.31694,1.4,MIAMI INTERNATIONAL AIRPORT - FL US,83.0,71.3,1014.1,13.2,10.0,5.6,13.0,15.9,91.9,75.0,0.0,999.9,FLAG_ANOMALY_STP,False,False,False,False,False,False
72202012839,10/17/2019,25.78805,-80.31694,1.4,MIAMI INTERNATIONAL AIRPORT - FL US,83.4,73.3,1013.0,12.0,9.8,5.6,11.1,21.0,91.9,77.0,0.0,999.9,FLAG_ANOMALY_STP,False,True,False,False,True,False
72202012839,10/18/2019,25.78805,-80.31694,1.4,MIAMI INTERNATIONAL AIRPORT - FL US,83.4,73.8,1012.6,11.6,10.0,3.7,9.9,15.9,91.0,78.1,0.05,999.9,FLAG_ANOMALY_STP,False,False,False,False,False,False
72202012839,10/19/2019,25.78805,-80.31694,1.4,MIAMI INTERNATIONAL AIRPORT - FL US,83.6,74.3,1011.7,10.6,10.0,8.6,14.0,21.0,89.1,78.1,0.14,999.9,FLAG_ANOMALY_STP,False,True,False,False,False,False
72202012839,10/20/2019,25.78805,-80.31694,1.4,MIAMI INTERNATIONAL AIRPORT - FL US,85.2,74.6,1013.1,12.3,10.0,7.4,15.0,17.1,91.9,80.1,0.3,999.9,FLAG_ANOMALY_STP,False,True,False,False,True,False
72202012839,10/21/2019,25.78805,-80.31694,1.4,MIAMI INTERNATIONAL AIRPORT - FL US,83.4,74.4,1015.2,14.1,9.7,3.6,9.9,14.0,91.9,77.0,0.02,999.9,FLAG_ANOMALY_STP,False,True,False,False,False,False
72202012839,10/22/2019,25.78805,-80.31694,1.4,MIAMI INTERNATIONAL AIRPORT - FL US,84.1,74.3,1015.9,14.7,10.0,4.2,11.1,999.9,91.0,77.0,0.0,999.9,FLAG_ANOMALY_STP,False,False,False,False,False,False
72202012839,10/23/2019,25.78805,-80.31694,1.4,MIAMI INTERNATIONAL AIRPORT - FL US,83.8,72.6,1015.6,14.6,10.0,4.7,12.0,15.0,90.0,78.1,0.0,999.9,FLAG_ANOMALY_STP,False,True,False,False,False,False
72202012839,10/24/2019,25.78805,-80.31694,1.4,MIAMI INTERNATIONAL AIRPORT - FL US,83.7,72.3,1016.8,15.7,10.0,10.5,15.9,21.0,90.0,78.1,0.0,999.9,FLAG_ANOMALY_STP,False,True,False,False,False,False
72202012839,10/25/2019,25.78805,-80.31694,1.4,MIAMI INTERNATIONAL AIRPORT - FL US,83.8,71.2,1016.2,14.6,10.0,14.1,22.0,28.9,89.1,80.1,0.08,999.9,FLAG_ANOMALY_STP,False,False,False,False,False,False
72202012839,10/26/2019,25.78805,-80.31694,1.4,MIAMI INTERNATIONAL AIRPORT - FL US,82.6,73.3,1014.2,12.9,9.5,8.8,15.0,22.0,89.1,75.9,0.18,999.9,FLAG_ANOMALY_STP,False,True,False,False,True,False
72202012839,10/27/2019,25.78805,-80.31694,1.4,MIAMI INTERNATIONAL AIRPORT - FL US,83.1,74.4,1015.1,14.2,10.0,5.5,11.1,17.1,89.1,75.9,0.03,999.9,FLAG_ANOMALY_STP,False,False,False,False,False,False
72202012839,10/28/2019,25.78805,-80.31694,1.4,MIAMI INTERNATIONAL AIRPORT - FL US,84.3,73.3,1016.4,15.3,10.0,6.5,11.1,15.9,90.0,78.1,0.0,999.9,FLAG_ANOMALY_STP,False,False,False,False,False,False
72202012839,10/29/2019,25.78805,-80.31694,1.4,MIAMI INTERNATIONAL AIRPORT - FL US,84.0,72.9,1017.0,15.9,10.0,8.5,13.0,999.9,90.0,80.1,0.01,999.9,FLAG_ANOMALY_STP,False,False,False,False,False,False
72202012839,10/30/2019,25.78805,-80.31694,1.4,MIAMI INTERNATIONAL AIRPORT - FL US,84.1,71.8,1016.7,15.8,10.0,9.5,14.0,15.9,89.1,81.0,0.0,999.9,FLAG_ANOMALY_STP,False,True,False,False,False,False
72202012839,10/31/2019,25.78805,-80.31694,1.4,MIAMI INTERNATIONAL AIRPORT - FL US,83.4,71.3,1016.4,15.3,10.0,7.6,11.1,999.9,89.1,79.0,0.0,999.9,FLAG_ANOMALY_STP,False,False,False,False,False,False
72202012839,11/1/2019,25.78805,-80.31694,1.4,MIAMI INTERNATIONAL AIRPORT - FL US,83.2,71.6,1017.1,16.0,10.0,3.2,8.9,999.9,91.0,79.0,0.0,999.9,FLAG_ANOMALY_STP,False,False,False,False,False,False
72202012839,11/2/2019,25.78805,-80.31694,1.4,MIAMI INTERNATIONAL AIRPORT - FL US,82.8,71.1,1016.3,15.2,9.9,5.4,9.9,999.9,91.0,78.1,0.01,999.9,FLAG_ANOMALY_STP,False,True,False,False,False,False
72202012839,11/3/2019,25.78805,-80.31694,1.4,MIAMI INTERNATIONAL AIRPORT - FL US,80.3,70.4,1015.5,14.5,10.0,4.7,9.9,17.1,89.1,75.0,0.0,999.9,FLAG_ANOMALY_STP,False,True,False,False,False,False
72202012839,11/4/2019,25.78805,-80.31694,1.4,MIAMI INTERNATIONAL AIRPORT - FL US,79.7,70.9,1016.7,15.6,9.9,6.2,11.1,15.0,87.1,75.0,0.28,999.9,FLAG_ANOMALY_STP,False,True,False,False,False,False
72202012839,11/5/2019,25.78805,-80.31694,1.4,MIAMI INTERNATIONAL AIRPORT - FL US,82.7,69.4,1018.1,17.0,10.0,7.2,9.9,999.9,88.0,75.9,0.02,999.9,FLAG_ANOMALY_STP,False,False,False,False,False,False
72202012839,11/6/2019,25.78805,-80.31694,1.4,MIAMI INTERNATIONAL AIRPORT - FL US,81.8,70.1,1019.2,18.2,10.0,6.9,15.9,21.0,89.1,75.9,0.0,999.9,FLAG_ANOMALY_STP,False,False,False,False,False,False
72202012839,11/7/2019,25.78805,-80.31694,1.4,MIAMI INTERNATIONAL AIRPORT - FL US,82.7,69.8,1018.4,17.3,10.0,8.8,15.0,21.0,89.1,75.9,0.03,999.9,FLAG_ANOMALY_STP,False,True,False,False,False,False
72202012839,11/8/2019,25.78805,-80.31694,1.4,MIAMI INTERNATIONAL AIRPORT - FL US,80.9,70.0,1014.9,13.8,10.0,3.7,8.9,999.9,88.0,73.9,0.0,999.9,FLAG_ANOMALY_STP,False,False,False,False,False,False
72202012839,11/9/2019,25.78805,-80.31694,1.4,MIAMI INTERNATIONAL AIRPORT - FL US,76.5,68.2,1014.4,13.2,9.9,6.9,15.9,28.9,88.0,70.0,0.0,999.9,FLAG_ANOMALY_STP,False,True,False,False,False,False
72202012839,11/10/2019,25.78805,-80.31694,1.4,MIAMI INTERNATIONAL AIRPORT - FL US,75.7,59.7,1017.7,16.6,9.7,7.2,17.1,22.0,84.0,69.1,0.02,999.9,FLAG_ANOMALY_STP,False,True,False,False,False,False
72202012839,11/11/2019,25.78805,-80.31694,1.4,MIAMI INTERNATIONAL AIRPORT - FL US,78.3,59.8,1017.7,16.7,10.0,8.0,14.0,999.9,84.9,69.1,0.01,999.9,FLAG_ANOMALY_STP,False,True,False,False,False,False
72202012839,11/12/2019,25.78805,-80.31694,1.4,MIAMI INTERNATIONAL AIRPORT - FL US,78.6,64.2,1014.6,13.6,10.0,3.0,8.9,999.9,88.0,71.1,0.0,999.9,FLAG_ANOMALY_STP,False,False,False,False,False,False
72202012839,11/13/2019,25.78805,-80.31694,1.4,MIAMI INTERNATIONAL AIRPORT - FL US,76.5,65.4,1014.6,13.5,9.5,5.5,12.0,25.1,88.0,71.1,0.0,999.9,FLAG_ANOMALY_STP,False,True,False,False,False,False
72202012839,11/14/2019,25.78805,-80.31694,1.4,MIAMI INTERNATIONAL AIRPORT - FL US,75.9,69.7,1016.6,15.9,8.8,7.2,13.0,22.9,86.0,72.0,0.7,999.9,FLAG_ANOMALY_STP,False,True,False,False,False,False
72202012839,11/15/2019,25.78805,-80.31694,1.4,MIAMI INTERNATIONAL AIRPORT - FL US,77.5,70.2,1014.8,13.8,9.8,3.5,14.0,26.0,84.0,73.0,0.27,999.9,FLAG_ANOMALY_STP,False,True,False,False,False,False
72202012839,11/16/2019,25.78805,-80.31694,1.4,MIAMI INTERNATIONAL AIRPORT - FL US,71.8,60.6,1011.7,10.8,10.0,7.4,11.1,18.1,84.0,66.0,0.12,999.9,FLAG_ANOMALY_STP,False,True,False,False,False,False
72202012839,11/17/2019,25.78805,-80.31694,1.4,MIAMI INTERNATIONAL AIRPORT - FL US,61.8,53.0,1011.9,10.9,9.9,7.2,11.1,15.9,78.1,57.0,0.0,999.9,FLAG_ANOMALY_STP,False,False,False,False,False,False
72202012839,11/18/2019,25.78805,-80.31694,1.4,MIAMI INTERNATIONAL AIRPORT - FL US,63.7,53.9,1011.5,10.5,10.0,5.8,11.1,999.9,75.9,57.0,0.0,999.9,FLAG_ANOMALY_STP,False,False,False,False,False,False
72202012839,11/19/2019,25.78805,-80.31694,1.4,MIAMI INTERNATIONAL AIRPORT - FL US,71.4,57.6,1012.8,11.8,10.0,3.2,9.9,15.0,82.9,57.9,0.0,999.9,FLAG_ANOMALY_STP,False,False,False,False,False,False
72202012839,11/20/2019,25.78805,-80.31694,1.4,MIAMI INTERNATIONAL AIRPORT - FL US,70.1,48.0,1018.2,17.1,10.0,5.7,9.9,14.0,82.9,61.0,0.0,999.9,FLAG_ANOMALY_STP,False,False,False,False,False,False
72202012839,11/21/2019,25.78805,-80.31694,1.4,MIAMI INTERNATIONAL AIRPORT - FL US,70.6,50.7,1020.2,19.1,10.0,6.1,12.0,21.0,80.1,61.0,0.0,999.9,FLAG_ANOMALY_STP,False,False,False,False,False,False
72202012839,11/22/2019,25.78805,-80.31694,1.4,MIAMI INTERNATIONAL AIRPORT - FL US,74.4,57.6,1018.8,17.8,10.0,4.3,12.0,999.9,82.0,64.0,0.0,999.9,FLAG_ANOMALY_STP,False,False,False,False,False,False
72202012839,11/23/2019,25.78805,-80.31694,1.4,MIAMI INTERNATIONAL AIRPORT - FL US,74.1,60.6,1016.8,15.8,10.0,4.1,11.1,15.0,82.9,64.9,0.0,999.9,FLAG_ANOMALY_STP,False,False,False,False,False,False
72202012839,11/24/2019,25.78805,-80.31694,1.4,MIAMI INTERNATIONAL AIRPORT - FL US,75.9,65.2,1013.3,12.3,9.9,5.6,12.0,22.0,84.0,64.9,0.0,999.9,FLAG_ANOMALY_STP,False,True,False,False,False,False
72202012839,11/25/2019,25.78805,-80.31694,1.4,MIAMI INTERNATIONAL AIRPORT - FL US,69.0,57.5,1013.2,12.2,10.0,4.6,7.0,999.9,84.0,57.9,0.16,999.9,FLAG_ANOMALY_STP,False,False,False,False,False,False
72202012839,11/26/2019,25.78805,-80.31694,1.4,MIAMI INTERNATIONAL AIRPORT - FL US,70.6,54.6,1015.8,14.8,10.0,4.0,7.0,999.9,80.1,57.9,0.0,999.9,FLAG_ANOMALY_STP,False,False,False,False,False,False
72202012839,11/27/2019,25.78805,-80.31694,1.4,MIAMI INTERNATIONAL AIRPORT - FL US,73.5,61.2,1019.3,18.3,10.0,2.3,8.0,999.9,84.0,62.1,0.0,999.9,FLAG_ANOMALY_STP,False,False,False,False,False,False
72202012839,11/28/2019,25.78805,-80.31694,1.4,MIAMI INTERNATIONAL AIRPORT - FL US,75.0,64.0,1021.0,20.0,8.6,4.0,8.0,999.9,86.0,64.9,0.0,999.9,FLAG_ANOMALY_STP,False,False,False,False,False,False
72202012839,11/29/2019,25.78805,-80.31694,1.4,MIAMI INTERNATIONAL AIRPORT - FL US,74.6,62.1,1019.2,18.1,10.0,5.5,11.1,15.9,86.0,66.9,0.0,999.9,FLAG_ANOMALY_STP,False,False,False,False,False,False
72202012839,11/30/2019,25.78805,-80.31694,1.4,MIAMI INTERNATIONAL AIRPORT - FL US,73.6,60.6,1017.3,16.3,10.0,3.7,8.0,999.9,82.9,66.0,0.0,999.9,FLAG_ANOMALY_STP,False,False,False,False,False,False
72202012839,12/1/2019,25.78805,-80.31694,1.4,MIAMI INTERNATIONAL AIRPORT - FL US,75.7,62.7,1015.6,14.6,10.0,5.1,11.1,17.1,84.9,66.0,0.0,999.9,FLAG_ANOMALY_STP,False,False,False,False,False,False
72202012839,12/2/2019,25.78805,-80.31694,1.4,MIAMI INTERNATIONAL AIRPORT - FL US,75.9,64.2,1013.4,12.3,9.9,8.5,15.9,28.9,84.9,66.9,0.0,999.9,FLAG_ANOMALY_STP,False,True,False,False,False,False
72202012839,12/3/2019,25.78805,-80.31694,1.4,MIAMI INTERNATIONAL AIRPORT - FL US,61.3,45.6,1015.2,14.1,10.0,6.9,9.9,17.1,84.0,53.1,0.13,999.9,FLAG_ANOMALY_STP,False,False,False,False,False,False
72202012839,12/4/2019,25.78805,-80.31694,1.4,MIAMI INTERNATIONAL AIRPORT - FL US,64.7,50.7,1014.7,13.6,10.0,2.5,8.0,999.9,77.0,53.1,0.0,999.9,FLAG_SPARSE_STP_OBSERVATIONS | FLAG_ANOMALY_STP,False,False,False,False,False,False
72202012839,12/5/2019,25.78805,-80.31694,1.4,MIAMI INTERNATIONAL AIRPORT - FL US,66.0,48.5,1017.9,16.8,10.0,3.7,7.0,999.9,77.0,54.0,0.0,999.9,FLAG_ANOMALY_STP,False,False,False,False,False,False
72202012839,12/6/2019,25.78805,-80.31694,1.4,MIAMI INTERNATIONAL AIRPORT - FL US,67.7,50.1,1020.7,19.7,10.0,4.5,8.0,999.9,79.0,59.0,0.0,999.9,FLAG_ANOMALY_STP,False,False,False,False,False,False
72202012839,12/7/2019,25.78805,-80.31694,1.4,MIAMI INTERNATIONAL AIRPORT - FL US,70.6,55.9,1020.4,19.4,10.0,3.1,8.0,999.9,82.0,60.1,0.0,999.9,FLAG_ANOMALY_STP,False,False,False,False,False,False
72202012839,12/8/2019,25.78805,-80.31694,1.4,MIAMI INTERNATIONAL AIRPORT - FL US,73.2,59.7,1020.2,19.2,10.0,5.3,15.0,17.1,82.0,60.1,0.0,999.9,FLAG_ANOMALY_STP,False,False,False,False,False,False
72202012839,12/9/2019,25.78805,-80.31694,1.4,MIAMI INTERNATIONAL AIRPORT - FL US,75.0,62.7,1019.4,18.5,10.0,6.6,12.0,999.9,82.9,64.9,0.0,999.9,FLAG_ANOMALY_STP,False,False,False,False,False,False
72202012839,12/10/2019,25.78805,-80.31694,1.4,MIAMI INTERNATIONAL AIRPORT - FL US,78.5,70.4,1019.2,18.1,10.0,8.6,15.0,20.0,84.0,64.9,0.01,999.9,FLAG_ANOMALY_STP,False,False,False,False,False,False
72202012839,12/11/2019,25.78805,-80.31694,1.4,MIAMI INTERNATIONAL AIRPORT - FL US,78.7,71.2,1020.4,19.5,10.0,5.9,9.9,15.9,84.9,75.0,0.01,999.9,FLAG_ANOMALY_STP,False,True,False,False,False,False
72202012839,12/12/2019,25.78805,-80.31694,1.4,MIAMI INTERNATIONAL AIRPORT - FL US,75.6,68.8,1021.1,20.3,9.1,5.9,12.0,19.0,81.0,71.6,0.7,999.9,FLAG_ANOMALY_STP,False,True,False,False,False,False
72202012839,12/13/2019,25.78805,-80.31694,1.4,MIAMI INTERNATIONAL AIRPORT - FL US,77.2,66.7,1016.1,14.5,10.0,6.7,9.9,14.0,82.0,72.0,0.23,999.9,FLAG_ANOMALY_STP,False,False,False,False,False,False
72202012839,12/14/2019,25.78805,-80.31694,1.4,MIAMI INTERNATIONAL AIRPORT - FL US,76.8,66.1,1011.4,10.2,10.0,7.7,17.1,24.1,87.1,70.0,0.01,999.9,FLAG_ANOMALY_STP,False,False,False,False,False,False
72202012839,12/15/2019,25.78805,-80.31694,1.4,MIAMI INTERNATIONAL AIRPORT - FL US,71.8,58.7,1017.6,16.7,10.0,6.0,12.0,15.9,87.1,61.0,0.0,999.9,FLAG_ANOMALY_STP,False,False,False,False,False,False
72202012839,12/16/2019,25.78805,-80.31694,1.4,MIAMI INTERNATIONAL AIRPORT - FL US,77.4,66.3,1020.0,18.9,10.0,9.9,15.0,20.0,84.0,61.0,0.0,999.9,FLAG_ANOMALY_STP,False,False,False,False,False,False
72202012839,12/17/2019,25.78805,-80.31694,1.4,MIAMI INTERNATIONAL AIRPORT - FL US,80.0,71.0,1016.1,15.2,10.0,11.3,15.9,21.0,84.0,72.0,0.01,999.9,FLAG_ANOMALY_STP,False,True,False,False,False,False
72202012839,12/18/2019,25.78805,-80.31694,1.4,MIAMI INTERNATIONAL AIRPORT - FL US,76.4,69.5,1013.2,11.9,9.4,4.8,12.0,19.0,84.0,69.1,0.07,999.9,FLAG_ANOMALY_STP,False,True,False,False,False,False
72202012839,12/19/2019,25.78805,-80.31694,1.4,MIAMI INTERNATIONAL AIRPORT - FL US,65.6,59.0,1018.1,17.1,8.6,8.3,13.0,21.0,80.1,61.0,0.23,999.9,FLAG_ANOMALY_STP,False,True,False,False,False,False
72202012839,12/20/2019,25.78805,-80.31694,1.4,MIAMI INTERNATIONAL AIRPORT - FL US,71.8,62.4,1021.1,20.1,8.4,11.2,18.1,26.0,78.1,61.0,0.03,999.9,FLAG_ANOMALY_STP,False,True,False,False,False,False
72202012839,12/21/2019,25.78805,-80.31694,1.4,MIAMI INTERNATIONAL AIRPORT - FL US,74.8,64.9,1021.2,20.2,9.5,14.0,22.9,31.1,80.1,68.0,0.28,999.9,FLAG_ANOMALY_STP,False,True,False,False,False,False
72202012839,12/22/2019,25.78805,-80.31694,1.4,MIAMI INTERNATIONAL AIRPORT - FL US,75.7,63.6,1018.5,17.5,10.0,14.1,18.1,22.9,80.1,71.1,0.15,999.9,FLAG_ANOMALY_STP,False,True,False,False,False,False
72202012839,12/23/2019,25.78805,-80.31694,1.4,MIAMI INTERNATIONAL AIRPORT - FL US,73.4,66.5,1011.5,10.7,8.4,6.8,13.0,19.0,77.0,69.8,3.1,999.9,FLAG_ANOMALY_STP,False,True,False,False,False,False
72202012839,12/24/2019,25.78805,-80.31694,1.4,MIAMI INTERNATIONAL AIRPORT - FL US,67.7,55.6,1009.4,8.3,10.0,8.3,14.0,20.0,75.9,61.0,0.04,999.9,FLAG_ANOMALY_STP,False,True,False,False,False,False
72202012839,12/25/2019,25.78805,-80.31694,1.4,MIAMI INTERNATIONAL AIRPORT - FL US,68.9,60.1,1011.9,10.9,9.3,6.8,12.0,20.0,81.0,61.0,0.0,999.9,FLAG_ANOMALY_STP,False,False,False,False,False,False
72202012839,12/26/2019,25.78805,-80.31694,1.4,MIAMI INTERNATIONAL AIRPORT - FL US,75.5,66.8,1014.8,13.8,9.5,7.4,18.1,27.0,81.0,62.1,0.01,999.9,FLAG_ANOMALY_STP,False,True,False,False,False,False
72202012839,12/27/2019,25.78805,-80.31694,1.4,MIAMI INTERNATIONAL AIRPORT - FL US,77.0,67.8,1017.1,16.2,10.0,11.4,17.1,21.0,82.9,71.1,0.09,999.9,FLAG_ANOMALY_STP,False,True,False,False,False,False
72202012839,12/28/2019,25.78805,-80.31694,1.4,MIAMI INTERNATIONAL AIRPORT - FL US,76.8,70.1,1017.1,16.2,9.4,12.3,19.0,22.9,82.9,73.0,0.49,999.9,FLAG_ANOMALY_STP,False,True,False,False,False,False
72202012839,12/29/2019,25.78805,-80.31694,1.4,MIAMI INTERNATIONAL AIRPORT - FL US,76.9,70.2,1016.7,15.6,9.0,11.1,15.0,21.0,80.1,73.4,0.63,999.9,FLAG_ANOMALY_STP,False,True,False,False,False,False
72202012839,12/30/2019,25.78805,-80.31694,1.4,MIAMI INTERNATIONAL AIRPORT - FL US,77.3,68.9,1015.2,14.1,10.0,8.3,14.0,17.1,81.0,73.9,0.21,999.9,FLAG_ANOMALY_STP,False,True,False,False,False,False
72202012839,12/31/2019,25.78805,-80.31694,1.4,MIAMI INTERNATIONAL AIRPORT - FL US,74.0,67.5,1015.9,15.0,7.5,3.5,8.0,999.9,81.0,69.1,0.01,999.9,FLAG_ANOMALY_STP,True,False,False,False,False,False
72202012839,1/1/2020,25.78805,-80.31694,1.4,MIAMI INTERNATIONAL AIRPORT - FL US,70.2,51.8,1017.5,16.5,10.0,3.1,6.0,999.9,82.0,61.0,0.0,999.9,FLAG_ANOMALY_STP,False,False,False,False,False,False
72202012839,1/2/2020,25.78805,-80.31694,1.4,MIAMI INTERNATIONAL AIRPORT - FL US,72.4,60.2,1017.8,16.7,10.0,5.6,13.0,15.9,82.0,61.0,0.0,999.9,FLAG_ANOMALY_STP,False,False,False,False,False,False
72202012839,1/3/2020,25.78805,-80.31694,1.4,MIAMI INTERNATIONAL AIRPORT - FL US,77.9,69.4,1018.2,17.0,10.0,8.8,15.0,25.1,84.0,63.0,0.0,999.9,FLAG_ANOMALY_STP,False,False,False,False,False,False
72202012839,1/4/2020,25.78805,-80.31694,1.4,MIAMI INTERNATIONAL AIRPORT - FL US,79.4,69.4,1018.4,17.5,10.0,7.9,15.9,22.0,87.1,73.0,0.0,999.9,FLAG_ANOMALY_STP,False,True,False,False,False,False
72202012839,1/5/2020,25.78805,-80.31694,1.4,MIAMI INTERNATIONAL AIRPORT - FL US,66.6,50.9,1022.5,21.5,9.9,8.8,14.0,21.0,87.1,57.9,0.06,999.9,FLAG_ANOMALY_STP,False,True,False,False,False,False
72202012839,1/6/2020,25.78805,-80.31694,1.4,MIAMI INTERNATIONAL AIRPORT - FL US,63.6,47.5,1023.0,22.0,10.0,6.3,9.9,15.0,75.0,55.9,0.0,999.9,FLAG_ANOMALY_STP,False,False,False,False,False,False
72202012839,1/7/2020,25.78805,-80.31694,1.4,MIAMI INTERNATIONAL AIRPORT - FL US,69.6,50.5,1021.3,20.3,10.0,3.5,7.0,999.9,79.0,55.9,0.0,999.9,FLAG_ANOMALY_STP,False,False,False,False,False,False
72202012839,1/8/2020,25.78805,-80.31694,1.4,MIAMI INTERNATIONAL AIRPORT - FL US,68.5,51.3,1024.7,23.7,10.0,5.0,12.0,19.0,79.0,61.0,0.0,999.9,FLAG_ANOMALY_STP,False,False,False,False,False,False
72202012839,1/9/2020,25.78805,-80.31694,1.4,MIAMI INTERNATIONAL AIRPORT - FL US,74.3,55.2,1026.9,25.9,10.0,14.1,25.1,31.1,79.0,61.0,0.0,999.9,FLAG_ANOMALY_STP,False,False,False,False,False,False
72202012839,1/10/2020,25.78805,-80.31694,1.4,MIAMI INTERNATIONAL AIRPORT - FL US,76.6,63.7,1025.8,24.8,10.0,18.0,24.1,35.0,81.0,71.1,0.0,999.9,FLAG_ANOMALY_STP,False,False,False,False,False,False
72202012839,1/11/2020,25.78805,-80.31694,1.4,MIAMI INTERNATIONAL AIRPORT - FL US,78.0,68.8,1023.5,22.5,9.5,16.9,22.9,29.9,82.9,73.9,0.02,999.9,FLAG_ANOMALY_STP,False,True,False,False,False,False
72202012839,1/12/2020,25.78805,-80.31694,1.4,MIAMI INTERNATIONAL AIRPORT - FL US,78.1,69.5,1024.2,23.2,9.7,10.4,17.1,22.9,82.9,75.0,0.0,999.9,FLAG_ANOMALY_STP,False,False,False,False,False,False
72202012839,1/13/2020,25.78805,-80.31694,1.4,MIAMI INTERNATIONAL AIRPORT - FL US,77.5,66.5,1025.5,24.4,10.0,12.2,17.1,22.0,82.9,73.0,0.0,999.9,FLAG_ANOMALY_STP,False,True,False,False,False,False
72202012839,1/14/2020,25.78805,-80.31694,1.4,MIAMI INTERNATIONAL AIRPORT - FL US,77.7,67.4,1024.4,23.6,9.9,11.4,15.9,22.0,82.9,73.0,0.02,999.9,FLAG_ANOMALY_STP,False,True,False,False,False,False
72202012839,1/15/2020,25.78805,-80.31694,1.4,MIAMI INTERNATIONAL AIRPORT - FL US,75.3,61.2,1023.1,22.1,10.0,7.4,12.0,17.1,82.0,69.1,0.0,999.9,FLAG_ANOMALY_STP,False,False,False,False,False,False
72202012839,1/16/2020,25.78805,-80.31694,1.4,MIAMI INTERNATIONAL AIRPORT - FL US,73.7,60.5,1023.6,22.6,10.0,4.5,11.1,15.9,82.0,64.9,0.0,999.9,FLAG_ANOMALY_STP,False,False,False,False,False,False
72202012839,1/17/2020,25.78805,-80.31694,1.4,MIAMI INTERNATIONAL AIRPORT - FL US,74.3,64.2,1024.0,22.9,10.0,6.8,20.0,27.0,82.0,64.9,0.0,999.9,FLAG_ANOMALY_STP,False,True,False,False,False,False
72202012839,1/18/2020,25.78805,-80.31694,1.4,MIAMI INTERNATIONAL AIRPORT - FL US,74.7,56.9,1025.2,24.2,10.0,15.9,20.0,27.0,81.0,68.0,0.12,999.9,FLAG_ANOMALY_STP,False,False,False,False,False,False
72202012839,1/19/2020,25.78805,-80.31694,1.4,MIAMI INTERNATIONAL AIRPORT - FL US,74.3,60.6,1021.0,20.0,10.0,7.4,11.1,17.1,81.0,66.0,0.0,999.9,FLAG_ANOMALY_STP,False,False,False,False,False,False
72202012839,1/20/2020,25.78805,-80.31694,1.4,MIAMI INTERNATIONAL AIRPORT - FL US,73.0,63.1,1018.4,17.4,10.0,5.1,9.9,14.0,81.0,66.0,0.0,999.9,FLAG_ANOMALY_STP,False,False,False,False,False,False
72202012839,1/21/2020,25.78805,-80.31694,1.4,MIAMI INTERNATIONAL AIRPORT - FL US,61.5,46.5,1019.3,18.3,10.0,8.4,14.0,21.0,75.9,55.0,0.0,999.9,FLAG_ANOMALY_STP,False,False,False,False,False,False
72202012839,1/22/2020,25.78805,-80.31694,1.4,MIAMI INTERNATIONAL AIRPORT - FL US,51.0,34.3,1018.5,17.5,10.0,11.0,14.0,27.0,66.9,39.9,0.0,999.9,FLAG_ANOMALY_STP,False,False,False,False,False,False
72202012839,1/23/2020,25.78805,-80.31694,1.4,MIAMI INTERNATIONAL AIRPORT - FL US,63.1,56.0,1016.7,15.7,6.3,6.5,13.0,19.0,75.9,57.0,0.0,999.9,FLAG_ANOMALY_STP,True,True,False,False,False,False
72202012839,1/24/2020,25.78805,-80.31694,1.4,MIAMI INTERNATIONAL AIRPORT - FL US,70.5,62.2,1016.5,15.5,8.7,4.2,11.1,17.1,80.1,57.0,0.31,999.9,FLAG_ANOMALY_STP,False,True,False,False,False,False
72202012839,1/25/2020,25.78805,-80.31694,1.4,MIAMI INTERNATIONAL AIRPORT - FL US,72.4,61.5,1017.6,16.6,10.0,3.1,8.0,15.0,80.1,63.0,0.0,999.9,FLAG_ANOMALY_STP,False,False,False,False,False,False
72202012839,1/26/2020,25.78805,-80.31694,1.4,MIAMI INTERNATIONAL AIRPORT - FL US,66.1,44.0,1018.3,17.3,10.0,4.9,7.0,999.9,79.0,54.0,0.0,999.9,FLAG_ANOMALY_STP,False,False,False,False,False,False
72202012839,1/27/2020,25.78805,-80.31694,1.4,MIAMI INTERNATIONAL AIRPORT - FL US,68.0,49.6,1015.0,14.0,10.0,3.9,8.9,999.9,77.0,54.0,0.0,999.9,FLAG_ANOMALY_STP,False,True,False,False,False,False
72202012839,1/28/2020,25.78805,-80.31694,1.4,MIAMI INTERNATIONAL AIRPORT - FL US,71.3,58.9,1012.7,11.7,9.6,2.8,8.0,999.9,80.1,61.0,0.0,999.9,FLAG_ANOMALY_STP,False,False,False,False,False,False
72202012839,1/29/2020,25.78805,-80.31694,1.4,MIAMI INTERNATIONAL AIRPORT - FL US,71.1,58.8,1013.3,12.4,10.0,4.7,13.0,15.9,82.0,60.1,0.0,999.9,FLAG_ANOMALY_STP,False,False,False,False,False,False
72202012839,1/30/2020,25.78805,-80.31694,1.4,MIAMI INTERNATIONAL AIRPORT - FL US,72.1,59.8,1012.8,11.5,9.4,5.6,15.9,25.1,82.0,60.1,1.08,999.9,FLAG_ANOMALY_STP,True,True,False,False,True,False
72202012839,1/31/2020,25.78805,-80.31694,1.4,MIAMI INTERNATIONAL AIRPORT - FL US,71.2,58.6,1015.9,14.9,10.0,4.5,12.0,17.1,80.1,62.1,0.0,999.9,FLAG_ANOMALY_STP,False,False,False,False,False,False
72202012839,2/1/2020,25.78805,-80.31694,1.4,MIAMI INTERNATIONAL AIRPORT - FL US,71.5,65.2,1014.9,13.9,9.1,6.0,17.1,22.0,80.1,62.1,1.33,999.9,FLAG_ANOMALY_STP,False,True,False,False,True,False
72202012839,2/2/2020,25.78805,-80.31694,1.4,MIAMI INTERNATIONAL AIRPORT - FL US,62.7,50.0,1019.3,18.3,10.0,7.8,12.0,20.0,77.0,55.0,0.32,999.9,FLAG_ANOMALY_STP,False,False,False,False,False,False
72202012839,2/3/2020,25.78805,-80.31694,1.4,MIAMI INTERNATIONAL AIRPORT - FL US,62.2,45.3,1021.7,20.6,10.0,2.9,7.0,999.9,75.0,48.9,0.0,999.9,FLAG_ANOMALY_STP,False,False,False,False,False,False
72202012839,2/4/2020,25.78805,-80.31694,1.4,MIAMI INTERNATIONAL AIRPORT - FL US,69.1,56.2,1021.2,20.2,10.0,4.7,13.0,19.0,79.0,48.9,0.0,999.9,FLAG_ANOMALY_STP,False,False,False,False,False,False
72202012839,2/5/2020,25.78805,-80.31694,1.4,MIAMI INTERNATIONAL AIRPORT - FL US,72.9,62.0,1018.4,17.3,10.0,6.2,14.0,21.0,81.0,59.0,0.0,999.9,FLAG_ANOMALY_STP,False,False,False,False,False,False
72202012839,2/6/2020,25.78805,-80.31694,1.4,MIAMI INTERNATIONAL AIRPORT - FL US,77.4,68.8,1013.0,12.0,10.0,10.5,21.0,28.9,84.2,75.0,0.0,999.9,FLAG_ANOMALY_STP,False,False,False,False,False,False
72202012839,2/7/2020,25.78805,-80.31694,1.4,MIAMI INTERNATIONAL AIRPORT - FL US,72.8,66.6,1012.8,11.5,9.5,9.0,19.0,29.9,84.0,64.0,0.09,999.9,FLAG_ANOMALY_STP,False,True,False,False,False,False
72202012839,2/8/2020,25.78805,-80.31694,1.4,MIAMI INTERNATIONAL AIRPORT - FL US,65.8,52.4,1021.6,20.6,10.0,6.3,13.0,18.1,78.1,59.0,0.29,999.9,FLAG_ANOMALY_STP,False,False,False,False,False,False
72202012839,2/9/2020,25.78805,-80.31694,1.4,MIAMI INTERNATIONAL AIRPORT - FL US,74.4,58.1,1025.0,23.9,10.0,9.6,18.1,25.1,81.0,59.0,0.0,999.9,FLAG_ANOMALY_STP,False,False,False,False,False,False
72202012839,2/10/2020,25.78805,-80.31694,1.4,MIAMI INTERNATIONAL AIRPORT - FL US,76.7,64.4,1023.6,22.5,10.0,13.4,17.1,25.1,82.0,71.1,0.0,999.9,FLAG_ANOMALY_STP,False,True,False,False,False,False
72202012839,2/11/2020,25.78805,-80.31694,1.4,MIAMI INTERNATIONAL AIRPORT - FL US,78.3,68.5,1020.9,19.9,9.9,10.1,13.0,999.9,84.0,73.0,0.0,999.9,FLAG_ANOMALY_STP,False,True,False,False,False,False
72202012839,2/12/2020,25.78805,-80.31694,1.4,MIAMI INTERNATIONAL AIRPORT - FL US,78.3,69.7,1019.5,18.4,10.0,8.4,17.1,22.0,84.0,73.9,0.0,999.9,FLAG_ANOMALY_STP,False,False,False,False,False,False
72202012839,2/13/2020,25.78805,-80.31694,1.4,MIAMI INTERNATIONAL AIRPORT - FL US,79.6,69.1,1018.3,17.3,10.0,9.9,15.0,22.9,86.0,73.9,0.0,999.9,FLAG_ANOMALY_STP,False,False,False,False,False,False
72202012839,2/14/2020,25.78805,-80.31694,1.4,MIAMI INTERNATIONAL AIRPORT - FL US,78.5,68.7,1019.5,18.4,9.1,4.8,9.9,14.0,87.1,73.0,0.0,999.9,FLAG_ANOMALY_STP,False,True,False,False,False,False
72202012839,2/15/2020,25.78805,-80.31694,1.4,MIAMI INTERNATIONAL AIRPORT - FL US,74.2,66.4,1021.4,20.3,8.7,5.8,12.0,20.0,87.1,70.0,0.02,999.9,FLAG_ANOMALY_STP,False,True,False,False,False,False
72202012839,2/16/2020,25.78805,-80.31694,1.4,MIAMI INTERNATIONAL AIRPORT - FL US,76.0,67.6,1019.3,18.5,8.8,9.3,12.0,20.0,82.9,70.0,0.81,999.9,FLAG_ANOMALY_STP,False,True,False,False,False,False
72202012839,2/17/2020,25.78805,-80.31694,1.4,MIAMI INTERNATIONAL AIRPORT - FL US,76.4,65.6,1017.9,16.9,10.0,3.9,12.0,17.1,84.9,68.0,0.07,999.9,FLAG_ANOMALY_STP,False,False,False,False,False,False
72202012839,2/18/2020,25.78805,-80.31694,1.4,MIAMI INTERNATIONAL AIRPORT - FL US,78.4,67.5,1020.0,19.0,10.0,8.8,14.0,21.0,84.9,68.0,0.0,999.9,FLAG_ANOMALY_STP,False,False,False,False,False,False
72202012839,2/19/2020,25.78805,-80.31694,1.4,MIAMI INTERNATIONAL AIRPORT - FL US,79.3,68.8,1020.4,19.6,9.9,7.5,12.0,999.9,84.9,73.9,0.0,999.9,FLAG_ANOMALY_STP,False,True,False,False,False,False
72202012839,2/20/2020,25.78805,-80.31694,1.4,MIAMI INTERNATIONAL AIRPORT - FL US,79.3,68.4,1019.1,18.0,10.0,6.9,12.0,20.0,86.0,73.9,0.0,999.9,FLAG_ANOMALY_STP,False,True,False,False,False,False
72202012839,2/21/2020,25.78805,-80.31694,1.4,MIAMI INTERNATIONAL AIRPORT - FL US,73.9,66.1,1017.5,16.4,9.8,7.2,14.0,22.0,86.0,66.0,0.01,999.9,FLAG_ANOMALY_STP,False,True,False,False,False,False
72202012839,2/22/2020,25.78805,-80.31694,1.4,MIAMI INTERNATIONAL AIRPORT - FL US,65.2,52.8,1020.8,19.7,9.9,11.2,17.1,25.1,81.0,57.9,0.0,999.9,FLAG_ANOMALY_STP,False,False,False,False,False,False
72202012839,2/23/2020,25.78805,-80.31694,1.4,MIAMI INTERNATIONAL AIRPORT - FL US,69.7,54.9,1021.7,20.7,10.0,7.4,13.0,21.0,78.1,57.9,0.04,999.9,FLAG_ANOMALY_STP,False,True,False,False,False,False
72202012839,2/24/2020,25.78805,-80.31694,1.4,MIAMI INTERNATIONAL AIRPORT - FL US,73.2,53.5,1019.0,18.0,10.0,9.0,15.0,26.0,80.1,64.0,0.0,999.9,FLAG_ANOMALY_STP,False,False,False,False,False,False
72202012839,2/25/2020,25.78805,-80.31694,1.4,MIAMI INTERNATIONAL AIRPORT - FL US,76.3,63.9,1015.4,14.4,10.0,8.0,15.0,22.0,84.9,68.0,0.0,999.9,FLAG_ANOMALY_STP,False,False,False,False,False,False
72202012839,2/26/2020,25.78805,-80.31694,1.4,MIAMI INTERNATIONAL AIRPORT - FL US,79.2,70.4,1014.5,13.5,9.7,8.0,15.9,28.0,86.0,71.1,0.08,999.9,FLAG_ANOMALY_STP,False,True,False,False,False,False
72202012839,2/27/2020,25.78805,-80.31694,1.4,MIAMI INTERNATIONAL AIRPORT - FL US,68.4,54.6,1017.9,16.5,9.8,8.7,15.9,26.0,75.0,62.6,0.26,999.9,FLAG_ANOMALY_STP,False,True,False,False,False,False
72202012839,2/28/2020,25.78805,-80.31694,1.4,MIAMI INTERNATIONAL AIRPORT - FL US,59.7,39.4,1023.1,22.1,10.0,8.1,14.0,22.0,70.0,51.1,0.0,999.9,FLAG_ANOMALY_STP,False,False,False,False,False,False
72202012839,2/29/2020,25.78805,-80.31694,1.4,MIAMI INTERNATIONAL AIRPORT - FL US,62.2,42.5,1024.4,23.4,10.0,5.9,11.1,18.1,72.0,51.1,0.0,999.9,FLAG_ANOMALY_STP,False,False,False,False,False,False
72202012839,3/1/2020,25.78805,-80.31694,1.4,MIAMI INTERNATIONAL AIRPORT - FL US,63.7,39.0,1024.8,23.8,10.0,6.1,14.0,22.9,75.9,53.1,0.0,999.9,FLAG_ANOMALY_STP,False,False,False,False,False,False
72202012839,3/2/2020,25.78805,-80.31694,1.4,MIAMI INTERNATIONAL AIRPORT - FL US,71.7,51.5,1022.1,21.2,10.0,11.1,15.9,22.0,79.0,55.0,0.0,999.9,FLAG_ANOMALY_STP,False,False,False,False,False,False
72202012839,3/3/2020,25.78805,-80.31694,1.4,MIAMI INTERNATIONAL AIRPORT - FL US,74.7,62.1,1018.2,17.0,10.0,8.6,17.1,24.1,82.0,66.9,0.0,999.9,FLAG_ANOMALY_STP,False,False,False,False,False,False
72202012839,3/4/2020,25.78805,-80.31694,1.4,MIAMI INTERNATIONAL AIRPORT - FL US,77.2,67.7,1017.0,16.0,10.0,7.2,14.0,21.0,84.9,70.0,0.0,999.9,FLAG_ANOMALY_STP,False,False,False,False,False,False
72202012839,3/5/2020,25.78805,-80.31694,1.4,MIAMI INTERNATIONAL AIRPORT - FL US,80.6,69.6,1017.2,16.2,10.0,7.3,12.0,19.0,91.0,71.1,0.0,999.9,FLAG_ANOMALY_STP,False,False,False,False,False,False
72202012839,3/6/2020,25.78805,-80.31694,1.4,MIAMI INTERNATIONAL AIRPORT - FL US,79.2,68.3,1017.1,16.2,9.9,7.2,12.0,20.0,91.0,75.0,0.0,999.9,FLAG_ANOMALY_STP,False,True,False,False,False,False
72202012839,3/7/2020,25.78805,-80.31694,1.4,MIAMI INTERNATIONAL AIRPORT - FL US,68.7,48.3,1021.5,20.5,10.0,9.1,15.0,22.9,84.9,60.1,0.09,999.9,FLAG_ANOMALY_STP,False,False,False,False,False,False
72202012839,3/8/2020,25.78805,-80.31694,1.4,MIAMI INTERNATIONAL AIRPORT - FL US,69.9,47.5,1027.0,26.0,10.0,13.0,19.0,27.0,75.9,60.1,0.0,999.9,FLAG_ANOMALY_STP,False,False,False,False,False,False
72202012839,3/9/2020,25.78805,-80.31694,1.4,MIAMI INTERNATIONAL AIRPORT - FL US,73.0,51.8,1028.7,27.7,10.0,16.7,25.1,32.1,79.0,68.0,0.0,999.9,FLAG_ANOMALY_STP,False,True,False,False,False,False
72202012839,3/10/2020,25.78805,-80.31694,1.4,MIAMI INTERNATIONAL AIRPORT - FL US,74.8,58.1,1026.3,25.3,10.0,13.2,19.0,25.1,81.0,70.0,0.0,999.9,FLAG_ANOMALY_STP,False,False,False,False,False,False
72202012839,3/11/2020,25.78805,-80.31694,1.4,MIAMI INTERNATIONAL AIRPORT - FL US,74.4,60.9,1021.7,20.7,10.0,7.7,14.0,18.1,81.0,70.0,0.0,999.9,FLAG_ANOMALY_STP,False,True,False,False,False,False
72202012839,3/12/2020,25.78805,-80.31694,1.4,MIAMI INTERNATIONAL AIRPORT - FL US,75.2,60.5,1017.9,16.9,10.0,6.6,15.0,17.1,82.9,68.0,0.0,999.9,FLAG_ANOMALY_STP,False,False,False,False,False,False
72202012839,3/13/2020,25.78805,-80.31694,1.4,MIAMI INTERNATIONAL AIRPORT - FL US,75.8,60.8,1019.4,18.3,10.0,6.7,12.0,18.1,82.9,66.9,0.0,999.9,FLAG_ANOMALY_STP,False,False,False,False,False,False
72202012839,3/14/2020,25.78805,-80.31694,1.4,MIAMI INTERNATIONAL AIRPORT - FL US,78.0,65.6,1022.5,21.5,10.0,9.4,14.0,18.1,84.0,66.9,0.0,999.9,FLAG_ANOMALY_STP,False,False,False,False,False,False
72202012839,3/15/2020,25.78805,-80.31694,1.4,MIAMI INTERNATIONAL AIRPORT - FL US,77.7,64.9,1022.9,21.8,10.0,8.1,13.0,17.1,84.0,73.0,0.0,999.9,FLAG_ANOMALY_STP,False,False,False,False,False,False
72202012839,3/16/2020,25.78805,-80.31694,1.4,MIAMI INTERNATIONAL AIRPORT - FL US,76.9,62.6,1022.3,21.2,10.0,6.8,15.9,22.9,84.0,69.1,0.0,999.9,FLAG_ANOMALY_STP,False,False,False,False,False,False
72202012839,3/17/2020,25.78805,-80.31694,1.4,MIAMI INTERNATIONAL AIRPORT - FL US,77.4,64.3,1022.2,21.2,10.0,9.1,13.0,18.1,84.0,69.1,0.0,999.9,FLAG_ANOMALY_STP,False,False,False,False,False,False
72202012839,3/18/2020,25.78805,-80.31694,1.4,MIAMI INTERNATIONAL AIRPORT - FL US,77.2,62.8,1023.2,22.2,10.0,9.5,14.0,15.9,84.0,72.0,0.0,999.9,FLAG_ANOMALY_STP,False,False,False,False,False,False
72202012839,3/19/2020,25.78805,-80.31694,1.4,MIAMI INTERNATIONAL AIRPORT - FL US,78.2,65.7,1024.4,23.4,10.0,11.7,15.9,21.0,84.9,72.0,0.0,999.9,FLAG_ANOMALY_STP,False,False,False,False,False,False
72202012839,3/20/2020,25.78805,-80.31694,1.4,MIAMI INTERNATIONAL AIRPORT - FL US,78.6,65.9,1024.9,23.9,10.0,11.7,15.9,18.1,84.9,75.0,0.0,999.9,FLAG_ANOMALY_STP,False,True,False,False,False,False
72202012839,3/21/2020,25.78805,-80.31694,1.4,MIAMI INTERNATIONAL AIRPORT - FL US,78.6,66.2,1023.7,22.7,10.0,9.9,12.0,17.1,84.9,73.9,0.0,999.9,FLAG_ANOMALY_STP,False,True,False,False,False,False
72202012839,3/22/2020,25.78805,-80.31694,1.4,MIAMI INTERNATIONAL AIRPORT - FL US,77.4,64.6,1022.5,21.5,10.0,7.6,12.0,999.9,84.9,69.1,0.0,999.9,FLAG_ANOMALY_STP,False,False,False,False,False,False
72202012839,3/23/2020,25.78805,-80.31694,1.4,MIAMI INTERNATIONAL AIRPORT - FL US,77.9,65.0,1022.7,21.7,10.0,8.0,15.9,21.0,84.9,69.1,0.0,999.9,FLAG_ANOMALY_STP,False,True,False,False,False,False
72202012839,3/24/2020,25.78805,-80.31694,1.4,MIAMI INTERNATIONAL AIRPORT - FL US,78.2,66.0,1020.5,19.4,10.0,6.4,13.0,17.1,86.0,71.1,0.01,999.9,FLAG_ANOMALY_STP,False,False,False,False,False,False
72202012839,3/25/2020,25.78805,-80.31694,1.4,MIAMI INTERNATIONAL AIRPORT - FL US,78.9,65.7,1016.5,15.4,10.0,5.2,11.1,14.0,90.0,71.1,0.0,999.9,FLAG_ANOMALY_STP,False,False,False,False,False,False
72202012839,3/26/2020,25.78805,-80.31694,1.4,MIAMI INTERNATIONAL AIRPORT - FL US,78.3,67.1,1015.4,14.4,10.0,5.8,9.9,999.9,90.0,71.1,0.0,999.9,FLAG_ANOMALY_STP,False,False,False,False,False,False
72202012839,3/27/2020,25.78805,-80.31694,1.4,MIAMI INTERNATIONAL AIRPORT - FL US,78.7,67.7,1016.4,15.4,10.0,3.8,11.1,17.1,89.1,72.0,0.0,999.9,FLAG_ANOMALY_STP,False,False,False,False,False,False
72202012839,3/28/2020,25.78805,-80.31694,1.4,MIAMI INTERNATIONAL AIRPORT - FL US,77.4,65.0,1018.1,17.0,10.0,8.6,12.0,20.0,88.0,71.1,0.0,999.9,FLAG_ANOMALY_STP,False,False,False,False,False,False
72202012839,3/29/2020,25.78805,-80.31694,1.4,MIAMI INTERNATIONAL AIRPORT - FL US,79.3,68.6,1019.7,18.6,10.0,8.1,13.0,19.0,86.0,71.1,0.0,999.9,FLAG_ANOMALY_STP,False,False,False,False,False,False
72202012839,3/30/2020,25.78805,-80.31694,1.4,MIAMI INTERNATIONAL AIRPORT - FL US,80.2,69.5,1019.5,18.5,10.0,7.0,11.1,999.9,88.0,73.9,0.0,999.9,FLAG_ANOMALY_STP,False,False,False,False,False,False
72202012839,3/31/2020,25.78805,-80.31694,1.4,MIAMI INTERNATIONAL AIRPORT - FL US,80.6,69.0,1013.6,12.8,10.0,5.9,14.0,22.0,91.9,73.9,0.0,999.9,FLAG_ANOMALY_STP,False,False,False,False,False,False
72202012839,4/1/2020,25.78805,-80.31694,1.4,MIAMI INTERNATIONAL AIRPORT - FL US,79.4,66.2,1009.3,8.2,9.7,8.6,18.1,25.1,91.9,73.0,0.02,999.9,FLAG_ANOMALY_STP,False,True,False,False,False,False
72202012839,4/2/2020,25.78805,-80.31694,1.4,MIAMI INTERNATIONAL AIRPORT - FL US,74.5,59.3,1013.4,12.4,10.0,5.5,12.0,15.9,88.0,66.9,0.1,999.9,FLAG_ANOMALY_STP,False,False,False,False,False,False
72202012839,4/3/2020,25.78805,-80.31694,1.4,MIAMI INTERNATIONAL AIRPORT - FL US,76.0,58.8,1014.6,13.6,10.0,5.7,12.0,999.9,82.9,66.9,0.0,999.9,FLAG_ANOMALY_STP,False,False,False,False,False,False
72202012839,4/4/2020,25.78805,-80.31694,1.4,MIAMI INTERNATIONAL AIRPORT - FL US,77.0,61.9,1014.3,13.2,10.0,4.4,12.0,17.1,84.9,71.1,0.0,999.9,FLAG_ANOMALY_STP,False,False,False,False,False,False
72202012839,4/5/2020,25.78805,-80.31694,1.4,MIAMI INTERNATIONAL AIRPORT - FL US,77.7,64.8,1014.5,13.5,10.0,5.0,11.1,15.9,84.9,72.0,0.0,999.9,FLAG_ANOMALY_STP,False,False,False,False,False,False
72202012839,4/6/2020,25.78805,-80.31694,1.4,MIAMI INTERNATIONAL AIRPORT - FL US,78.6,70.1,1015.4,14.4,10.0,5.1,15.9,21.0,87.1,72.0,0.0,999.9,FLAG_ANOMALY_STP,False,True,False,False,False,False
72202012839,4/7/2020,25.78805,-80.31694,1.4,MIAMI INTERNATIONAL AIRPORT - FL US,79.9,69.9,1017.0,16.3,10.0,9.4,15.0,19.0,87.1,73.9,0.0,999.9,FLAG_ANOMALY_STP,False,False,False,False,False,False
72202012839,4/8/2020,25.78805,-80.31694,1.4,MIAMI INTERNATIONAL AIRPORT - FL US,81.4,70.9,1014.9,14.0,10.0,5.3,13.0,19.0,91.9,75.0,0.0,999.9,FLAG_ANOMALY_STP,False,False,False,False,False,False
72202012839,4/9/2020,25.78805,-80.31694,1.4,MIAMI INTERNATIONAL AIRPORT - FL US,82.1,69.1,1012.3,11.4,10.0,7.7,14.0,20.0,93.9,73.9,0.0,999.9,FLAG_ANOMALY_STP,False,False,False,False,False,False
72202012839,4/10/2020,25.78805,-80.31694,1.4,MIAMI INTERNATIONAL AIRPORT - FL US,83.1,71.0,1010.7,9.7,9.6,7.9,12.0,18.1,95.0,73.9,0.0,999.9,FLAG_ANOMALY_STP,False,False,False,False,False,False
72202012839,4/11/2020,25.78805,-80.31694,1.4,MIAMI INTERNATIONAL AIRPORT - FL US,81.1,72.3,1014.1,13.1,9.8,8.7,15.9,999.9,95.0,75.0,0.01,999.9,FLAG_ANOMALY_STP,True,True,False,False,True,False
72202012839,4/12/2020,25.78805,-80.31694,1.4,MIAMI INTERNATIONAL AIRPORT - FL US,81.1,74.9,1017.1,15.9,9.1,11.4,18.1,25.1,88.0,73.0,1.37,999.9,FLAG_ANOMALY_STP,False,True,False,False,True,False
72202012839,4/13/2020,25.78805,-80.31694,1.4,MIAMI INTERNATIONAL AIRPORT - FL US,83.7,74.6,1017.5,16.4,10.0,12.1,15.9,24.1,89.1,78.1,0.0,999.9,FLAG_ANOMALY_STP,False,False,False,False,False,False
72202012839,4/14/2020,25.78805,-80.31694,1.4,MIAMI INTERNATIONAL AIRPORT - FL US,83.4,73.9,1017.6,16.6,10.0,8.0,15.0,19.0,91.0,79.0,0.0,999.9,FLAG_ANOMALY_STP,False,False,False,False,False,False
72202012839,4/15/2020,25.78805,-80.31694,1.4,MIAMI INTERNATIONAL AIRPORT - FL US,84.5,73.7,1015.0,14.0,10.0,8.0,13.0,19.0,93.0,79.0,0.0,999.9,FLAG_ANOMALY_STP,False,False,False,False,False,False
72202012839,4/16/2020,25.78805,-80.31694,1.4,MIAMI INTERNATIONAL AIRPORT - FL US,83.5,73.3,1015.9,14.8,9.9,5.5,11.1,18.1,93.0,77.0,0.0,999.9,FLAG_ANOMALY_STP,False,False,False,False,False,False
72202012839,4/17/2020,25.78805,-80.31694,1.4,MIAMI INTERNATIONAL AIRPORT - FL US,81.6,72.6,1018.9,18.0,10.0,9.8,14.0,20.0,91.0,77.0,0.0,999.9,FLAG_ANOMALY_STP,False,False,False,False,False,False
72202012839,4/18/2020,25.78805,-80.31694,1.4,MIAMI INTERNATIONAL AIRPORT - FL US,82.7,73.5,1017.3,16.3,9.8,5.7,12.0,26.0,91.9,77.0,0.0,999.9,FLAG_ANOMALY_STP,False,False,False,False,False,False
72202012839,4/19/2020,25.78805,-80.31694,1.4,MIAMI INTERNATIONAL AIRPORT - FL US,82.5,72.8,1015.5,14.5,10.0,5.7,14.0,21.0,93.0,75.0,0.0,999.9,FLAG_ANOMALY_STP,False,False,False,False,False,False
72202012839,4/20/2020,25.78805,-80.31694,1.4,MIAMI INTERNATIONAL AIRPORT - FL US,86.0,70.8,1011.4,10.3,10.0,10.9,20.0,29.9,97.0,75.0,0.0,999.9,FLAG_ANOMALY_STP,False,False,False,False,False,False
72202012839,4/21/2020,25.78805,-80.31694,1.4,MIAMI INTERNATIONAL AIRPORT - FL US,84.9,71.9,1012.5,11.5,10.0,7.3,11.1,20.0,97.0,80.1,0.0,999.9,FLAG_ANOMALY_STP,False,False,False,False,False,False
72202012839,4/22/2020,25.78805,-80.31694,1.4,MIAMI INTERNATIONAL AIRPORT - FL US,80.0,58.5,1015.8,14.7,10.0,5.5,12.0,20.0,93.9,70.0,0.0,999.9,FLAG_ANOMALY_STP,False,False,False,False,False,False
72202012839,4/23/2020,25.78805,-80.31694,1.4,MIAMI INTERNATIONAL AIRPORT - FL US,82.9,67.6,1015.6,14.5,10.0,11.8,15.0,21.0,90.0,70.0,0.0,999.9,FLAG_ANOMALY_STP,False,False,False,False,False,False
72202012839,4/24/2020,25.78805,-80.31694,1.4,MIAMI INTERNATIONAL AIRPORT - FL US,85.9,73.3,1013.0,11.9,10.0,10.9,14.0,22.0,95.0,79.0,0.0,999.9,FLAG_ANOMALY_STP,False,False,False,False,False,False
72202012839,4/25/2020,25.78805,-80.31694,1.4,MIAMI INTERNATIONAL AIRPORT - FL US,83.3,71.3,1014.4,13.3,10.0,8.9,14.0,20.0,95.0,77.0,0.02,999.9,FLAG_ANOMALY_STP,False,True,False,False,True,False
72202012839,4/26/2020,25.78805,-80.31694,1.4,MIAMI INTERNATIONAL AIRPORT - FL US,80.4,72.5,1016.6,15.7,9.8,4.8,21.0,33.0,91.9,68.0,1.37,999.9,FLAG_ANOMALY_STP,False,True,False,False,True,False
72202012839,4/27/2020,25.78805,-80.31694,1.4,MIAMI INTERNATIONAL AIRPORT - FL US,77.5,62.1,1018.3,17.2,10.0,5.4,11.1,17.1,87.1,68.0,0.0,999.9,FLAG_ANOMALY_STP,False,False,False,False,False,False
72202012839,4/28/2020,25.78805,-80.31694,1.4,MIAMI INTERNATIONAL AIRPORT - FL US,76.6,59.2,1020.0,19.0,10.0,7.3,15.9,21.0,87.1,70.0,0.0,999.9,FLAG_ANOMALY_STP,False,False,False,False,False,False
72202012839,4/29/2020,25.78805,-80.31694,1.4,MIAMI INTERNATIONAL AIRPORT - FL US,79.8,64.7,1017.4,16.4,10.0,10.7,14.0,18.1,87.1,70.0,0.0,999.9,FLAG_ANOMALY_STP,False,False,False,False,False,False
72202012839,4/30/2020,25.78805,-80.31694,1.4,MIAMI INTERNATIONAL AIRPORT - FL US,79.8,71.0,1014.1,13.1,10.0,7.4,27.0,38.1,87.1,71.1,0.0,999.9,FLAG_ANOMALY_STP,True,True,False,False,True,False
72202012839,5/1/2020,25.78805,-80.31694,1.4,MIAMI INTERNATIONAL AIRPORT - FL US,74.5,57.8,1015.9,14.8,9.8,5.4,12.0,17.1,88.0,64.0,0.97,999.9,FLAG_ANOMALY_STP,False,True,False,False,False,False
72202012839,5/2/2020,25.78805,-80.31694,1.4,MIAMI INTERNATIONAL AIRPORT - FL US,76.1,60.3,1019.2,18.2,10.0,4.9,12.0,17.1,84.9,64.0,0.0,999.9,FLAG_ANOMALY_STP,False,False,False,False,False,False
72202012839,5/3/2020,25.78805,-80.31694,1.4,MIAMI INTERNATIONAL AIRPORT - FL US,77.4,61.0,1019.1,18.1,10.0,6.1,11.1,15.9,84.0,69.1,0.0,999.9,FLAG_ANOMALY_STP,False,False,False,False,False,False
72202012839,5/4/2020,25.78805,-80.31694,1.4,MIAMI INTERNATIONAL AIRPORT - FL US,78.4,64.2,1016.3,15.2,10.0,5.1,12.0,999.9,87.1,69.1,0.0,999.9,FLAG_ANOMALY_STP,False,False,False,False,False,False
72202012839,5/5/2020,25.78805,-80.31694,1.4,MIAMI INTERNATIONAL AIRPORT - FL US,79.4,67.1,1015.0,14.1,10.0,4.4,11.1,15.9,88.0,70.0,0.0,999.9,FLAG_ANOMALY_STP,False,False,False,False,False,False
72202012839,5/6/2020,25.78805,-80.31694,1.4,MIAMI INTERNATIONAL AIRPORT - FL US,81.0,67.2,1014.2,13.2,10.0,5.3,13.0,22.9,91.9,73.0,0.0,999.9,FLAG_ANOMALY_STP,False,False,False,False,False,False
72202012839,5/7/2020,25.78805,-80.31694,1.4,MIAMI INTERNATIONAL AIRPORT - FL US,78.5,59.0,1015.1,14.0,10.0,7.8,11.1,17.1,91.9,71.1,0.0,999.9,FLAG_ANOMALY_STP,False,False,False,False,False,False
72202012839,5/8/2020,25.78805,-80.31694,1.4,MIAMI INTERNATIONAL AIRPORT - FL US,76.0,59.4,1017.6,16.5,10.0,7.0,12.0,26.0,87.1,66.0,0.0,999.9,FLAG_ANOMALY_STP,False,False,False,False,False,False
72202012839,5/9/2020,25.78805,-80.31694,1.4,MIAMI INTERNATIONAL AIRPORT - FL US,78.1,64.1,1017.0,15.9,10.0,5.1,13.0,18.1,88.0,66.0,0.0,999.9,FLAG_ANOMALY_STP,False,False,False,False,False,False
72202012839,5/10/2020,25.78805,-80.31694,1.4,MIAMI INTERNATIONAL AIRPORT - FL US,76.8,66.4,1017.8,16.7,9.1,6.7,11.1,999.9,88.0,70.0,0.01,999.9,FLAG_ANOMALY_STP,False,True,False,False,False,False
72202012839,5/11/2020,25.78805,-80.31694,1.4,MIAMI INTERNATIONAL AIRPORT - FL US,76.0,68.4,1016.1,15.2,9.2,6.7,15.0,21.0,84.9,71.1,0.25,999.9,FLAG_ANOMALY_STP,False,True,False,False,False,False
72202012839,5/12/2020,25.78805,-80.31694,1.4,MIAMI INTERNATIONAL AIRPORT - FL US,78.8,64.0,1018.7,17.7,10.0,10.0,17.1,26.0,84.9,72.0,0.0,999.9,FLAG_ANOMALY_STP,False,False,False,False,False,False
72202012839,5/13/2020,25.78805,-80.31694,1.4,MIAMI INTERNATIONAL AIRPORT - FL US,78.6,63.3,1019.9,18.9,10.0,13.8,20.0,25.1,84.0,75.0,0.0,999.9,FLAG_ANOMALY_STP,False,False,False,False,False,False
72202012839,5/14/2020,25.78805,-80.31694,1.4,MIAMI INTERNATIONAL AIRPORT - FL US,77.2,67.0,1018.7,17.9,9.9,14.8,18.1,25.1,84.0,73.9,0.0,999.9,FLAG_ANOMALY_STP,False,True,False,False,False,False
72202012839,5/15/2020,25.78805,-80.31694,1.4,MIAMI INTERNATIONAL AIRPORT - FL US,76.0,71.8,1014.2,13.3,8.1,10.2,24.1,29.9,81.0,71.6,0.36,999.9,FLAG_ANOMALY_STP,True,True,False,False,True,False
72202012839,5/16/2020,25.78805,-80.31694,1.4,MIAMI INTERNATIONAL AIRPORT - FL US,77.9,71.2,1010.9,10.0,6.6,7.4,13.0,19.0,89.1,71.1,1.41,999.9,FLAG_ANOMALY_STP,True,True,False,False,False,False
72202012839,5/17/2020,25.78805,-80.31694,1.4,MIAMI INTERNATIONAL AIRPORT - FL US,78.8,71.4,1013.2,12.2,10.0,6.3,21.0,26.0,89.1,71.1,0.0,999.9,FLAG_ANOMALY_STP,False,True,False,False,True,False
72202012839,5/18/2020,25.78805,-80.31694,1.4,MIAMI INTERNATIONAL AIRPORT - FL US,78.8,73.3,1014.5,13.5,9.3,3.7,15.0,22.9,89.1,72.0,0.21,999.9,FLAG_ANOMALY_STP,False,True,False,False,True,False
72202012839,5/19/2020,25.78805,-80.31694,1.4,MIAMI INTERNATIONAL AIRPORT - FL US,77.9,73.1,1013.1,12.2,9.7,6.5,15.0,21.0,88.0,70.0,1.6,999.9,FLAG_ANOMALY_STP,True,True,False,False,True,False
72202012839,5/20/2020,25.78805,-80.31694,1.4,MIAMI INTERNATIONAL AIRPORT - FL US,81.9,73.3,1013.4,12.4,9.7,5.5,12.0,19.0,93.9,73.0,0.08,999.9,FLAG_ANOMALY_STP,False,True,False,False,True,False
72202012839,5/21/2020,25.78805,-80.31694,1.4,MIAMI INTERNATIONAL AIRPORT - FL US,82.9,73.8,1015.6,14.5,10.0,5.8,13.0,14.0,93.9,75.0,0.0,999.9,FLAG_ANOMALY_STP,False,True,False,False,True,False
72202012839,5/22/2020,25.78805,-80.31694,1.4,MIAMI INTERNATIONAL AIRPORT - FL US,82.3,73.4,1017.4,16.3,10.0,8.3,15.9,21.0,91.0,73.0,0.13,999.9,FLAG_ANOMALY_STP,False,True,False,False,True,False
72202012839,5/23/2020,25.78805,-80.31694,1.4,MIAMI INTERNATIONAL AIRPORT - FL US,81.9,72.8,1017.1,16.1,10.0,11.4,15.9,19.0,88.0,73.0,0.08,999.9,FLAG_ANOMALY_STP,False,True,False,False,False,False
72202012839,5/24/2020,25.78805,-80.31694,1.4,MIAMI INTERNATIONAL AIRPORT - FL US,76.8,73.8,1015.1,14.1,7.2,9.2,18.1,27.0,87.1,73.0,0.6,999.9,FLAG_ANOMALY_STP,True,True,False,False,False,False
72202012839,5/25/2020,25.78805,-80.31694,1.4,MIAMI INTERNATIONAL AIRPORT - FL US,75.9,74.0,1011.6,10.9,6.9,12.0,18.1,28.0,79.0,73.0,4.39,999.9,FLAG_ANOMALY_STP,False,True,False,False,False,False
72202012839,5/26/2020,25.78805,-80.31694,1.4,MIAMI INTERNATIONAL AIRPORT - FL US,78.1,74.7,1011.8,10.7,8.0,6.1,19.0,34.0,87.1,70.0,2.76,999.9,FLAG_ANOMALY_STP,True,True,False,False,True,False
72202012839,5/27/2020,25.78805,-80.31694,1.4,MIAMI INTERNATIONAL AIRPORT - FL US,79.2,73.1,1014.3,13.5,9.9,6.1,13.0,21.0,87.1,70.0,7.08,999.9,FLAG_ANOMALY_STP,False,True,False,False,True,False
72202012839,5/28/2020,25.78805,-80.31694,1.4,MIAMI INTERNATIONAL AIRPORT - FL US,82.6,76.4,1016.9,16.1,10.0,6.3,13.0,999.9,87.1,73.0,0.01,999.9,FLAG_ANOMALY_STP,False,True,False,False,False,False
72202012839,5/29/2020,25.78805,-80.31694,1.4,MIAMI INTERNATIONAL AIRPORT - FL US,82.8,73.7,1017.2,16.2,10.0,9.7,12.0,18.1,88.0,79.0,0.0,999.9,FLAG_ANOMALY_STP,False,False,False,False,False,False
72202012839,5/30/2020,25.78805,-80.31694,1.4,MIAMI INTERNATIONAL AIRPORT - FL US,83.4,72.5,1016.4,15.6,10.0,8.9,13.0,17.1,89.1,79.0,0.0,999.9,FLAG_ANOMALY_STP,False,True,False,False,False,False
72202012839,5/31/2020,25.78805,-80.31694,1.4,MIAMI INTERNATIONAL AIRPORT - FL US,83.1,72.3,1016.2,15.1,10.0,6.4,11.1,999.9,89.1,78.1,0.0,999.9,FLAG_ANOMALY_STP,False,False,False,False,False,False
72202012839,6/1/2020,25.78805,-80.31694,1.4,MIAMI INTERNATIONAL AIRPORT - FL US,83.5,73.1,1017.0,16.0,10.0,5.7,14.0,18.1,90.0,77.0,0.0,999.9,FLAG_ANOMALY_STP,False,False,False,False,False,False
72202012839,6/2/2020,25.78805,-80.31694,1.4,MIAMI INTERNATIONAL AIRPORT - FL US,82.2,73.2,1017.8,16.8,9.7,9.5,14.0,21.0,90.0,77.0,0.0,999.9,FLAG_ANOMALY_STP,False,True,False,False,False,False
72202012839,6/3/2020,25.78805,-80.31694,1.4,MIAMI INTERNATIONAL AIRPORT - FL US,79.7,74.3,1016.3,15.4,9.5,5.9,13.0,20.0,89.1,75.0,0.85,999.9,FLAG_ANOMALY_STP,False,True,False,False,True,False
72202012839,6/4/2020,25.78805,-80.31694,1.4,MIAMI INTERNATIONAL AIRPORT - FL US,78.1,74.0,1015.3,14.3,9.0,5.0,20.0,28.9,87.1,71.1,1.87,999.9,FLAG_ANOMALY_STP,True,True,False,False,True,False
72202012839,6/5/2020,25.78805,-80.31694,1.4,MIAMI INTERNATIONAL AIRPORT - FL US,82.2,77.0,1016.1,15.0,10.0,7.6,15.9,20.0,88.0,71.1,0.69,999.9,FLAG_ANOMALY_STP,False,False,False,False,True,False
72202012839,6/6/2020,25.78805,-80.31694,1.4,MIAMI INTERNATIONAL AIRPORT - FL US,84.0,77.4,1015.4,14.4,9.8,10.3,13.0,22.0,88.0,80.1,0.0,999.9,FLAG_ANOMALY_STP,False,True,False,False,False,False
72202012839,6/7/2020,25.78805,-80.31694,1.4,MIAMI INTERNATIONAL AIRPORT - FL US,85.1,77.5,1014.7,13.6,9.9,9.2,14.0,20.0,91.0,82.0,0.0,999.9,FLAG_ANOMALY_STP,False,False,False,False,False,False
72202012839,6/8/2020,25.78805,-80.31694,1.4,MIAMI INTERNATIONAL AIRPORT - FL US,83.6,77.7,1015.1,14.2,10.0,5.7,8.9,999.9,91.0,79.0,0.0,999.9,FLAG_ANOMALY_STP,False,True,False,False,True,False
72202012839,6/9/2020,25.78805,-80.31694,1.4,MIAMI INTERNATIONAL AIRPORT - FL US,84.5,76.3,1015.0,14.0,10.0,6.2,9.9,999.9,91.0,79.0,0.15,999.9,FLAG_ANOMALY_STP,False,False,False,False,False,False
72202012839,6/10/2020,25.78805,-80.31694,1.4,MIAMI INTERNATIONAL AIRPORT - FL US,85.3,74.1,1016.0,14.9,10.0,6.3,9.9,14.0,91.0,79.0,0.0,999.9,FLAG_ANOMALY_STP,False,False,False,False,False,False
72202012839,6/11/2020,25.78805,-80.31694,1.4,MIAMI INTERNATIONAL AIRPORT - FL US,83.3,72.9,1017.1,16.3,9.9,6.8,14.0,22.9,91.0,78.1,0.12,999.9,FLAG_ANOMALY_STP,False,True,False,False,True,False
72202012839,6/12/2020,25.78805,-80.31694,1.4,MIAMI INTERNATIONAL AIRPORT - FL US,82.4,69.3,1016.6,15.5,10.0,8.5,14.0,18.1,88.0,78.1,0.09,999.9,FLAG_ANOMALY_STP,False,True,False,False,False,False
72202012839,6/13/2020,25.78805,-80.31694,1.4,MIAMI INTERNATIONAL AIRPORT - FL US,83.2,71.7,1014.0,12.9,10.0,9.0,14.0,19.0,89.1,77.0,0.02,999.9,FLAG_ANOMALY_STP,False,False,False,False,False,False
72202012839,6/14/2020,25.78805,-80.31694,1.4,MIAMI INTERNATIONAL AIRPORT - FL US,83.0,73.4,1015.1,14.1,10.0,6.9,11.1,999.9,91.9,75.9,0.01,999.9,FLAG_ANOMALY_STP,False,True,False,False,True,False
72202012839,6/15/2020,25.78805,-80.31694,1.4,MIAMI INTERNATIONAL AIRPORT - FL US,81.3,73.2,1016.2,15.1,9.7,3.6,13.0,26.0,95.0,73.9,0.17,999.9,FLAG_ANOMALY_STP,False,True,False,False,True,False
72202012839,6/16/2020,25.78805,-80.31694,1.4,MIAMI INTERNATIONAL AIRPORT - FL US,79.6,70.5,1017.1,16.0,9.9,5.5,12.0,17.1,97.0,73.0,0.84,999.9,FLAG_ANOMALY_STP,False,True,False,False,False,False
72202012839,6/17/2020,25.78805,-80.31694,1.4,MIAMI INTERNATIONAL AIRPORT - FL US,80.4,70.6,1017.5,16.4,9.7,7.8,13.0,17.1,88.0,73.0,0.0,999.9,FLAG_ANOMALY_STP,False,True,False,False,False,False
72202012839,6/18/2020,25.78805,-80.31694,1.4,MIAMI INTERNATIONAL AIRPORT - FL US,79.3,73.9,1016.7,15.7,9.5,4.8,18.1,24.1,90.0,73.0,0.57,999.9,FLAG_ANOMALY_STP,False,True,False,False,True,False
72202012839,6/19/2020,25.78805,-80.31694,1.4,MIAMI INTERNATIONAL AIRPORT - FL US,83.5,75.8,1016.9,15.7,10.0,5.7,14.0,26.0,90.0,73.0,0.73,999.9,FLAG_ANOMALY_STP,False,True,False,False,True,False
72202012839,6/20/2020,25.78805,-80.31694,1.4,MIAMI INTERNATIONAL AIRPORT - FL US,83.1,75.0,1017.2,16.2,9.8,4.5,12.0,17.1,91.0,73.9,1.0,999.9,FLAG_ANOMALY_STP,False,True,False,False,True,False
72202012839,6/21/2020,25.78805,-80.31694,1.4,MIAMI INTERNATIONAL AIRPORT - FL US,84.7,75.6,1017.5,16.5,10.0,2.3,8.0,999.9,91.0,78.1,0.0,999.9,FLAG_ANOMALY_STP,False,True,False,False,True,False
72202012839,6/22/2020,25.78805,-80.31694,1.4,MIAMI INTERNATIONAL AIRPORT - FL US,85.5,75.8,1018.4,17.4,10.0,5.1,13.0,18.1,93.0,79.0,0.01,999.9,FLAG_ANOMALY_STP,False,True,False,False,False,False
72202012839,6/23/2020,25.78805,-80.31694,1.4,MIAMI INTERNATIONAL AIRPORT - FL US,86.8,76.3,1017.5,16.5,10.0,4.9,13.0,15.0,93.0,79.0,0.0,999.9,FLAG_ANOMALY_STP,False,False,False,False,False,False
72202012839,6/24/2020,25.78805,-80.31694,1.4,MIAMI INTERNATIONAL AIRPORT - FL US,87.6,75.5,1016.9,15.8,10.0,4.6,9.9,999.9,95.0,81.0,0.0,999.9,FLAG_ANOMALY_STP,False,False,False,False,False,False
72202012839,6/25/2020,25.78805,-80.31694,1.4,MIAMI INTERNATIONAL AIRPORT - FL US,88.2,75.8,1018.5,17.5,10.0,8.1,12.0,15.0,95.0,82.9,0.0,999.9,FLAG_ANOMALY_STP,False,False,False,False,False,False
72202012839,6/26/2020,25.78805,-80.31694,1.4,MIAMI INTERNATIONAL AIRPORT - FL US,88.2,75.2,1020.7,19.6,10.0,9.6,14.0,20.0,93.9,84.0,0.0,999.9,FLAG_ANOMALY_STP,False,False,False,False,False,False
72202012839,6/27/2020,25.78805,-80.31694,1.4,MIAMI INTERNATIONAL AIRPORT - FL US,87.6,74.9,1019.4,18.3,10.0,8.3,11.1,15.9,93.9,82.9,0.0,999.9,FLAG_ANOMALY_STP,False,False,False,False,False,False
72202012839,6/28/2020,25.78805,-80.31694,1.4,MIAMI INTERNATIONAL AIRPORT - FL US,87.5,74.7,1017.6,16.6,10.0,7.6,11.1,15.0,93.9,82.9,0.0,999.9,FLAG_ANOMALY_STP,False,False,False,False,False,False
72202012839,6/29/2020,25.78805,-80.31694,1.4,MIAMI INTERNATIONAL AIRPORT - FL US,88.1,75.0,1017.0,16.0,10.0,5.5,9.9,14.0,93.9,82.9,0.0,999.9,FLAG_ANOMALY_STP,False,False,False,False,False,False
72202012839,6/30/2020,25.78805,-80.31694,1.4,MIAMI INTERNATIONAL AIRPORT - FL US,87.9,73.2,1016.2,15.1,10.0,3.8,11.1,19.0,98.1,80.1,0.0,999.9,FLAG_ANOMALY_STP,False,False,False,False,False,False
72202012839,7/1/2020,25.78805,-80.31694,1.4,MIAMI INTERNATIONAL AIRPORT - FL US,88.2,73.8,1015.4,14.4,10.0,4.5,14.0,19.0,96.1,79.0,0.0,999.9,FLAG_ANOMALY_STP,False,True,False,False,True,False
72202012839,7/2/2020,25.78805,-80.31694,1.4,MIAMI INTERNATIONAL AIRPORT - FL US,84.4,73.7,1015.4,14.4,9.5,3.9,11.1,20.0,96.1,75.9,1.15,999.9,FLAG_ANOMALY_STP,False,True,False,False,True,False
72202012839,7/3/2020,25.78805,-80.31694,1.4,MIAMI INTERNATIONAL AIRPORT - FL US,86.0,73.0,1014.7,13.6,10.0,2.9,9.9,15.9,95.0,78.1,0.0,999.9,FLAG_ANOMALY_STP,False,True,False,False,True,False
72202012839,7/4/2020,25.78805,-80.31694,1.4,MIAMI INTERNATIONAL AIRPORT - FL US,87.4,74.6,1014.0,13.0,10.0,4.5,9.9,18.1,95.0,81.0,0.22,999.9,FLAG_ANOMALY_STP,False,False,False,False,False,False
72202012839,7/5/2020,25.78805,-80.31694,1.4,MIAMI INTERNATIONAL AIRPORT - FL US,86.9,73.8,1014.8,13.8,10.0,4.0,11.1,20.0,93.9,79.0,0.0,999.9,FLAG_ANOMALY_STP,False,True,False,False,True,False
72202012839,7/6/2020,25.78805,-80.31694,1.4,MIAMI INTERNATIONAL AIRPORT - FL US,81.9,74.2,1017.1,16.3,9.7,3.5,8.9,22.9,93.9,77.0,0.05,999.9,FLAG_ANOMALY_STP,False,True,False,False,True,False
72202012839,7/7/2020,25.78805,-80.31694,1.4,MIAMI INTERNATIONAL AIRPORT - FL US,85.5,75.4,1017.9,17.0,10.0,2.9,8.0,999.9,95.0,77.0,0.41,999.9,FLAG_ANOMALY_STP,False,True,False,False,True,False
72202012839,7/8/2020,25.78805,-80.31694,1.4,MIAMI INTERNATIONAL AIRPORT - FL US,86.5,74.9,1016.2,15.1,10.0,2.9,12.0,18.1,95.0,80.1,0.0,999.9,FLAG_ANOMALY_STP,False,True,False,False,True,False
72202012839,7/9/2020,25.78805,-80.31694,1.4,MIAMI INTERNATIONAL AIRPORT - FL US,87.5,73.7,1014.1,13.1,9.7,4.0,8.9,17.1,98.1,79.0,0.44,999.9,FLAG_ANOMALY_STP,False,True,False,False,True,False
72202012839,7/10/2020,25.78805,-80.31694,1.4,MIAMI INTERNATIONAL AIRPORT - FL US,87.3,75.1,1015.1,14.1,9.6,5.2,11.1,17.1,98.1,79.0,0.0,999.9,FLAG_ANOMALY_STP,False,True,False,False,True,False
72202012839,7/11/2020,25.78805,-80.31694,1.4,MIAMI INTERNATIONAL AIRPORT - FL US,82.7,76.0,1014.9,13.9,9.7,4.2,11.1,27.0,97.0,78.1,0.35,999.9,FLAG_ANOMALY_STP,False,True,False,False,True,False
72202012839,7/12/2020,25.78805,-80.31694,1.4,MIAMI INTERNATIONAL AIRPORT - FL US,83.2,74.5,1014.4,13.4,10.0,6.1,14.0,22.9,91.0,78.1,0.94,999.9,FLAG_ANOMALY_STP,False,True,False,False,False,False
72202012839,7/13/2020,25.78805,-80.31694,1.4,MIAMI INTERNATIONAL AIRPORT - FL US,84.9,73.8,1015.1,14.1,10.0,5.7,13.0,17.1,93.9,80.1,0.0,999.9,FLAG_ANOMALY_STP,False,True,False,False,True,False
72202012839,7/14/2020,25.78805,-80.31694,1.4,MIAMI INTERNATIONAL AIRPORT - FL US,86.6,75.0,1016.7,15.6,10.0,3.6,12.0,21.0,97.0,80.1,0.03,999.9,FLAG_ANOMALY_STP,False,True,False,False,True,False
72202012839,7/15/2020,25.78805,-80.31694,1.4,MIAMI INTERNATIONAL AIRPORT - FL US,86.2,74.4,1017.7,16.5,10.0,2.5,9.9,17.1,97.0,80.1,0.13,999.9,FLAG_ANOMALY_STP,False,True,False,False,True,False
72202012839,7/16/2020,25.78805,-80.31694,1.4,MIAMI INTERNATIONAL AIRPORT - FL US,84.8,73.5,1017.6,16.6,10.0,5.9,15.0,19.0,95.0,80.1,0.0,999.9,FLAG_ANOMALY_STP,False,True,False,False,False,False
72202012839,7/17/2020,25.78805,-80.31694,1.4,MIAMI INTERNATIONAL AIRPORT - FL US,85.2,74.5,1017.5,16.6,10.0,6.8,18.1,29.9,93.9,77.0,0.27,999.9,FLAG_ANOMALY_STP,False,True,False,False,True,False
72202012839,7/18/2020,25.78805,-80.31694,1.4,MIAMI INTERNATIONAL AIRPORT - FL US,79.2,74.6,1016.9,16.3,8.1,6.9,19.0,24.1,91.9,73.9,1.69,999.9,FLAG_ANOMALY_STP,False,True,False,False,True,False
72202012839,7/19/2020,25.78805,-80.31694,1.4,MIAMI INTERNATIONAL AIRPORT - FL US,86.4,75.4,1015.9,15.0,10.0,8.4,15.0,18.1,93.0,73.9,0.73,999.9,FLAG_ANOMALY_STP,False,True,False,False,False,False
72202012839,7/20/2020,25.78805,-80.31694,1.4,MIAMI INTERNATIONAL AIRPORT - FL US,85.4,74.6,1015.5,14.5,9.9,9.5,17.1,24.1,93.0,80.1,0.06,999.9,FLAG_ANOMALY_STP,False,True,False,False,False,False
72202012839,7/21/2020,25.78805,-80.31694,1.4,MIAMI INTERNATIONAL AIRPORT - FL US,82.8,73.5,1016.1,15.1,9.7,9.2,21.0,27.0,89.1,75.2,0.26,999.9,FLAG_ANOMALY_STP,True,True,False,False,True,False
72202012839,7/22/2020,25.78805,-80.31694,1.4,MIAMI INTERNATIONAL AIRPORT - FL US,80.7,74.3,1016.8,15.7,8.9,5.2,20.0,26.0,89.1,75.9,0.92,999.9,FLAG_ANOMALY_STP,False,True,False,False,True,False
72202012839,7/23/2020,25.78805,-80.31694,1.4,MIAMI INTERNATIONAL AIRPORT - FL US,83.2,76.2,1017.3,16.4,10.0,7.8,15.9,22.0,88.0,75.0,1.04,999.9,FLAG_ANOMALY_STP,False,True,False,False,True,False
72202012839,7/24/2020,25.78805,-80.31694,1.4,MIAMI INTERNATIONAL AIRPORT - FL US,83.5,74.4,1017.8,16.9,9.5,8.4,17.1,21.0,91.0,75.0,0.4,999.9,FLAG_ANOMALY_STP,False,True,False,False,False,False
72202012839,7/25/2020,25.78805,-80.31694,1.4,MIAMI INTERNATIONAL AIRPORT - FL US,84.2,74.7,1017.0,15.9,9.6,9.2,22.9,29.9,91.9,75.9,0.06,999.9,FLAG_ANOMALY_STP,False,True,False,False,True,False
72202012839,7/26/2020,25.78805,-80.31694,1.4,MIAMI INTERNATIONAL AIRPORT - FL US,84.4,74.0,1018.4,17.3,10.0,6.5,18.1,31.1,93.0,77.0,1.11,999.9,FLAG_ANOMALY_STP,False,True,False,False,True,False
72202012839,7/27/2020,25.78805,-80.31694,1.4,MIAMI INTERNATIONAL AIRPORT - FL US,85.6,74.9,1019.2,18.1,10.0,5.1,9.9,15.9,93.0,77.0,0.26,999.9,FLAG_ANOMALY_STP,False,False,False,False,False,False
72202012839,7/28/2020,25.78805,-80.31694,1.4,MIAMI INTERNATIONAL AIRPORT - FL US,86.6,75.3,1018.6,17.6,10.0,6.9,12.0,18.1,93.0,80.1,0.0,999.9,FLAG_ANOMALY_STP,False,False,False,False,False,False
72202012839,7/29/2020,25.78805,-80.31694,1.4,MIAMI INTERNATIONAL AIRPORT - FL US,87.4,74.4,1018.8,17.8,10.0,6.9,12.0,17.1,93.9,82.9,0.0,999.9,FLAG_ANOMALY_STP,False,False,False,False,False,False
72202012839,7/30/2020,25.78805,-80.31694,1.4,MIAMI INTERNATIONAL AIRPORT - FL US,87.6,74.0,1017.8,16.8,10.0,7.9,11.1,999.9,93.9,82.9,0.0,999.9,FLAG_ANOMALY_STP,False,False,False,False,False,False
72202012839,7/31/2020,25.78805,-80.31694,1.4,MIAMI INTERNATIONAL AIRPORT - FL US,88.5,74.2,1015.9,14.9,10.0,10.4,15.9,24.1,93.9,82.9,0.0,999.9,FLAG_ANOMALY_STP,False,False,False,False,False,False
72202012839,8/1/2020,25.78805,-80.31694,1.4,MIAMI INTERNATIONAL AIRPORT - FL US,84.0,73.9,1013.0,12.1,9.4,8.2,22.0,33.0,93.9,78.1,0.23,999.9,FLAG_ANOMALY_STP,False,True,False,False,False,False
72202012839,8/2/2020,25.78805,-80.31694,1.4,MIAMI INTERNATIONAL AIRPORT - FL US,81.8,77.4,1009.0,7.6,6.7,9.1,13.0,22.0,91.9,78.1,0.8,999.9,FLAG_ANOMALY_STP,False,True,False,False,True,False
72202012839,8/3/2020,25.78805,-80.31694,1.4,MIAMI INTERNATIONAL AIRPORT - FL US,82.5,77.7,1012.5,11.6,9.1,4.1,12.0,20.0,90.0,78.1,1.29,999.9,FLAG_ANOMALY_STP,False,True,False,False,True,False
72202012839,8/4/2020,25.78805,-80.31694,1.4,MIAMI INTERNATIONAL AIRPORT - FL US,82.4,77.2,1014.6,13.7,10.0,3.6,9.9,999.9,90.0,78.1,0.32,999.9,FLAG_ANOMALY_STP,False,True,False,False,True,False
72202012839,8/5/2020,25.78805,-80.31694,1.4,MIAMI INTERNATIONAL AIRPORT - FL US,82.1,76.7,1015.9,14.8,10.0,4.7,11.1,999.9,87.1,73.0,0.07,999.9,FLAG_ANOMALY_STP,False,True,False,False,True,False
72202012839,8/6/2020,25.78805,-80.31694,1.4,MIAMI INTERNATIONAL AIRPORT - FL US,79.8,73.8,1016.7,15.6,9.6,3.9,15.0,22.9,93.0,71.1,0.27,999.9,FLAG_ANOMALY_STP,False,True,False,False,True,False
72202012839,8/7/2020,25.78805,-80.31694,1.4,MIAMI INTERNATIONAL AIRPORT - FL US,84.9,74.7,1017.9,16.8,10.0,3.9,13.0,17.1,93.0,72.0,0.27,999.9,FLAG_ANOMALY_STP,False,False,False,False,False,False
72202012839,8/8/2020,25.78805,-80.31694,1.4,MIAMI INTERNATIONAL AIRPORT - FL US,86.3,75.7,1019.6,18.6,10.0,5.6,12.0,999.9,93.0,79.0,0.0,999.9,FLAG_ANOMALY_STP,False,False,False,False,False,False
72202012839,8/9/2020,25.78805,-80.31694,1.4,MIAMI INTERNATIONAL AIRPORT - FL US,86.8,76.1,1019.8,18.7,10.0,6.9,9.9,17.1,93.0,81.0,0.02,999.9,FLAG_ANOMALY_STP,False,False,False,False,False,False
72202012839,8/10/2020,25.78805,-80.31694,1.4,MIAMI INTERNATIONAL AIRPORT - FL US,86.5,75.6,1018.5,17.5,10.0,6.9,14.0,18.1,93.2,81.0,0.0,999.9,FLAG_ANOMALY_STP,False,False,False,False,False,False
72202012839,8/11/2020,25.78805,-80.31694,1.4,MIAMI INTERNATIONAL AIRPORT - FL US,86.2,75.2,1016.4,15.4,10.0,4.8,11.1,15.9,93.9,81.0,0.0,999.9,FLAG_ANOMALY_STP,False,False,False,False,False,False
72202012839,8/12/2020,25.78805,-80.31694,1.4,MIAMI INTERNATIONAL AIRPORT - FL US,85.5,75.6,1016.1,15.2,9.8,6.6,11.1,25.1,93.9,79.0,0.01,999.9,FLAG_ANOMALY_STP,False,True,False,False,True,False
72202012839,8/13/2020,25.78805,-80.31694,1.4,MIAMI INTERNATIONAL AIRPORT - FL US,86.4,75.7,1016.3,15.2,10.0,7.1,13.0,17.1,91.9,79.0,0.64,999.9,FLAG_ANOMALY_STP,False,True,False,False,False,False
72202012839,8/14/2020,25.78805,-80.31694,1.4,MIAMI INTERNATIONAL AIRPORT - FL US,86.4,75.1,1015.5,14.5,10.0,7.4,11.1,21.0,91.9,81.0,0.09,999.9,FLAG_ANOMALY_STP,False,False,False,False,False,False
72202012839,8/15/2020,25.78805,-80.31694,1.4,MIAMI INTERNATIONAL AIRPORT - FL US,84.6,75.2,1014.7,13.9,9.6,3.8,12.0,14.0,91.9,80.1,0.0,999.9,FLAG_ANOMALY_STP,False,True,False,False,True,False
72202012839,8/16/2020,25.78805,-80.31694,1.4,MIAMI INTERNATIONAL AIRPORT - FL US,85.5,74.6,1014.8,13.8,10.0,3.2,8.9,999.9,91.9,79.0,0.46,999.9,FLAG_ANOMALY_STP,False,True,False,False,True,False
72202012839,8/17/2020,25.78805,-80.31694,1.4,MIAMI INTERNATIONAL AIRPORT - FL US,86.4,74.1,1014.7,13.7,10.0,4.8,9.9,18.1,93.9,75.9,0.01,999.9,FLAG_ANOMALY_STP,False,True,False,False,True,False
72202012839,8/18/2020,25.78805,-80.31694,1.4,MIAMI INTERNATIONAL AIRPORT - FL US,85.1,73.2,1014.0,12.9,10.0,4.1,11.1,999.9,93.9,75.9,0.0,999.9,FLAG_ANOMALY_STP,False,False,False,False,True,False
72202012839,8/19/2020,25.78805,-80.31694,1.4,MIAMI INTERNATIONAL AIRPORT - FL US,83.6,75.1,1013.0,12.0,9.7,3.1,13.0,17.1,93.0,77.0,0.0,999.9,FLAG_ANOMALY_STP,False,True,False,False,True,False
72202012839,8/20/2020,25.78805,-80.31694,1.4,MIAMI INTERNATIONAL AIRPORT - FL US,83.2,76.1,1013.1,12.1,9.6,3.7,8.9,15.9,91.9,77.0,0.37,999.9,FLAG_ANOMALY_STP,False,True,False,False,True,False
72202012839,8/21/2020,25.78805,-80.31694,1.4,MIAMI INTERNATIONAL AIRPORT - FL US,85.3,77.0,1013.9,12.9,9.9,5.6,12.0,18.1,91.9,78.1,0.54,999.9,FLAG_ANOMALY_STP,False,True,False,False,True,False
72202012839,8/22/2020,25.78805,-80.31694,1.4,MIAMI INTERNATIONAL AIRPORT - FL US,87.0,75.5,1014.1,13.1,10.0,9.8,15.0,22.9,91.9,78.1,0.0,999.9,FLAG_ANOMALY_STP,False,False,False,False,False,False
72202012839,8/23/2020,25.78805,-80.31694,1.4,MIAMI INTERNATIONAL AIRPORT - FL US,86.8,77.4,1014.3,13.4,9.6,11.5,19.0,24.1,91.9,80.1,0.45,999.9,FLAG_ANOMALY_STP,True,True,False,False,True,False
72202012839,8/24/2020,25.78805,-80.31694,1.4,MIAMI INTERNATIONAL AIRPORT - FL US,86.1,76.9,1013.5,12.6,9.5,15.8,22.9,35.0,91.9,78.1,0.11,999.9,FLAG_ANOMALY_STP,False,True,False,False,False,False
72202012839,8/25/2020,25.78805,-80.31694,1.4,MIAMI INTERNATIONAL AIRPORT - FL US,86.9,77.1,1014.7,13.8,10.0,13.7,18.1,26.0,91.9,78.1,0.18,999.9,FLAG_ANOMALY_STP,False,False,False,False,False,False
72202012839,8/26/2020,25.78805,-80.31694,1.4,MIAMI INTERNATIONAL AIRPORT - FL US,86.3,75.4,1015.1,14.1,10.0,10.9,15.0,18.1,91.9,82.0,0.11,999.9,FLAG_ANOMALY_STP,False,False,False,False,False,False
72202012839,8/27/2020,25.78805,-80.31694,1.4,MIAMI INTERNATIONAL AIRPORT - FL US,85.6,76.8,1016.3,15.2,10.0,7.1,12.0,15.0,91.0,81.0,0.05,999.9,FLAG_ANOMALY_STP,False,True,False,False,False,False
72202012839,8/28/2020,25.78805,-80.31694,1.4,MIAMI INTERNATIONAL AIRPORT - FL US,86.4,77.2,1017.7,16.7,10.0,5.6,11.1,999.9,91.9,81.0,0.0,999.9,FLAG_ANOMALY_STP,False,False,False,False,False,False
72202012839,8/29/2020,25.78805,-80.31694,1.4,MIAMI INTERNATIONAL AIRPORT - FL US,85.2,77.3,1016.8,15.7,9.7,4.1,8.9,15.0,91.9,81.0,0.0,999.9,FLAG_ANOMALY_STP,False,True,False,False,True,False
72202012839,8/30/2020,25.78805,-80.31694,1.4,MIAMI INTERNATIONAL AIRPORT - FL US,86.0,75.6,1014.6,13.4,10.0,4.5,9.9,19.0,93.0,78.1,0.6,999.9,FLAG_ANOMALY_STP,False,True,False,False,True,False
72202012839,8/31/2020,25.78805,-80.31694,1.4,MIAMI INTERNATIONAL AIRPORT - FL US,82.6,74.8,1015.0,13.9,9.6,3.7,18.1,22.0,93.0,77.0,0.07,999.9,FLAG_ANOMALY_STP,False,True,False,False,True,False
72202012839,9/1/2020,25.78805,-80.31694,1.4,MIAMI INTERNATIONAL AIRPORT - FL US,84.5,75.4,1016.4,15.3,10.0,4.4,11.1,18.1,93.0,77.0,0.48,999.9,FLAG_ANOMALY_STP,False,False,False,False,False,False
72202012839,9/2/2020,25.78805,-80.31694,1.4,MIAMI INTERNATIONAL AIRPORT - FL US,86.6,75.7,1015.8,14.7,10.0,8.7,14.0,17.1,93.0,78.1,0.0,999.9,FLAG_ANOMALY_STP,False,False,False,False,False,False
72202012839,9/3/2020,25.78805,-80.31694,1.4,MIAMI INTERNATIONAL AIRPORT - FL US,87.7,77.0,1015.2,14.1,10.0,9.3,12.0,999.9,93.0,82.0,0.0,999.9,FLAG_ANOMALY_STP,False,False,False,False,False,False
72202012839,9/4/2020,25.78805,-80.31694,1.4,MIAMI INTERNATIONAL AIRPORT - FL US,87.5,76.6,1016.4,15.3,9.2,8.3,14.0,19.0,93.0,82.9,0.0,999.9,FLAG_ANOMALY_STP,False,True,False,False,False,False
72202012839,9/5/2020,25.78805,-80.31694,1.4,MIAMI INTERNATIONAL AIRPORT - FL US,87.0,75.2,1017.9,16.8,10.0,8.2,14.0,20.0,93.0,82.0,0.0,999.9,FLAG_ANOMALY_STP,False,False,False,False,False,False
72202012839,9/6/2020,25.78805,-80.31694,1.4,MIAMI INTERNATIONAL AIRPORT - FL US,83.3,73.1,1016.2,15.2,10.0,6.8,14.0,20.0,93.0,75.0,0.0,999.9,FLAG_ANOMALY_STP,False,True,False,False,True,False
72202012839,9/7/2020,25.78805,-80.31694,1.4,MIAMI INTERNATIONAL AIRPORT - FL US,79.8,73.5,1012.4,11.6,9.5,5.3,15.9,24.1,91.0,73.9,0.28,999.9,FLAG_ANOMALY_STP,False,True,False,False,False,False
72202012839,9/8/2020,25.78805,-80.31694,1.4,MIAMI INTERNATIONAL AIRPORT - FL US,82.0,74.9,1011.0,9.9,9.9,5.4,12.0,18.1,89.1,75.9,0.59,999.9,FLAG_ANOMALY_STP,False,True,False,False,False,False
72202012839,9/9/2020,25.78805,-80.31694,1.4,MIAMI INTERNATIONAL AIRPORT - FL US,82.2,75.2,1013.6,12.7,9.5,4.1,14.0,21.0,89.1,75.9,0.01,999.9,FLAG_ANOMALY_STP,False,True,False,False,True,False
72202012839,9/10/2020,25.78805,-80.31694,1.4,MIAMI INTERNATIONAL AIRPORT - FL US,82.2,75.8,1015.9,15.0,9.8,5.6,11.1,999.9,89.1,75.9,1.0,999.9,FLAG_ANOMALY_STP,False,True,False,False,False,False
72202012839,9/11/2020,25.78805,-80.31694,1.4,MIAMI INTERNATIONAL AIRPORT - FL US,83.4,75.9,1012.4,11.3,10.0,5.0,11.1,17.1,91.0,75.9,0.02,999.9,FLAG_ANOMALY_STP,False,True,False,False,False,False
72202012839,9/12/2020,25.78805,-80.31694,1.4,MIAMI INTERNATIONAL AIRPORT - FL US,79.7,75.7,1008.3,7.2,7.9,11.5,22.9,35.9,91.0,75.9,0.1,999.9,FLAG_ANOMALY_STP,False,True,False,False,False,False
72202012839,9/13/2020,25.78805,-80.31694,1.4,MIAMI INTERNATIONAL AIRPORT - FL US,80.3,76.1,1011.6,10.6,8.5,8.2,18.1,26.0,87.1,73.9,2.97,999.9,FLAG_ANOMALY_STP,True,True,False,False,True,False
72202012839,9/14/2020,25.78805,-80.31694,1.4,MIAMI INTERNATIONAL AIRPORT - FL US,83.8,76.8,1014.3,13.3,10.0,7.4,13.0,999.9,89.1,73.9,0.28,999.9,FLAG_ANOMALY_STP,False,True,False,False,False,False
72202012839,9/15/2020,25.78805,-80.31694,1.4,MIAMI INTERNATIONAL AIRPORT - FL US,84.6,75.5,1015.7,14.7,10.0,6.5,12.0,17.1,90.0,79.0,0.0,999.9,FLAG_ANOMALY_STP,False,False,False,False,False,False
72202012839,9/16/2020,25.78805,-80.31694,1.4,MIAMI INTERNATIONAL AIRPORT - FL US,84.7,75.6,1014.8,13.7,10.0,7.4,14.0,20.0,90.0,79.0,0.01,999.9,FLAG_ANOMALY_STP,False,False,False,False,False,False
72202012839,9/17/2020,25.78805,-80.31694,1.4,MIAMI INTERNATIONAL AIRPORT - FL US,84.3,75.2,1013.3,12.3,10.0,5.9,12.0,17.1,91.0,80.1,0.01,999.9,FLAG_ANOMALY_STP,False,False,False,False,False,False
72202012839,9/18/2020,25.78805,-80.31694,1.4,MIAMI INTERNATIONAL AIRPORT - FL US,84.9,75.7,1012.4,11.3,10.0,5.7,11.1,15.0,91.0,80.1,99.99,999.9,FLAG_ANOMALY_STP | FLAG_MISSING_PRCP,False,True,False,False,True,False
72202012839,9/19/2020,25.78805,-80.31694,1.4,MIAMI INTERNATIONAL AIRPORT - FL US,85.5,76.2,1012.4,11.3,10.0,3.4,9.9,999.9,91.9,80.1,0.0,999.9,FLAG_ANOMALY_STP,False,False,False,False,False,False
72202012839,9/20/2020,25.78805,-80.31694,1.4,MIAMI INTERNATIONAL AIRPORT - FL US,83.7,76.8,1012.2,11.2,10.0,2.7,8.9,20.0,91.9,79.0,0.0,999.9,FLAG_ANOMALY_STP,False,True,False,False,True,False
72202012839,9/21/2020,25.78805,-80.31694,1.4,MIAMI INTERNATIONAL AIRPORT - FL US,81.1,76.6,1013.6,12.7,8.9,7.0,15.9,26.0,84.9,77.0,0.09,999.9,FLAG_ANOMALY_STP,False,True,False,False,True,False
72202012839,9/22/2020,25.78805,-80.31694,1.4,MIAMI INTERNATIONAL AIRPORT - FL US,83.0,68.3,1015.1,14.1,10.0,11.3,15.9,25.1,88.0,77.0,1.07,999.9,FLAG_ANOMALY_STP,False,True,False,False,False,False
72202012839,9/23/2020,25.78805,-80.31694,1.4,MIAMI INTERNATIONAL AIRPORT - FL US,82.2,66.0,1014.9,13.8,10.0,8.3,15.0,19.0,88.0,78.1,0.0,999.9,FLAG_ANOMALY_STP,False,False,False,False,False,False
72202012839,9/24/2020,25.78805,-80.31694,1.4,MIAMI INTERNATIONAL AIRPORT - FL US,81.3,73.5,1014.4,13.3,9.2,9.9,14.0,20.0,88.0,77.0,0.01,999.9,FLAG_ANOMALY_STP,False,True,False,False,False,False
72202012839,9/25/2020,25.78805,-80.31694,1.4,MIAMI INTERNATIONAL AIRPORT - FL US,81.4,76.7,1014.7,13.6,8.9,5.3,12.0,19.0,89.1,75.0,2.25,999.9,FLAG_ANOMALY_STP,False,True,False,False,True,False
72202012839,9/26/2020,25.78805,-80.31694,1.4,MIAMI INTERNATIONAL AIRPORT - FL US,82.0,76.5,1015.8,14.5,9.7,4.5,18.1,27.0,91.0,73.0,0.03,999.9,FLAG_ANOMALY_STP,True,True,False,False,True,False
72202012839,9/27/2020,25.78805,-80.31694,1.4,MIAMI INTERNATIONAL AIRPORT - FL US,81.0,75.1,1013.8,13.0,9.9,2.8,9.9,999.9,91.0,73.0,1.89,999.9,FLAG_ANOMALY_STP,False,True,False,False,True,False
72202012839,9/28/2020,25.78805,-80.31694,1.4,MIAMI INTERNATIONAL AIRPORT - FL US,82.4,75.9,1012.5,11.5,9.7,3.1,13.0,17.1,91.0,75.0,0.31,999.9,FLAG_ANOMALY_STP,False,True,False,False,True,False
72202012839,9/29/2020,25.78805,-80.31694,1.4,MIAMI INTERNATIONAL AIRPORT - FL US,84.0,75.5,1012.0,11.0,10.0,6.3,13.0,22.0,90.0,77.0,0.24,999.9,FLAG_ANOMALY_STP,False,False,False,False,False,False
72202012839,9/30/2020,25.78805,-80.31694,1.4,MIAMI INTERNATIONAL AIRPORT - FL US,83.4,74.6,1013.2,12.1,10.0,3.9,11.1,15.0,91.9,78.1,0.0,999.9,FLAG_ANOMALY_STP,False,False,False,False,False,False
72202012839,10/1/2020,25.78805,-80.31694,1.4,MIAMI INTERNATIONAL AIRPORT - FL US,81.6,74.4,1013.8,12.7,9.9,4.8,8.9,14.0,91.9,75.0,0.0,999.9,FLAG_ANOMALY_STP,False,True,False,False,True,False
72202012839,10/2/2020,25.78805,-80.31694,1.4,MIAMI INTERNATIONAL AIRPORT - FL US,78.0,74.5,1013.2,12.2,9.1,2.2,12.0,999.9,82.9,73.0,0.33,999.9,FLAG_ANOMALY_STP,False,True,False,False,True,False
72202012839,10/3/2020,25.78805,-80.31694,1.4,MIAMI INTERNATIONAL AIRPORT - FL US,78.3,74.9,1013.2,12.1,9.6,4.6,13.0,999.9,84.9,73.0,2.22,999.9,FLAG_ANOMALY_STP,False,True,False,False,False,False
72202012839,10/4/2020,25.78805,-80.31694,1.4,MIAMI INTERNATIONAL AIRPORT - FL US,83.3,75.5,1013.1,12.1,10.0,8.6,15.0,20.0,89.1,75.9,0.31,999.9,FLAG_ANOMALY_STP,False,False,False,False,False,False
72202012839,10/5/2020,25.78805,-80.31694,1.4,MIAMI INTERNATIONAL AIRPORT - FL US,85.2,76.1,1012.7,11.6,10.0,10.8,15.9,26.0,90.0,79.0,0.0,999.9,FLAG_ANOMALY_STP,False,False,False,False,False,False
72202012839,10/6/2020,25.78805,-80.31694,1.4,MIAMI INTERNATIONAL AIRPORT - FL US,84.7,76.0,1012.9,11.9,9.7,12.5,22.0,33.0,90.0,79.0,0.04,999.9,FLAG_ANOMALY_STP,False,True,False,False,False,False
72202012839,10/7/2020,25.78805,-80.31694,1.4,MIAMI INTERNATIONAL AIRPORT - FL US,84.2,75.3,1013.9,13.0,10.0,9.8,15.9,25.1,90.0,79.0,0.08,999.9,FLAG_ANOMALY_STP,False,True,False,False,False,False
72202012839,10/8/2020,25.78805,-80.31694,1.4,MIAMI INTERNATIONAL AIRPORT - FL US,84.2,72.2,1015.5,14.4,10.0,8.9,14.0,20.0,89.1,79.0,0.0,999.9,FLAG_ANOMALY_STP,False,False,False,False,False,False
72202012839,10/9/2020,25.78805,-80.31694,1.4,MIAMI INTERNATIONAL AIRPORT - FL US,84.0,73.1,1016.1,15.1,10.0,9.9,17.1,22.0,89.1,75.9,0.0,999.9,FLAG_ANOMALY_STP,False,True,False,False,False,False
72202012839,10/10/2020,25.78805,-80.31694,1.4,MIAMI INTERNATIONAL AIRPORT - FL US,82.8,75.7,1015.3,14.4,10.0,8.3,15.0,22.0,90.0,75.9,0.08,999.9,FLAG_ANOMALY_STP,False,True,False,False,False,False
72202012839,10/11/2020,25.78805,-80.31694,1.4,MIAMI INTERNATIONAL AIRPORT - FL US,83.4,76.1,1014.1,13.1,10.0,4.2,8.9,999.9,91.0,79.0,0.03,999.9,FLAG_ANOMALY_STP,False,True,False,False,False,False
72202012839,10/12/2020,25.78805,-80.31694,1.4,MIAMI INTERNATIONAL AIRPORT - FL US,83.8,75.6,1014.0,12.9,10.0,2.7,7.0,999.9,93.0,79.0,0.0,999.9,FLAG_ANOMALY_STP,False,True,False,False,False,False
72202012839,10/13/2020,25.78805,-80.31694,1.4,MIAMI INTERNATIONAL AIRPORT - FL US,81.7,73.1,1013.9,12.8,10.0,4.4,8.0,999.9,93.0,75.9,0.01,999.9,FLAG_ANOMALY_STP,False,False,False,False,False,False
72202012839,10/14/2020,25.78805,-80.31694,1.4,MIAMI INTERNATIONAL AIRPORT - FL US,82.1,71.2,1013.8,12.8,10.0,5.9,12.0,20.0,89.1,75.9,0.0,999.9,FLAG_ANOMALY_STP,False,False,False,False,False,False
72202012839,10/15/2020,25.78805,-80.31694,1.4,MIAMI INTERNATIONAL AIRPORT - FL US,81.7,73.9,1013.3,12.5,10.0,6.1,13.0,999.9,89.1,73.9,0.26,999.9,FLAG_ANOMALY_STP,False,True,False,False,False,False
72202012839,10/16/2020,25.78805,-80.31694,1.4,MIAMI INTERNATIONAL AIRPORT - FL US,80.7,75.5,1014.6,13.5,9.3,5.6,13.0,25.1,89.1,72.0,0.85,999.9,FLAG_ANOMALY_STP,False,True,False,False,True,False
72202012839,10/17/2020,25.78805,-80.31694,1.4,MIAMI INTERNATIONAL AIRPORT - FL US,79.9,72.7,1016.3,15.2,10.0,6.4,14.0,21.0,89.1,72.0,0.51,999.9,FLAG_ANOMALY_STP,False,True,False,False,False,False
72202012839,10/18/2020,25.78805,-80.31694,1.4,MIAMI INTERNATIONAL AIRPORT - FL US,82.3,72.7,1015.7,14.7,10.0,9.4,14.0,22.0,88.0,75.0,0.01,999.9,FLAG_ANOMALY_STP,False,True,False,False,False,False
72202012839,10/19/2020,25.78805,-80.31694,1.4,MIAMI INTERNATIONAL AIRPORT - FL US,80.8,72.5,1014.1,13.0,9.3,12.1,22.0,28.9,88.0,73.9,0.35,999.9,FLAG_ANOMALY_STP,False,True,False,False,False,False
72202012839,10/20/2020,25.78805,-80.31694,1.4,MIAMI INTERNATIONAL AIRPORT - FL US,80.1,73.5,1013.3,12.1,9.7,9.4,15.9,22.0,84.9,73.9,0.25,999.9,FLAG_ANOMALY_STP,False,True,False,False,True,False
72202012839,10/21/2020,25.78805,-80.31694,1.4,MIAMI INTERNATIONAL AIRPORT - FL US,76.0,73.5,1013.7,12.6,7.4,8.1,20.0,28.9,84.9,73.0,2.17,999.9,FLAG_ANOMALY_STP,False,True,False,False,False,False
72202012839,10/22/2020,25.78805,-80.31694,1.4,MIAMI INTERNATIONAL AIRPORT - FL US,78.5,73.3,1013.9,13.0,9.3,8.6,15.9,26.0,84.9,72.0,1.66,999.9,FLAG_ANOMALY_STP,False,True,False,False,False,False
72202012839,10/23/2020,25.78805,-80.31694,1.4,MIAMI INTERNATIONAL AIRPORT - FL US,81.6,71.6,1014.1,13.1,10.0,11.0,15.9,999.9,87.1,73.0,0.07,999.9,FLAG_ANOMALY_STP,False,False,False,False,False,False
72202012839,10/24/2020,25.78805,-80.31694,1.4,MIAMI INTERNATIONAL AIRPORT - FL US,80.7,72.3,1013.0,11.8,9.6,9.8,15.9,22.9,87.1,73.9,0.0,999.9,FLAG_ANOMALY_STP,True,True,False,False,True,False
72202012839,10/25/2020,25.78805,-80.31694,1.4,MIAMI INTERNATIONAL AIRPORT - FL US,79.0,75.3,1011.9,10.8,9.4,5.9,14.0,20.0,87.1,73.9,1.38,999.9,FLAG_ANOMALY_STP,True,True,False,False,True,False
72202012839,10/26/2020,25.78805,-80.31694,1.4,MIAMI INTERNATIONAL AIRPORT - FL US,81.2,75.5,1014.4,13.3,9.9,7.8,14.0,19.0,87.1,75.0,0.25,999.9,FLAG_ANOMALY_STP,False,True,False,False,False,False
72202012839,10/27/2020,25.78805,-80.31694,1.4,MIAMI INTERNATIONAL AIRPORT - FL US,83.5,74.9,1016.9,15.8,10.0,9.7,15.9,20.0,89.1,75.9,0.0,999.9,FLAG_ANOMALY_STP,False,False,False,False,False,False
72202012839,10/28/2020,25.78805,-80.31694,1.4,MIAMI INTERNATIONAL AIRPORT - FL US,83.2,74.9,1016.3,15.5,10.0,10.1,15.9,999.9,89.1,79.0,0.0,999.9,FLAG_ANOMALY_STP,False,False,False,False,False,False
72202012839,10/29/2020,25.78805,-80.31694,1.4,MIAMI INTERNATIONAL AIRPORT - FL US,83.2,75.3,1014.3,13.3,10.0,9.0,14.0,20.0,88.0,80.1,0.01,999.9,FLAG_ANOMALY_STP,False,True,False,False,False,False
72202012839,10/30/2020,25.78805,-80.31694,1.4,MIAMI INTERNATIONAL AIRPORT - FL US,82.2,76.0,1013.8,12.8,10.0,3.7,9.9,999.9,89.1,78.1,0.0,999.9,FLAG_ANOMALY_STP,False,False,False,False,False,False
72202012839,10/31/2020,25.78805,-80.31694,1.4,MIAMI INTERNATIONAL AIRPORT - FL US,80.5,74.8,1016.9,15.8,9.8,5.5,12.0,15.9,89.1,75.9,0.64,999.9,FLAG_ANOMALY_STP,False,True,False,False,True,False
72202012839,11/1/2020,25.78805,-80.31694,1.4,MIAMI INTERNATIONAL AIRPORT - FL US,81.3,74.5,1017.4,16.4,9.9,7.7,12.0,999.9,87.1,75.9,0.35,999.9,FLAG_ANOMALY_STP,False,True,False,False,False,False
72202012839,11/2/2020,25.78805,-80.31694,1.4,MIAMI INTERNATIONAL AIRPORT - FL US,78.5,71.3,1016.4,15.2,10.0,7.1,18.1,28.0,87.1,75.0,0.06,999.9,FLAG_ANOMALY_STP,False,False,False,False,False,False
72202012839,11/3/2020,25.78805,-80.31694,1.4,MIAMI INTERNATIONAL AIRPORT - FL US,75.3,58.9,1019.3,18.3,10.0,13.8,20.0,28.0,80.1,72.0,0.0,999.9,FLAG_ANOMALY_STP,False,False,False,False,False,False
72202012839,11/4/2020,25.78805,-80.31694,1.4,MIAMI INTERNATIONAL AIRPORT - FL US,76.8,62.4,1020.4,19.3,10.0,12.1,20.0,28.0,82.0,72.0,0.0,999.9,FLAG_ANOMALY_STP,False,True,False,False,False,False
72202012839,11/5/2020,25.78805,-80.31694,1.4,MIAMI INTERNATIONAL AIRPORT - FL US,78.4,71.3,1019.0,17.6,8.7,12.9,21.0,29.9,84.9,73.9,0.05,999.9,FLAG_ANOMALY_STP,False,True,False,False,False,False
72202012839,11/6/2020,25.78805,-80.31694,1.4,MIAMI INTERNATIONAL AIRPORT - FL US,79.6,71.7,1015.1,14.1,9.7,9.6,15.9,22.0,84.9,75.0,0.73,999.9,FLAG_ANOMALY_STP,False,True,False,False,False,False
72202012839,11/7/2020,25.78805,-80.31694,1.4,MIAMI INTERNATIONAL AIRPORT - FL US,79.4,71.8,1012.5,11.5,9.5,13.1,18.1,26.0,84.0,75.0,0.01,999.9,FLAG_ANOMALY_STP,False,True,False,False,False,False
72202012839,11/8/2020,25.78805,-80.31694,1.4,MIAMI INTERNATIONAL AIRPORT - FL US,76.3,72.8,1008.3,7.4,6.5,13.7,26.0,35.9,82.9,72.0,0.91,999.9,FLAG_ANOMALY_STP,True,True,False,False,False,False
72202012839,11/9/2020,25.78805,-80.31694,1.4,MIAMI INTERNATIONAL AIRPORT - FL US,78.4,74.8,1006.2,4.5,6.0,17.8,35.0,44.1,84.0,73.9,4.39,999.9,FLAG_ANOMALY_STP | FLAG_SPARSE_SLP_OBSERVATIONS,True,True,False,False,True,False
72202012839,11/10/2020,25.78805,-80.31694,1.4,MIAMI INTERNATIONAL AIRPORT - FL US,80.0,75.4,1009.4,8.3,9.7,14.4,20.0,39.0,84.0,73.9,0.67,999.9,FLAG_ANOMALY_STP,False,True,False,False,False,False
72202012839,11/11/2020,25.78805,-80.31694,1.4,MIAMI INTERNATIONAL AIRPORT - FL US,80.3,76.0,1010.8,9.8,10.0,13.2,19.0,25.1,84.0,75.0,0.04,999.9,FLAG_ANOMALY_STP,False,True,False,False,False,False
72202012839,11/12/2020,25.78805,-80.31694,1.4,MIAMI INTERNATIONAL AIRPORT - FL US,77.5,75.4,1013.0,11.9,8.5,6.4,12.0,19.0,81.0,73.4,0.23,999.9,FLAG_ANOMALY_STP,False,True,False,False,False,False
72202012839,11/13/2020,25.78805,-80.31694,1.4,MIAMI INTERNATIONAL AIRPORT - FL US,77.4,74.5,1014.8,14.0,9.3,2.5,7.0,999.9,86.0,73.0,1.31,999.9,FLAG_ANOMALY_STP,False,True,False,False,False,False
72202012839,11/14/2020,25.78805,-80.31694,1.4,MIAMI INTERNATIONAL AIRPORT - FL US,79.4,73.6,1016.3,15.3,10.0,5.0,11.1,999.9,86.0,73.0,0.0,999.9,FLAG_ANOMALY_STP,False,True,False,False,False,False
72202012839,11/15/2020,25.78805,-80.31694,1.4,MIAMI INTERNATIONAL AIRPORT - FL US,80.1,72.2,1017.2,16.1,10.0,6.1,8.9,999.9,86.0,73.9,0.09,999.9,FLAG_ANOMALY_STP,False,False,False,False,False,False
72202012839,11/16/2020,25.78805,-80.31694,1.4,MIAMI INTERNATIONAL AIRPORT - FL US,78.7,69.3,1017.9,16.9,10.0,4.8,9.9,15.0,86.0,70.0,0.03,999.9,FLAG_ANOMALY_STP,False,False,False,False,False,False
72202012839,11/17/2020,25.78805,-80.31694,1.4,MIAMI INTERNATIONAL AIRPORT - FL US,78.1,70.5,1019.0,17.9,10.0,6.9,15.9,24.1,86.0,70.0,0.0,999.9,FLAG_ANOMALY_STP,False,False,False,False,False,False
72202012839,11/18/2020,25.78805,-80.31694,1.4,MIAMI INTERNATIONAL AIRPORT - FL US,74.6,60.8,1021.4,20.4,10.0,9.5,19.0,25.1,84.0,68.0,0.0,999.9,FLAG_ANOMALY_STP,False,True,False,False,False,False
72202012839,11/19/2020,25.78805,-80.31694,1.4,MIAMI INTERNATIONAL AIRPORT - FL US,75.5,58.9,1023.8,22.8,10.0,13.8,18.1,27.0,81.0,68.0,0.0,999.9,FLAG_ANOMALY_STP,False,False,False,False,False,False
72202012839,11/20/2020,25.78805,-80.31694,1.4,MIAMI INTERNATIONAL AIRPORT - FL US,74.9,65.8,1023.2,22.1,9.7,9.9,15.0,25.1,81.0,71.1,0.02,999.9,FLAG_ANOMALY_STP,False,True,False,False,False,False
72202012839,11/21/2020,25.78805,-80.31694,1.4,MIAMI INTERNATIONAL AIRPORT - FL US,76.7,68.0,1020.4,19.4,9.7,8.5,13.0,21.0,82.0,71.1,0.14,999.9,FLAG_ANOMALY_STP,False,True,False,False,False,False
72202012839,11/22/2020,25.78805,-80.31694,1.4,MIAMI INTERNATIONAL AIRPORT - FL US,74.8,70.3,1017.1,16.1,10.0,4.8,8.9,999.9,82.0,72.0,0.44,999.9,FLAG_ANOMALY_STP,False,True,False,False,True,False
72202012839,11/23/2020,25.78805,-80.31694,1.4,MIAMI INTERNATIONAL AIRPORT - FL US,75.0,69.4,1016.3,15.1,10.0,4.9,11.1,15.0,80.1,71.6,0.27,999.9,FLAG_ANOMALY_STP,False,False,False,False,False,False
72202012839,11/24/2020,25.78805,-80.31694,1.4,MIAMI INTERNATIONAL AIRPORT - FL US,74.1,64.3,1019.0,18.0,10.0,7.9,15.9,21.0,82.0,68.0,0.0,999.9,FLAG_ANOMALY_STP,False,False,False,False,False,False
72202012839,11/25/2020,25.78805,-80.31694,1.4,MIAMI INTERNATIONAL AIRPORT - FL US,76.2,65.9,1021.0,19.9,9.6,11.0,15.9,20.0,82.0,68.0,0.0,999.9,FLAG_ANOMALY_STP,False,True,False,False,False,False
72202012839,11/26/2020,25.78805,-80.31694,1.4,MIAMI INTERNATIONAL AIRPORT - FL US,76.7,63.7,1020.0,19.0,10.0,8.0,13.0,999.9,82.9,69.1,0.03,999.9,FLAG_ANOMALY_STP,False,False,False,False,False,False
72202012839,11/27/2020,25.78805,-80.31694,1.4,MIAMI INTERNATIONAL AIRPORT - FL US,75.1,67.3,1018.4,17.4,9.9,3.2,9.9,999.9,82.9,69.1,0.06,999.9,FLAG_ANOMALY_STP,False,True,False,False,False,False
72202012839,11/28/2020,25.78805,-80.31694,1.4,MIAMI INTERNATIONAL AIRPORT - FL US,74.6,67.4,1016.9,15.9,9.7,2.0,7.0,999.9,81.0,70.0,0.04,999.9,FLAG_ANOMALY_STP,False,True,False,False,False,False
72202012839,11/29/2020,25.78805,-80.31694,1.4,MIAMI INTERNATIONAL AIRPORT - FL US,74.8,67.9,1016.5,15.5,10.0,3.6,9.9,15.9,82.0,68.0,0.0,999.9,FLAG_ANOMALY_STP,False,False,False,False,False,False
72202012839,11/30/2020,25.78805,-80.31694,1.4,MIAMI INTERNATIONAL AIRPORT - FL US,75.2,68.1,1014.2,13.1,10.0,6.9,15.9,22.9,84.0,68.0,0.0,999.9,FLAG_ANOMALY_STP,False,True,False,False,True,False
72202012839,12/1/2020,25.78805,-80.31694,1.4,MIAMI INTERNATIONAL AIRPORT - FL US,65.4,52.7,1018.0,16.6,10.0,9.1,13.0,22.0,84.0,60.1,0.12,999.9,FLAG_ANOMALY_STP,False,True,False,False,False,False
72202012839,12/2/2020,25.78805,-80.31694,1.4,MIAMI INTERNATIONAL AIRPORT - FL US,61.5,46.1,1022.0,20.9,10.0,6.7,11.1,18.1,73.9,53.1,0.01,999.9,FLAG_ANOMALY_STP,False,False,False,False,False,False
72202012839,12/3/2020,25.78805,-80.31694,1.4,MIAMI INTERNATIONAL AIRPORT - FL US,67.0,54.6,1022.0,20.9,10.0,6.7,15.0,21.0,75.9,53.1,0.0,999.9,FLAG_ANOMALY_STP,False,False,False,False,False,False
72202012839,12/4/2020,25.78805,-80.31694,1.4,MIAMI INTERNATIONAL AIRPORT - FL US,72.5,59.6,1020.1,19.1,10.0,7.0,12.0,18.1,78.1,57.9,0.0,999.9,FLAG_ANOMALY_STP,False,False,False,False,False,False
72202012839,12/5/2020,25.78805,-80.31694,1.4,MIAMI INTERNATIONAL AIRPORT - FL US,74.9,65.8,1017.4,16.3,10.0,2.4,7.0,999.9,84.0,68.0,0.0,999.9,FLAG_ANOMALY_STP,False,False,False,False,False,False
72202012839,12/6/2020,25.78805,-80.31694,1.4,MIAMI INTERNATIONAL AIRPORT - FL US,74.8,67.9,1015.2,14.2,9.4,4.2,7.0,999.9,84.0,69.1,0.0,999.9,FLAG_ANOMALY_STP,False,False,False,False,False,False
72202012839,12/7/2020,25.78805,-80.31694,1.4,MIAMI INTERNATIONAL AIRPORT - FL US,72.9,66.9,1011.2,9.7,9.1,6.4,14.0,26.0,84.0,64.9,0.87,999.9,FLAG_ANOMALY_STP,True,True,False,False,False,False
72202012839,12/8/2020,25.78805,-80.31694,1.4,MIAMI INTERNATIONAL AIRPORT - FL US,61.8,46.7,1015.9,14.9,10.0,8.4,12.0,21.0,78.1,55.0,0.13,999.9,FLAG_ANOMALY_STP,False,False,False,False,False,False
72202012839,12/9/2020,25.78805,-80.31694,1.4,MIAMI INTERNATIONAL AIRPORT - FL US,57.3,39.8,1021.2,20.3,10.0,6.7,12.0,15.9,64.9,50.0,0.0,999.9,FLAG_ANOMALY_STP,False,False,False,False,False,False
72202012839,12/10/2020,25.78805,-80.31694,1.4,MIAMI INTERNATIONAL AIRPORT - FL US,59.0,45.3,1021.6,20.6,10.0,2.3,8.9,999.9,73.0,48.0,0.0,999.9,FLAG_ANOMALY_STP,False,False,False,False,False,False
72202012839,12/11/2020,25.78805,-80.31694,1.4,MIAMI INTERNATIONAL AIRPORT - FL US,67.7,53.1,1020.2,19.1,10.0,4.6,9.9,999.9,78.1,48.0,0.0,999.9,FLAG_ANOMALY_STP,False,True,False,False,False,False
72202012839,12/12/2020,25.78805,-80.31694,1.4,MIAMI INTERNATIONAL AIRPORT - FL US,72.3,66.8,1018.5,17.5,8.7,5.9,13.0,15.9,79.0,61.0,0.46,999.9,FLAG_ANOMALY_STP,False,True,False,False,False,False
72202012839,12/13/2020,25.78805,-80.31694,1.4,MIAMI INTERNATIONAL AIRPORT - FL US,74.3,65.9,1018.7,17.7,10.0,3.7,8.0,20.0,82.0,66.0,0.03,999.9,FLAG_ANOMALY_STP,False,False,False,False,False,False
72202012839,12/14/2020,25.78805,-80.31694,1.4,MIAMI INTERNATIONAL AIRPORT - FL US,75.3,67.3,1017.6,16.6,10.0,4.5,8.9,15.0,84.9,66.0,0.0,999.9,FLAG_ANOMALY_STP,False,False,False,False,False,False
72202012839,12/15/2020,25.78805,-80.31694,1.4,MIAMI INTERNATIONAL AIRPORT - FL US,75.6,69.3,1015.7,14.8,10.0,3.2,7.0,999.9,84.9,66.9,0.0,999.9,FLAG_ANOMALY_STP,False,False,False,False,False,False
72202012839,12/16/2020,25.78805,-80.31694,1.4,MIAMI INTERNATIONAL AIRPORT - FL US,75.3,70.1,1014.9,13.9,10.0,4.8,12.0,24.1,82.9,69.1,0.0,999.9,FLAG_ANOMALY_STP,False,False,False,False,False,False
72202012839,12/17/2020,25.78805,-80.31694,1.4,MIAMI INTERNATIONAL AIRPORT - FL US,75.9,70.3,1016.0,15.0,9.2,5.1,13.0,17.1,84.0,69.1,0.0,999.9,FLAG_ANOMALY_STP,False,False,False,False,False,False
72202012839,12/18/2020,25.78805,-80.31694,1.4,MIAMI INTERNATIONAL AIRPORT - FL US,64.6,54.6,1022.4,21.2,10.0,7.8,13.0,18.1,84.0,55.0,0.0,999.9,FLAG_ANOMALY_STP,False,False,False,False,False,False
72202012839,12/19/2020,25.78805,-80.31694,1.4,MIAMI INTERNATIONAL AIRPORT - FL US,65.4,54.9,1022.6,21.6,10.0,5.0,9.9,15.9,77.0,55.0,0.0,999.9,FLAG_ANOMALY_STP,False,False,False,False,False,False
72202012839,12/20/2020,25.78805,-80.31694,1.4,MIAMI INTERNATIONAL AIRPORT - FL US,71.8,63.4,1018.4,17.3,10.0,3.7,11.1,17.1,81.0,55.9,0.0,999.9,FLAG_ANOMALY_STP,False,False,False,False,False,False
72202012839,12/21/2020,25.78805,-80.31694,1.4,MIAMI INTERNATIONAL AIRPORT - FL US,74.0,67.3,1016.9,15.8,10.0,5.8,8.9,999.9,81.0,64.0,0.0,999.9,FLAG_ANOMALY_STP,False,False,False,False,False,False
72202012839,12/22/2020,25.78805,-80.31694,1.4,MIAMI INTERNATIONAL AIRPORT - FL US,68.0,55.7,1020.9,19.9,10.0,6.3,11.1,14.0,80.1,61.0,0.0,999.9,FLAG_ANOMALY_STP,False,False,False,False,False,False
72202012839,12/23/2020,25.78805,-80.31694,1.4,MIAMI INTERNATIONAL AIRPORT - FL US,69.0,58.2,1021.4,20.4,10.0,6.0,15.0,19.0,79.0,61.0,0.0,999.9,FLAG_ANOMALY_STP,False,False,False,False,False,False
72202012839,12/24/2020,25.78805,-80.31694,1.4,MIAMI INTERNATIONAL AIRPORT - FL US,76.7,68.4,1016.7,15.7,10.0,9.7,17.1,24.1,82.0,61.0,0.0,999.9,FLAG_ANOMALY_STP,False,False,False,False,False,False
72202012839,12/25/2020,25.78805,-80.31694,1.4,MIAMI INTERNATIONAL AIRPORT - FL US,63.0,53.5,1018.2,16.9,10.0,9.5,15.9,25.1,82.0,52.0,0.09,999.9,FLAG_ANOMALY_STP,False,True,False,False,False,False
72202012839,12/26/2020,25.78805,-80.31694,1.4,MIAMI INTERNATIONAL AIRPORT - FL US,53.5,39.3,1021.2,20.2,10.0,3.6,7.0,999.9,63.0,46.9,0.0,999.9,FLAG_ANOMALY_STP,False,False,False,False,False,False
72202012839,12/27/2020,25.78805,-80.31694,1.4,MIAMI INTERNATIONAL AIRPORT - FL US,61.0,47.6,1020.0,19.0,10.0,6.6,13.0,17.1,75.0,46.9,0.0,999.9,FLAG_ANOMALY_STP,False,False,False,False,False,False
72202012839,12/28/2020,25.78805,-80.31694,1.4,MIAMI INTERNATIONAL AIRPORT - FL US,68.3,58.6,1021.6,20.6,9.4,7.4,15.0,20.0,77.0,52.0,0.01,999.9,FLAG_ANOMALY_STP,False,True,False,False,False,False
72202012839,12/29/2020,25.78805,-80.31694,1.4,MIAMI INTERNATIONAL AIRPORT - FL US,71.4,56.6,1023.1,22.0,10.0,8.4,15.9,22.9,77.0,63.0,0.0,999.9,FLAG_ANOMALY_STP,False,False,False,False,False,False
72202012839,12/30/2020,25.78805,-80.31694,1.4,MIAMI INTERNATIONAL AIRPORT - FL US,74.3,61.5,1021.3,20.2,9.9,14.2,21.0,28.0,80.1,64.0,0.0,999.9,FLAG_ANOMALY_STP,False,True,False,False,False,False
72202012839,12/31/2020,25.78805,-80.31694,1.4,MIAMI INTERNATIONAL AIRPORT - FL US,75.9,66.3,1019.1,18.2,10.0,15.5,20.0,26.0,81.0,71.1,0.0,999.9,FLAG_ANOMALY_STP,False,False,False,False,False,False
72202012839,1/1/2021,25.78805,-80.31694,1.4,MIAMI INTERNATIONAL AIRPORT - FL US,76.7,69.1,1020.9,19.8,10.0,13.0,19.0,26.0,82.0,73.0,0.0,999.9,FLAG_ANOMALY_STP,False,False,False,False,False,False
72202012839,1/2/2021,25.78805,-80.31694,1.4,MIAMI INTERNATIONAL AIRPORT - FL US,76.8,68.5,1020.6,19.6,10.0,9.3,13.0,22.0,82.0,73.9,0.0,999.9,FLAG_ANOMALY_STP,False,False,False,False,False,False
72202012839,1/3/2021,25.78805,-80.31694,1.4,MIAMI INTERNATIONAL AIRPORT - FL US,75.3,66.4,1018.6,17.6,10.0,5.0,9.9,14.0,84.0,68.0,0.0,999.9,FLAG_ANOMALY_STP,False,False,False,False,False,False
72202012839,1/4/2021,25.78805,-80.31694,1.4,MIAMI INTERNATIONAL AIRPORT - FL US,71.8,61.5,1016.9,15.9,10.0,5.4,8.0,999.9,84.0,66.9,0.0,999.9,FLAG_ANOMALY_STP,False,False,False,False,False,False
72202012839,1/5/2021,25.78805,-80.31694,1.4,MIAMI INTERNATIONAL AIRPORT - FL US,65.8,45.2,1016.9,15.9,10.0,5.5,11.1,15.0,75.0,59.0,0.0,999.9,FLAG_ANOMALY_STP,False,False,False,False,False,False
72202012839,1/6/2021,25.78805,-80.31694,1.4,MIAMI INTERNATIONAL AIRPORT - FL US,62.7,45.3,1018.4,17.3,10.0,2.3,6.0,999.9,75.0,52.0,0.0,999.9,FLAG_ANOMALY_STP,False,False,False,False,False,False
72202012839,1/7/2021,25.78805,-80.31694,1.4,MIAMI INTERNATIONAL AIRPORT - FL US,66.0,52.7,1017.6,16.6,10.0,4.4,13.0,20.0,77.0,52.0,0.0,999.9,FLAG_ANOMALY_STP,False,False,False,False,False,False
72202012839,1/8/2021,25.78805,-80.31694,1.4,MIAMI INTERNATIONAL AIRPORT - FL US,71.2,62.0,1014.6,13.6,10.0,7.4,13.0,19.0,75.0,69.1,0.0,999.9,FLAG_ANOMALY_STP,False,True,False,False,False,False
72202012839,1/9/2021,25.78805,-80.31694,1.4,MIAMI INTERNATIONAL AIRPORT - FL US,63.0,50.3,1017.8,16.8,10.0,6.8,11.1,18.1,75.0,57.9,0.0,999.9,FLAG_ANOMALY_STP,False,False,False,False,False,False
72202012839,1/10/2021,25.78805,-80.31694,1.4,MIAMI INTERNATIONAL AIRPORT - FL US,58.5,44.7,1022.1,21.1,10.0,4.1,8.9,999.9,72.0,48.9,0.0,999.9,FLAG_ANOMALY_STP,False,False,False,False,False,False
72202012839,1/11/2021,25.78805,-80.31694,1.4,MIAMI INTERNATIONAL AIRPORT - FL US,69.4,55.8,1021.9,20.9,10.0,5.7,9.9,999.9,77.0,48.9,0.0,999.9,FLAG_ANOMALY_STP,False,False,False,False,False,False
72202012839,1/12/2021,25.78805,-80.31694,1.4,MIAMI INTERNATIONAL AIRPORT - FL US,71.5,63.9,1020.9,20.0,10.0,1.6,8.0,999.9,78.1,60.1,0.0,999.9,FLAG_ANOMALY_STP,False,False,False,False,False,False
72202012839,1/13/2021,25.78805,-80.31694,1.4,MIAMI INTERNATIONAL AIRPORT - FL US,68.4,61.2,1019.7,18.6,9.7,4.9,8.0,999.9,78.1,62.1,0.0,999.9,FLAG_ANOMALY_STP,False,True,False,False,False,False
72202012839,1/14/2021,25.78805,-80.31694,1.4,MIAMI INTERNATIONAL AIRPORT - FL US,64.0,58.0,1016.3,15.5,7.8,5.1,9.9,18.1,77.0,59.0,0.49,999.9,FLAG_ANOMALY_STP,False,True,False,False,False,False
72202012839,1/15/2021,25.78805,-80.31694,1.4,MIAMI INTERNATIONAL AIRPORT - FL US,68.9,55.5,1014.1,13.2,10.0,3.1,8.9,999.9,75.9,59.0,0.29,999.9,FLAG_ANOMALY_STP,False,False,False,False,False,False
72202012839,1/16/2021,25.78805,-80.31694,1.4,MIAMI INTERNATIONAL AIRPORT - FL US,68.3,55.3,1014.3,13.2,10.0,7.1,11.1,21.0,75.9,62.1,0.0,999.9,FLAG_ANOMALY_STP,False,False,False,False,False,False
72202012839,1/17/2021,25.78805,-80.31694,1.4,MIAMI INTERNATIONAL AIRPORT - FL US,61.5,46.9,1017.7,16.7,10.0,3.5,6.0,999.9,73.9,52.0,0.0,999.9,FLAG_ANOMALY_STP,False,False,False,False,False,False
72202012839,1/18/2021,25.78805,-80.31694,1.4,MIAMI INTERNATIONAL AIRPORT - FL US,65.6,53.7,1019.7,18.7,10.0,2.8,8.0,999.9,73.0,52.0,0.01,999.9,FLAG_ANOMALY_STP,False,False,False,False,False,False
72202012839,1/19/2021,25.78805,-80.31694,1.4,MIAMI INTERNATIONAL AIRPORT - FL US,65.8,50.2,1024.3,23.3,10.0,5.2,12.0,15.0,75.0,59.0,0.0,999.9,FLAG_ANOMALY_STP,False,False,False,False,False,False
72202012839,1/20/2021,25.78805,-80.31694,1.4,MIAMI INTERNATIONAL AIRPORT - FL US,67.2,53.3,1024.5,23.5,10.0,4.8,11.1,15.0,75.0,59.0,0.0,999.9,FLAG_ANOMALY_STP,False,False,False,False,False,False
72202012839,1/21/2021,25.78805,-80.31694,1.4,MIAMI INTERNATIONAL AIRPORT - FL US,67.3,55.9,1020.8,19.8,10.0,3.1,9.9,15.0,77.0,57.0,0.0,999.9,FLAG_ANOMALY_STP,False,False,False,False,False,False
72202012839,1/22/2021,25.78805,-80.31694,1.4,MIAMI INTERNATIONAL AIRPORT - FL US,67.9,58.1,1017.2,16.2,9.8,3.2,9.9,15.0,80.1,55.9,0.0,999.9,FLAG_ANOMALY_STP,False,False,False,False,False,False
72202012839,1/23/2021,25.78805,-80.31694,1.4,MIAMI INTERNATIONAL AIRPORT - FL US,69.6,60.1,1017.6,16.6,9.4,3.7,8.0,999.9,81.0,55.9,0.0,999.9,FLAG_ANOMALY_STP,False,True,False,False,False,False
72202012839,1/24/2021,25.78805,-80.31694,1.4,MIAMI INTERNATIONAL AIRPORT - FL US,71.5,64.6,1018.8,17.8,8.6,3.4,8.9,999.9,82.0,57.0,0.0,999.9,FLAG_ANOMALY_STP,True,False,False,False,False,False
72202012839,1/25/2021,25.78805,-80.31694,1.4,MIAMI INTERNATIONAL AIRPORT - FL US,73.3,66.5,1018.0,17.0,10.0,6.8,15.0,21.0,82.0,64.9,0.0,999.9,FLAG_ANOMALY_STP,False,False,False,False,False,False
72202012839,1/26/2021,25.78805,-80.31694,1.4,MIAMI INTERNATIONAL AIRPORT - FL US,74.0,66.9,1017.2,16.1,10.0,5.3,9.9,18.1,82.9,66.9,0.0,999.9,FLAG_ANOMALY_STP,False,False,False,False,False,False
72202012839,1/27/2021,25.78805,-80.31694,1.4,MIAMI INTERNATIONAL AIRPORT - FL US,75.1,66.4,1017.8,16.7,10.0,4.7,12.0,18.1,86.0,66.0,0.0,999.9,FLAG_ANOMALY_STP,False,False,False,False,False,False
72202012839,1/28/2021,25.78805,-80.31694,1.4,MIAMI INTERNATIONAL AIRPORT - FL US,72.8,61.2,1019.6,18.5,9.2,8.0,14.0,21.0,86.0,64.0,0.0,999.9,FLAG_ANOMALY_STP,False,False,False,False,False,False
72202012839,1/29/2021,25.78805,-80.31694,1.4,MIAMI INTERNATIONAL AIRPORT - FL US,62.3,49.2,1023.2,22.2,10.0,7.5,9.9,15.9,75.9,55.0,0.0,999.9,FLAG_ANOMALY_STP,False,False,False,False,False,False
72202012839,1/30/2021,25.78805,-80.31694,1.4,MIAMI INTERNATIONAL AIRPORT - FL US,66.8,52.9,1022.4,21.4,10.0,6.9,15.0,20.0,75.0,55.0,0.0,999.9,FLAG_ANOMALY_STP,False,False,False,False,False,False
72202012839,1/31/2021,25.78805,-80.31694,1.4,MIAMI INTERNATIONAL AIRPORT - FL US,71.8,59.6,1019.9,18.7,10.0,10.0,14.0,24.1,78.1,57.9,0.0,999.9,FLAG_ANOMALY_STP,False,False,False,False,False,False
72202012839,2/1/2021,25.78805,-80.31694,1.4,MIAMI INTERNATIONAL AIRPORT - FL US,70.3,60.0,1013.0,12.0,9.9,9.2,18.1,27.0,78.1,63.0,0.0,999.9,FLAG_ANOMALY_STP,False,True,False,False,False,False
72202012839,2/2/2021,25.78805,-80.31694,1.4,MIAMI INTERNATIONAL AIRPORT - FL US,58.2,41.6,1014.1,13.1,10.0,10.8,17.1,22.9,75.9,52.0,0.02,999.9,FLAG_ANOMALY_STP,False,False,False,False,False,False
72202012839,2/3/2021,25.78805,-80.31694,1.4,MIAMI INTERNATIONAL AIRPORT - FL US,56.7,39.9,1017.5,16.5,10.0,7.5,11.1,19.0,66.9,50.0,0.0,999.9,FLAG_ANOMALY_STP,False,False,False,False,False,False
72202012839,2/4/2021,25.78805,-80.31694,1.4,MIAMI INTERNATIONAL AIRPORT - FL US,59.6,43.2,1019.6,18.5,10.0,5.4,12.0,19.0,72.0,48.9,0.0,999.9,FLAG_ANOMALY_STP,False,False,False,False,False,False
72202012839,2/5/2021,25.78805,-80.31694,1.4,MIAMI INTERNATIONAL AIRPORT - FL US,66.7,57.0,1017.1,16.1,10.0,5.5,12.0,18.1,78.1,48.9,0.0,999.9,FLAG_ANOMALY_STP,False,False,False,False,False,False
72202012839,2/6/2021,25.78805,-80.31694,1.4,MIAMI INTERNATIONAL AIRPORT - FL US,73.3,69.4,1015.1,14.2,9.1,6.3,14.0,22.0,82.0,55.9,0.0,999.9,FLAG_ANOMALY_STP,False,True,False,False,False,False
72202012839,2/7/2021,25.78805,-80.31694,1.4,MIAMI INTERNATIONAL AIRPORT - FL US,77.1,71.6,1014.0,13.1,8.8,7.9,14.0,24.1,86.0,71.1,0.98,999.9,FLAG_ANOMALY_STP,False,False,False,False,False,False
72202012839,2/8/2021,25.78805,-80.31694,1.4,MIAMI INTERNATIONAL AIRPORT - FL US,77.5,71.6,1018.0,16.9,8.7,4.8,13.0,20.0,86.0,72.0,0.0,999.9,FLAG_ANOMALY_STP,False,False,False,False,False,False
72202012839,2/9/2021,25.78805,-80.31694,1.4,MIAMI INTERNATIONAL AIRPORT - FL US,75.6,70.4,1020.2,19.2,8.7,4.8,11.1,17.1,82.0,69.8,0.0,999.9,FLAG_ANOMALY_STP,False,False,False,False,False,False
72202012839,2/10/2021,25.78805,-80.31694,1.4,MIAMI INTERNATIONAL AIRPORT - FL US,75.9,68.8,1019.9,18.9,9.7,7.6,12.0,999.9,82.9,70.0,0.0,999.9,FLAG_ANOMALY_STP,False,False,False,False,False,False
72202012839,2/11/2021,25.78805,-80.31694,1.4,MIAMI INTERNATIONAL AIRPORT - FL US,76.1,68.4,1018.1,17.0,10.0,9.4,15.0,20.0,82.9,70.0,0.0,999.9,FLAG_ANOMALY_STP,False,False,False,False,False,False
72202012839,2/12/2021,25.78805,-80.31694,1.4,MIAMI INTERNATIONAL AIRPORT - FL US,76.0,69.6,1015.5,14.4,10.0,7.0,13.0,19.0,82.0,72.0,0.0,999.9,FLAG_ANOMALY_STP,False,False,False,False,False,False
72202012839,2/13/2021,25.78805,-80.31694,1.4,MIAMI INTERNATIONAL AIRPORT - FL US,77.8,71.6,1014.2,13.1,10.0,8.6,14.0,22.9,84.0,72.0,0.0,999.9,FLAG_ANOMALY_STP,False,False,False,False,False,False
72202012839,2/14/2021,25.78805,-80.31694,1.4,MIAMI INTERNATIONAL AIRPORT - FL US,79.2,72.5,1014.5,13.4,10.0,8.9,15.0,21.0,86.0,75.0,0.0,999.9,FLAG_ANOMALY_STP,False,False,False,False,False,False
72202012839,2/15/2021,25.78805,-80.31694,1.4,MIAMI INTERNATIONAL AIRPORT - FL US,79.5,72.5,1016.0,15.0,10.0,8.0,14.0,24.1,86.0,75.0,0.0,999.9,FLAG_ANOMALY_STP,False,False,False,False,False,False
72202012839,2/16/2021,25.78805,-80.31694,1.4,MIAMI INTERNATIONAL AIRPORT - FL US,78.2,73.7,1016.0,15.0,8.7,7.0,15.0,22.0,86.0,75.0,0.22,999.9,FLAG_ANOMALY_STP,False,True,False,False,True,False
72202012839,2/17/2021,25.78805,-80.31694,1.4,MIAMI INTERNATIONAL AIRPORT - FL US,76.7,72.0,1017.7,16.7,8.6,6.2,13.0,21.0,82.9,72.0,1.26,999.9,FLAG_ANOMALY_STP,False,True,False,False,False,False
72202012839,2/18/2021,25.78805,-80.31694,1.4,MIAMI INTERNATIONAL AIRPORT - FL US,78.8,70.6,1018.3,17.2,10.0,9.9,15.9,22.9,84.9,72.0,0.02,999.9,FLAG_ANOMALY_STP,False,False,False,False,False,False
72202012839,2/19/2021,25.78805,-80.31694,1.4,MIAMI INTERNATIONAL AIRPORT - FL US,79.1,72.4,1018.1,17.2,9.9,8.0,13.0,22.0,84.9,75.0,0.0,999.9,FLAG_ANOMALY_STP,False,True,False,False,False,False
72202012839,2/20/2021,25.78805,-80.31694,1.4,MIAMI INTERNATIONAL AIRPORT - FL US,69.5,60.6,1020.6,19.2,9.7,8.5,12.0,22.0,77.0,62.1,0.21,999.9,FLAG_ANOMALY_STP,False,True,False,False,False,False
72202012839,2/21/2021,25.78805,-80.31694,1.4,MIAMI INTERNATIONAL AIRPORT - FL US,70.0,57.4,1023.7,22.6,10.0,11.3,19.0,28.9,75.9,64.0,0.0,999.9,FLAG_ANOMALY_STP,False,True,False,False,False,False
72202012839,2/22/2021,25.78805,-80.31694,1.4,MIAMI INTERNATIONAL AIRPORT - FL US,74.0,65.0,1021.9,20.9,10.0,12.5,18.1,22.0,81.0,64.0,0.01,999.9,FLAG_ANOMALY_STP,False,True,False,False,False,False
72202012839,2/23/2021,25.78805,-80.31694,1.4,MIAMI INTERNATIONAL AIRPORT - FL US,75.7,69.3,1018.4,17.5,9.8,4.8,9.9,999.9,84.9,70.0,0.0,999.9,FLAG_ANOMALY_STP,False,True,False,False,False,False
72202012839,2/24/2021,25.78805,-80.31694,1.4,MIAMI INTERNATIONAL AIRPORT - FL US,74.7,67.6,1019.5,18.6,9.9,6.2,9.9,17.1,84.9,70.0,0.06,999.9,FLAG_ANOMALY_STP,False,True,False,False,False,False
72202012839,2/25/2021,25.78805,-80.31694,1.4,MIAMI INTERNATIONAL AIRPORT - FL US,75.4,67.3,1020.7,19.7,9.7,2.8,8.0,999.9,86.0,68.0,0.13,999.9,FLAG_ANOMALY_STP,False,False,False,False,False,False
72202012839,2/26/2021,25.78805,-80.31694,1.4,MIAMI INTERNATIONAL AIRPORT - FL US,76.9,68.0,1020.4,19.3,10.0,6.0,13.0,18.1,86.0,68.0,0.0,999.9,FLAG_ANOMALY_STP,False,True,False,False,False,False
72202012839,2/27/2021,25.78805,-80.31694,1.4,MIAMI INTERNATIONAL AIRPORT - FL US,78.0,68.5,1021.4,20.3,10.0,11.2,15.9,22.0,84.0,71.1,0.01,999.9,FLAG_ANOMALY_STP,False,False,False,False,False,False
72202012839,2/28/2021,25.78805,-80.31694,1.4,MIAMI INTERNATIONAL AIRPORT - FL US,78.5,68.8,1021.6,20.7,10.0,13.1,18.1,25.1,84.0,75.0,0.0,999.9,FLAG_ANOMALY_STP,False,False,False,False,False,False
72202012839,3/1/2021,25.78805,-80.31694,1.4,MIAMI INTERNATIONAL AIRPORT - FL US,78.7,70.0,1018.9,18.0,10.0,9.1,12.0,19.0,84.0,75.0,0.0,999.9,FLAG_ANOMALY_STP,False,False,False,False,False,False
72202012839,3/2/2021,25.78805,-80.31694,1.4,MIAMI INTERNATIONAL AIRPORT - FL US,77.2,69.1,1017.5,16.6,10.0,4.1,9.9,15.9,84.9,70.0,0.0,999.9,FLAG_ANOMALY_STP,False,False,False,False,False,False
72202012839,3/3/2021,25.78805,-80.31694,1.4,MIAMI INTERNATIONAL AIRPORT - FL US,76.6,67.0,1014.7,13.7,10.0,7.6,17.1,28.9,86.0,69.1,0.0,999.9,FLAG_ANOMALY_STP,False,False,False,False,False,False
72202012839,3/4/2021,25.78805,-80.31694,1.4,MIAMI INTERNATIONAL AIRPORT - FL US,67.6,56.5,1015.2,14.3,10.0,6.6,9.9,18.1,86.0,60.1,0.0,999.9,FLAG_ANOMALY_STP,False,False,False,False,False,False
72202012839,3/5/2021,25.78805,-80.31694,1.4,MIAMI INTERNATIONAL AIRPORT - FL US,69.7,55.1,1014.7,13.7,10.0,5.9,13.0,15.0,80.1,60.1,0.0,999.9,FLAG_ANOMALY_STP,False,False,False,False,False,False
72202012839,3/6/2021,25.78805,-80.31694,1.4,MIAMI INTERNATIONAL AIRPORT - FL US,71.7,58.3,1014.2,12.9,9.8,7.8,15.9,22.9,80.1,62.1,0.0,999.9,FLAG_ANOMALY_STP,True,True,False,False,True,False
72202012839,3/7/2021,25.78805,-80.31694,1.4,MIAMI INTERNATIONAL AIRPORT - FL US,68.4,59.2,1016.9,15.5,10.0,8.0,12.0,20.0,79.0,62.1,1.42,999.9,FLAG_ANOMALY_STP,False,False,False,False,False,False
72202012839,3/8/2021,25.78805,-80.31694,1.4,MIAMI INTERNATIONAL AIRPORT - FL US,64.7,50.3,1025.8,24.8,10.0,8.4,17.1,22.0,78.1,57.0,0.0,999.9,FLAG_ANOMALY_STP,False,True,False,False,False,False
72202012839,3/9/2021,25.78805,-80.31694,1.4,MIAMI INTERNATIONAL AIRPORT - FL US,70.8,52.5,1028.4,27.3,10.0,11.9,15.9,24.1,75.0,57.0,0.0,999.9,FLAG_ANOMALY_STP,False,True,False,False,False,False
72202012839,3/10/2021,25.78805,-80.31694,1.4,MIAMI INTERNATIONAL AIRPORT - FL US,71.1,57.0,1026.7,25.7,9.8,11.4,15.9,24.1,78.1,68.0,0.0,999.9,FLAG_ANOMALY_STP,False,True,False,False,False,False
72202012839,3/11/2021,25.78805,-80.31694,1.4,MIAMI INTERNATIONAL AIRPORT - FL US,73.1,60.7,1025.5,24.5,9.7,13.4,21.0,28.0,80.1,66.9,0.11,999.9,FLAG_ANOMALY_STP,False,True,False,False,False,False
72202012839,3/12/2021,25.78805,-80.31694,1.4,MIAMI INTERNATIONAL AIRPORT - FL US,73.9,57.7,1025.0,24.0,10.0,8.8,13.0,27.0,80.1,66.9,0.02,999.9,FLAG_ANOMALY_STP,False,False,False,False,False,False
72202012839,3/13/2021,25.78805,-80.31694,1.4,MIAMI INTERNATIONAL AIRPORT - FL US,74.6,60.6,1023.3,22.3,10.0,6.7,12.0,17.1,81.0,69.1,0.0,999.9,FLAG_ANOMALY_STP,False,False,False,False,False,False
72202012839,3/14/2021,25.78805,-80.31694,1.4,MIAMI INTERNATIONAL AIRPORT - FL US,73.6,62.4,1020.8,19.8,10.0,5.1,9.9,999.9,82.0,64.9,0.0,999.9,FLAG_ANOMALY_STP,False,False,False,False,False,False
72202012839,3/15/2021,25.78805,-80.31694,1.4,MIAMI INTERNATIONAL AIRPORT - FL US,74.1,64.0,1019.6,18.5,10.0,4.3,11.1,999.9,82.9,64.9,0.0,999.9,FLAG_ANOMALY_STP,False,False,False,False,False,False
72202012839,3/16/2021,25.78805,-80.31694,1.4,MIAMI INTERNATIONAL AIRPORT - FL US,75.7,64.6,1019.4,18.3,10.0,9.8,15.0,22.0,82.9,64.9,0.0,999.9,FLAG_ANOMALY_STP,False,False,False,False,False,False
72202012839,3/17/2021,25.78805,-80.31694,1.4,MIAMI INTERNATIONAL AIRPORT - FL US,76.8,65.9,1018.2,17.2,10.0,9.0,14.0,21.0,82.9,71.1,0.0,999.9,FLAG_ANOMALY_STP,False,False,False,False,False,False
72202012839,3/18/2021,25.78805,-80.31694,1.4,MIAMI INTERNATIONAL AIRPORT - FL US,77.9,70.1,1016.8,15.9,10.0,9.1,17.1,25.1,84.9,72.0,0.0,999.9,FLAG_ANOMALY_STP,False,False,False,False,False,False
72202012839,3/19/2021,25.78805,-80.31694,1.4,MIAMI INTERNATIONAL AIRPORT - FL US,77.7,69.7,1015.4,14.4,8.7,7.5,12.0,19.0,84.9,73.0,0.0,999.9,FLAG_ANOMALY_STP,False,True,False,False,True,False
72202012839,3/20/2021,25.78805,-80.31694,1.4,MIAMI INTERNATIONAL AIRPORT - FL US,68.8,56.8,1017.4,16.5,10.0,6.9,8.9,17.1,84.9,57.9,0.34,999.9,FLAG_ANOMALY_STP,False,False,False,False,False,False
72202012839,3/21/2021,25.78805,-80.31694,1.4,MIAMI INTERNATIONAL AIRPORT - FL US,68.5,57.4,1017.0,16.1,10.0,7.5,11.1,17.1,82.0,57.9,0.0,999.9,FLAG_ANOMALY_STP,False,False,False,False,False,False
72202012839,3/22/2021,25.78805,-80.31694,1.4,MIAMI INTERNATIONAL AIRPORT - FL US,67.0,54.3,1015.8,14.9,10.0,5.3,9.9,15.0,78.1,57.9,0.0,999.9,FLAG_ANOMALY_STP,False,False,False,False,False,False
72202012839,3/23/2021,25.78805,-80.31694,1.4,MIAMI INTERNATIONAL AIRPORT - FL US,69.7,57.9,1015.1,14.1,10.0,6.0,13.0,15.9,80.1,57.9,0.0,999.9,FLAG_ANOMALY_STP,False,False,False,False,False,False
72202012839,3/24/2021,25.78805,-80.31694,1.4,MIAMI INTERNATIONAL AIRPORT - FL US,72.7,61.8,1016.1,15.0,10.0,5.0,15.9,20.0,84.0,61.0,0.0,999.9,FLAG_ANOMALY_STP,False,False,False,False,False,False
72202012839,3/25/2021,25.78805,-80.31694,1.4,MIAMI INTERNATIONAL AIRPORT - FL US,78.5,71.4,1018.2,17.1,9.7,9.7,15.0,22.9,86.0,61.0,0.0,999.9,FLAG_ANOMALY_STP,False,False,False,False,False,False
72202012839,3/26/2021,25.78805,-80.31694,1.4,MIAMI INTERNATIONAL AIRPORT - FL US,79.2,70.5,1020.1,19.0,10.0,9.9,15.9,20.0,86.0,73.9,0.0,999.9,FLAG_ANOMALY_STP,False,False,False,False,False,False
72202012839,3/27/2021,25.78805,-80.31694,1.4,MIAMI INTERNATIONAL AIRPORT - FL US,78.9,69.6,1021.0,20.1,10.0,10.1,15.9,21.0,84.9,73.9,0.0,999.9,FLAG_ANOMALY_STP,False,False,False,False,False,False
72202012839,3/28/2021,25.78805,-80.31694,1.4,MIAMI INTERNATIONAL AIRPORT - FL US,79.7,69.2,1019.2,18.4,10.0,11.1,14.0,20.0,84.9,73.9,0.0,999.9,FLAG_ANOMALY_STP,False,False,False,False,False,False
72202012839,3/29/2021,25.78805,-80.31694,1.4,MIAMI INTERNATIONAL AIRPORT - FL US,79.4,69.5,1019.2,18.2,10.0,4.5,12.0,15.0,86.0,73.0,0.0,999.9,FLAG_ANOMALY_STP,False,False,False,False,False,False
72202012839,3/30/2021,25.78805,-80.31694,1.4,MIAMI INTERNATIONAL AIRPORT - FL US,79.8,69.2,1020.2,19.2,10.0,10.1,15.0,21.0,86.0,73.0,0.0,999.9,FLAG_ANOMALY_STP,False,False,False,False,False,False
72202012839,3/31/2021,25.78805,-80.31694,1.4,MIAMI INTERNATIONAL AIRPORT - FL US,80.6,69.9,1019.5,18.6,10.0,11.7,15.0,22.9,86.0,75.9,0.0,999.9,FLAG_ANOMALY_STP,False,False,False,False,False,False
72202012839,4/1/2021,25.78805,-80.31694,1.4,MIAMI INTERNATIONAL AIRPORT - FL US,79.0,68.5,1016.7,15.6,9.9,3.9,11.1,24.1,89.1,73.0,0.0,999.9,FLAG_ANOMALY_STP,False,True,False,False,False,False
72202012839,4/2/2021,25.78805,-80.31694,1.4,MIAMI INTERNATIONAL AIRPORT - FL US,70.4,53.9,1018.1,16.7,10.0,10.9,15.9,26.0,89.1,61.0,0.06,999.9,FLAG_ANOMALY_STP,False,True,False,False,False,False
72202012839,4/3/2021,25.78805,-80.31694,1.4,MIAMI INTERNATIONAL AIRPORT - FL US,69.4,49.7,1023.6,22.5,10.0,10.8,15.9,24.1,78.1,61.0,0.0,999.9,FLAG_ANOMALY_STP,False,False,False,False,False,False
72202012839,4/4/2021,25.78805,-80.31694,1.4,MIAMI INTERNATIONAL AIRPORT - FL US,71.0,50.0,1023.5,22.5,10.0,9.1,14.0,22.0,77.0,63.0,0.0,999.9,FLAG_ANOMALY_STP,False,False,False,False,False,False
72202012839,4/5/2021,25.78805,-80.31694,1.4,MIAMI INTERNATIONAL AIRPORT - FL US,71.1,51.6,1021.0,20.0,10.0,7.1,13.0,19.0,78.1,64.9,0.0,999.9,FLAG_ANOMALY_STP,False,False,False,False,False,False
72202012839,4/6/2021,25.78805,-80.31694,1.4,MIAMI INTERNATIONAL AIRPORT - FL US,70.8,55.2,1019.7,18.7,10.0,5.9,11.1,999.9,80.1,61.0,0.0,999.9,FLAG_ANOMALY_STP,False,False,False,False,False,False
72202012839,4/7/2021,25.78805,-80.31694,1.4,MIAMI INTERNATIONAL AIRPORT - FL US,72.0,56.0,1018.6,17.6,10.0,6.5,13.0,20.0,81.0,61.0,0.0,999.9,FLAG_ANOMALY_STP,False,False,False,False,False,False
72202012839,4/8/2021,25.78805,-80.31694,1.4,MIAMI INTERNATIONAL AIRPORT - FL US,72.8,58.2,1016.9,15.9,10.0,6.7,11.1,19.0,81.0,62.1,0.0,999.9,FLAG_ANOMALY_STP,False,False,False,False,False,False
72202012839,4/9/2021,25.78805,-80.31694,1.4,MIAMI INTERNATIONAL AIRPORT - FL US,74.4,61.5,1016.5,15.5,10.0,8.4,15.0,22.9,81.0,63.0,0.0,999.9,FLAG_ANOMALY_STP,False,False,False,False,False,False
72202012839,4/10/2021,25.78805,-80.31694,1.4,MIAMI INTERNATIONAL AIRPORT - FL US,76.9,65.7,1014.7,13.7,10.0,10.2,15.0,22.0,84.9,68.0,0.0,999.9,FLAG_ANOMALY_STP,False,False,False,False,False,False
72202012839,4/11/2021,25.78805,-80.31694,1.4,MIAMI INTERNATIONAL AIRPORT - FL US,78.9,69.3,1010.5,9.7,9.9,9.8,18.1,33.0,91.0,66.0,0.0,999.9,FLAG_ANOMALY_STP,True,True,False,False,True,False
72202012839,4/12/2021,25.78805,-80.31694,1.4,MIAMI INTERNATIONAL AIRPORT - FL US,74.0,68.2,1010.9,9.9,9.2,4.8,8.0,15.9,91.0,66.0,1.12,999.9,FLAG_ANOMALY_STP,False,True,False,False,True,False
72202012839,4/13/2021,25.78805,-80.31694,1.4,MIAMI INTERNATIONAL AIRPORT - FL US,77.8,61.4,1015.5,14.4,10.0,4.7,13.0,19.0,88.0,66.9,0.29,999.9,FLAG_ANOMALY_STP,False,False,False,False,False,False
72202012839,4/14/2021,25.78805,-80.31694,1.4,MIAMI INTERNATIONAL AIRPORT - FL US,77.1,63.8,1018.5,17.5,10.0,7.1,15.0,19.0,88.0,68.0,0.0,999.9,FLAG_ANOMALY_STP,False,False,False,False,False,False
72202012839,4/15/2021,25.78805,-80.31694,1.4,MIAMI INTERNATIONAL AIRPORT - FL US,76.1,63.8,1015.9,14.8,10.0,6.9,12.0,19.0,84.0,70.0,0.0,999.9,FLAG_ANOMALY_STP,False,False,False,False,False,False
72202012839,4/16/2021,25.78805,-80.31694,1.4,MIAMI INTERNATIONAL AIRPORT - FL US,78.0,66.6,1012.5,11.4,10.0,5.9,13.0,15.0,88.0,69.1,0.0,999.9,FLAG_ANOMALY_STP,False,False,False,False,False,False
72202012839,4/17/2021,25.78805,-80.31694,1.4,MIAMI INTERNATIONAL AIRPORT - FL US,80.5,67.4,1012.2,11.2,10.0,7.6,13.0,21.0,90.0,69.1,0.0,999.9,FLAG_ANOMALY_STP,False,False,False,False,False,False
72202012839,4/18/2021,25.78805,-80.31694,1.4,MIAMI INTERNATIONAL AIRPORT - FL US,80.5,69.4,1013.4,12.4,10.0,5.5,12.0,19.0,90.0,71.1,0.0,999.9,FLAG_ANOMALY_STP,False,False,False,False,False,False
72202012839,4/19/2021,25.78805,-80.31694,1.4,MIAMI INTERNATIONAL AIRPORT - FL US,83.1,72.2,1013.1,12.2,10.0,9.4,17.1,22.9,91.9,73.0,0.0,999.9,FLAG_ANOMALY_STP,False,False,False,False,False,False
72202012839,4/20/2021,25.78805,-80.31694,1.4,MIAMI INTERNATIONAL AIRPORT - FL US,78.6,71.4,1014.3,13.5,8.6,7.7,15.9,24.1,91.9,70.0,1.21,999.9,FLAG_ANOMALY_STP,False,True,False,False,True,False
72202012839,4/21/2021,25.78805,-80.31694,1.4,MIAMI INTERNATIONAL AIRPORT - FL US,80.4,72.4,1015.2,14.1,8.7,4.5,9.9,15.9,88.0,70.0,1.17,999.9,FLAG_ANOMALY_STP,False,True,False,False,True,False
72202012839,4/22/2021,25.78805,-80.31694,1.4,MIAMI INTERNATIONAL AIRPORT - FL US,78.0,66.0,1016.5,15.5,10.0,5.5,9.9,999.9,88.0,73.0,0.13,999.9,FLAG_ANOMALY_STP,False,False,False,False,False,False
72202012839,4/23/2021,25.78805,-80.31694,1.4,MIAMI INTERNATIONAL AIRPORT - FL US,78.1,66.9,1017.8,16.9,10.0,9.3,14.0,22.0,84.9,73.0,0.0,999.9,FLAG_ANOMALY_STP,False,False,False,False,False,False
72202012839,4/24/2021,25.78805,-80.31694,1.4,MIAMI INTERNATIONAL AIRPORT - FL US,79.9,70.0,1016.2,15.2,10.0,13.4,17.1,26.0,86.0,73.9,0.0,999.9,FLAG_ANOMALY_STP,False,False,False,False,False,False
72202012839,4/25/2021,25.78805,-80.31694,1.4,MIAMI INTERNATIONAL AIRPORT - FL US,82.9,72.2,1013.6,12.5,10.0,6.7,12.0,21.0,93.0,75.9,0.0,999.9,FLAG_ANOMALY_STP,False,False,False,False,False,False
72202012839,4/26/2021,25.78805,-80.31694,1.4,MIAMI INTERNATIONAL AIRPORT - FL US,80.0,69.6,1014.8,13.8,10.0,7.8,15.0,17.1,93.0,75.0,0.0,999.9,FLAG_ANOMALY_STP,False,False,False,False,False,False
72202012839,4/27/2021,25.78805,-80.31694,1.4,MIAMI INTERNATIONAL AIRPORT - FL US,78.2,64.1,1018.1,17.1,10.0,10.5,17.1,25.1,86.0,73.0,0.0,999.9,FLAG_ANOMALY_STP,False,False,False,False,False,False
72202012839,4/28/2021,25.78805,-80.31694,1.4,MIAMI INTERNATIONAL AIRPORT - FL US,78.7,63.6,1018.5,17.3,10.0,9.5,14.0,15.9,84.0,73.0,0.0,999.9,FLAG_ANOMALY_STP,False,False,False,False,False,False
72202012839,4/29/2021,25.78805,-80.31694,1.4,MIAMI INTERNATIONAL AIRPORT - FL US,80.8,70.7,1017.3,16.3,10.0,9.9,15.0,21.0,87.1,73.0,0.0,999.9,FLAG_ANOMALY_STP,False,False,False,False,False,False
72202012839,4/30/2021,25.78805,-80.31694,1.4,MIAMI INTERNATIONAL AIRPORT - FL US,81.3,71.6,1017.0,16.0,10.0,5.9,11.1,17.1,88.0,75.9,0.0,999.9,FLAG_ANOMALY_STP,False,False,False,False,False,False
72202012839,5/1/2021,25.78805,-80.31694,1.4,MIAMI INTERNATIONAL AIRPORT - FL US,81.1,70.0,1015.7,14.6,10.0,5.8,9.9,15.9,91.0,73.9,0.0,999.9,FLAG_ANOMALY_STP,False,False,False,False,False,False
72202012839,5/2/2021,25.78805,-80.31694,1.4,MIAMI INTERNATIONAL AIRPORT - FL US,81.8,68.7,1015.2,14.2,10.0,6.4,13.0,22.0,91.0,73.9,0.0,999.9,FLAG_ANOMALY_STP,False,False,False,False,False,False
72202012839,5/3/2021,25.78805,-80.31694,1.4,MIAMI INTERNATIONAL AIRPORT - FL US,82.5,70.5,1015.3,14.3,10.0,9.5,15.0,21.0,89.1,75.0,0.0,999.9,FLAG_ANOMALY_STP,False,False,False,False,False,False
72202012839,5/4/2021,25.78805,-80.31694,1.4,MIAMI INTERNATIONAL AIRPORT - FL US,83.0,72.7,1016.6,15.6,10.0,8.8,14.0,19.0,89.1,78.1,0.0,999.9,FLAG_ANOMALY_STP,False,False,False,False,False,False
72202012839,5/5/2021,25.78805,-80.31694,1.4,MIAMI INTERNATIONAL AIRPORT - FL US,82.9,72.5,1017.3,16.4,10.0,6.4,12.0,17.1,89.1,78.1,0.0,999.9,FLAG_ANOMALY_STP,False,False,False,False,False,False
72202012839,5/6/2021,25.78805,-80.31694,1.4,MIAMI INTERNATIONAL AIRPORT - FL US,83.4,72.7,1017.0,15.8,10.0,4.5,12.0,25.1,91.0,73.9,0.0,999.9,FLAG_ANOMALY_STP,False,True,False,False,True,False
72202012839,5/7/2021,25.78805,-80.31694,1.4,MIAMI INTERNATIONAL AIRPORT - FL US,80.6,71.7,1015.7,14.6,9.6,5.4,13.0,15.9,93.0,71.1,0.66,999.9,FLAG_ANOMALY_STP,False,True,False,False,True,False
72202012839,5/8/2021,25.78805,-80.31694,1.4,MIAMI INTERNATIONAL AIRPORT - FL US,78.6,67.9,1017.1,15.9,9.9,8.1,14.0,22.9,93.0,73.9,0.19,999.9,FLAG_ANOMALY_STP,False,True,False,False,True,False
72202012839,5/9/2021,25.78805,-80.31694,1.4,MIAMI INTERNATIONAL AIRPORT - FL US,79.8,69.7,1018.6,17.7,9.8,10.5,17.1,21.0,84.9,73.9,0.0,999.9,FLAG_ANOMALY_STP,False,True,False,False,True,False
72202012839,5/10/2021,25.78805,-80.31694,1.4,MIAMI INTERNATIONAL AIRPORT - FL US,81.4,72.6,1018.0,16.9,10.0,8.1,13.0,18.1,88.0,75.9,0.65,999.9,FLAG_ANOMALY_STP,False,False,False,False,False,False
72202012839,5/11/2021,25.78805,-80.31694,1.4,MIAMI INTERNATIONAL AIRPORT - FL US,82.7,72.4,1018.0,16.9,10.0,5.5,11.1,999.9,90.0,75.9,0.04,999.9,FLAG_ANOMALY_STP,False,False,False,False,False,False
72202012839,5/12/2021,25.78805,-80.31694,1.4,MIAMI INTERNATIONAL AIRPORT - FL US,82.9,73.3,1017.2,16.2,9.6,7.6,11.1,25.1,90.0,75.0,0.0,999.9,FLAG_ANOMALY_STP,False,True,False,False,True,False
72202012839,5/13/2021,25.78805,-80.31694,1.4,MIAMI INTERNATIONAL AIRPORT - FL US,82.1,72.9,1016.4,15.4,10.0,5.8,12.0,18.1,93.9,75.0,0.93,999.9,FLAG_ANOMALY_STP,False,True,False,False,True,False
72202012839,5/14/2021,25.78805,-80.31694,1.4,MIAMI INTERNATIONAL AIRPORT - FL US,79.0,71.0,1016.9,16.0,9.9,5.2,11.1,999.9,93.9,75.0,0.19,999.9,FLAG_ANOMALY_STP,False,True,False,False,False,False
72202012839,5/15/2021,25.78805,-80.31694,1.4,MIAMI INTERNATIONAL AIRPORT - FL US,79.3,68.7,1017.8,16.8,10.0,6.9,15.0,22.0,87.1,73.9,0.01,999.9,FLAG_ANOMALY_STP,False,False,False,False,False,False
72202012839,5/16/2021,25.78805,-80.31694,1.4,MIAMI INTERNATIONAL AIRPORT - FL US,79.2,64.0,1019.0,17.9,10.0,8.0,15.0,20.0,86.0,73.9,0.0,999.9,FLAG_ANOMALY_STP,False,False,False,False,False,False
72202012839,5/17/2021,25.78805,-80.31694,1.4,MIAMI INTERNATIONAL AIRPORT - FL US,78.9,64.9,1019.0,18.0,10.0,10.2,15.0,19.0,84.9,73.9,0.01,999.9,FLAG_ANOMALY_STP,False,False,False,False,False,False
72202012839,5/18/2021,25.78805,-80.31694,1.4,MIAMI INTERNATIONAL AIRPORT - FL US,80.0,65.2,1018.4,17.5,10.0,13.1,21.0,27.0,86.0,75.0,0.0,999.9,FLAG_ANOMALY_STP,False,True,False,False,False,False
72202012839,5/19/2021,25.78805,-80.31694,1.4,MIAMI INTERNATIONAL AIRPORT - FL US,80.2,66.8,1018.2,17.2,10.0,16.1,21.0,27.0,86.0,75.9,0.0,999.9,FLAG_ANOMALY_STP,False,True,False,False,False,False
72202012839,5/20/2021,25.78805,-80.31694,1.4,MIAMI INTERNATIONAL AIRPORT - FL US,79.9,66.1,1019.7,18.7,10.0,18.0,21.0,29.9,84.9,75.9,0.0,999.9,FLAG_ANOMALY_STP,False,True,False,False,False,False
72202012839,5/21/2021,25.78805,-80.31694,1.4,MIAMI INTERNATIONAL AIRPORT - FL US,79.0,61.4,1021.7,20.7,10.0,14.9,21.0,27.0,84.9,73.9,0.0,999.9,FLAG_ANOMALY_STP,False,False,False,False,False,False
72202012839,5/22/2021,25.78805,-80.31694,1.4,MIAMI INTERNATIONAL AIRPORT - FL US,78.9,62.1,1022.2,21.2,10.0,13.0,20.0,25.1,84.0,73.9,0.0,999.9,FLAG_ANOMALY_STP,False,False,False,False,False,False
72202012839,5/23/2021,25.78805,-80.31694,1.4,MIAMI INTERNATIONAL AIRPORT - FL US,79.0,61.1,1021.5,20.4,10.0,10.5,17.1,22.0,84.0,73.9,0.0,999.9,FLAG_ANOMALY_STP,False,False,False,False,False,False
72202012839,5/24/2021,25.78805,-80.31694,1.4,MIAMI INTERNATIONAL AIRPORT - FL US,78.4,62.5,1020.7,19.7,10.0,7.9,12.0,17.1,84.0,73.0,0.0,999.9,FLAG_ANOMALY_STP,False,False,False,False,False,False
72202012839,5/25/2021,25.78805,-80.31694,1.4,MIAMI INTERNATIONAL AIRPORT - FL US,79.4,64.6,1021.6,20.6,10.0,9.2,12.0,19.0,84.9,73.0,0.0,999.9,FLAG_ANOMALY_STP,False,False,False,False,False,False
72202012839,5/26/2021,25.78805,-80.31694,1.4,MIAMI INTERNATIONAL AIRPORT - FL US,79.8,65.5,1021.9,20.9,10.0,11.2,15.0,21.0,86.0,75.0,0.0,999.9,FLAG_ANOMALY_STP,False,False,False,False,False,False
72202012839,5/27/2021,25.78805,-80.31694,1.4,MIAMI INTERNATIONAL AIRPORT - FL US,80.0,66.9,1019.9,18.9,10.0,7.8,11.1,15.0,87.1,73.9,0.0,999.9,FLAG_ANOMALY_STP,False,False,False,False,False,False
72202012839,5/28/2021,25.78805,-80.31694,1.4,MIAMI INTERNATIONAL AIRPORT - FL US,80.7,68.2,1017.4,16.4,10.0,7.6,13.0,19.0,87.1,73.9,0.0,999.9,FLAG_ANOMALY_STP,False,False,False,False,False,False
72202012839,5/29/2021,25.78805,-80.31694,1.4,MIAMI INTERNATIONAL AIRPORT - FL US,80.7,68.8,1014.3,13.3,10.0,5.6,13.0,21.0,88.0,73.9,0.0,999.9,FLAG_ANOMALY_STP,False,False,False,False,False,False
72202012839,5/30/2021,25.78805,-80.31694,1.4,MIAMI INTERNATIONAL AIRPORT - FL US,81.5,71.6,1015.8,14.7,10.0,6.1,13.0,17.1,88.0,73.9,0.0,999.9,FLAG_ANOMALY_STP,False,False,False,False,False,False
72202012839,5/31/2021,25.78805,-80.31694,1.4,MIAMI INTERNATIONAL AIRPORT - FL US,81.9,71.5,1019.3,18.2,9.8,7.2,14.0,24.1,89.1,75.9,0.04,999.9,FLAG_ANOMALY_STP,False,False,False,False,False,False
72202012839,6/1/2021,25.78805,-80.31694,1.4,MIAMI INTERNATIONAL AIRPORT - FL US,80.9,69.9,1019.1,18.1,10.0,10.1,15.0,20.0,86.0,75.2,0.0,999.9,FLAG_ANOMALY_STP,False,True,False,False,False,False
72202012839,6/2/2021,25.78805,-80.31694,1.4,MIAMI INTERNATIONAL AIRPORT - FL US,79.9,71.1,1017.1,16.1,9.6,8.5,14.0,15.9,86.0,75.0,0.0,999.9,FLAG_ANOMALY_STP,False,True,False,False,False,False
72202012839,6/3/2021,25.78805,-80.31694,1.4,MIAMI INTERNATIONAL AIRPORT - FL US,80.1,74.0,1016.7,15.8,9.3,8.9,14.0,22.9,86.0,75.0,0.78,999.9,FLAG_ANOMALY_STP,False,True,False,False,True,False
72202012839,6/4/2021,25.78805,-80.31694,1.4,MIAMI INTERNATIONAL AIRPORT - FL US,81.5,73.6,1017.4,16.3,10.0,8.0,15.9,21.0,88.0,75.0,0.61,999.9,FLAG_ANOMALY_STP,False,True,False,False,False,False
72202012839,6/5/2021,25.78805,-80.31694,1.4,MIAMI INTERNATIONAL AIRPORT - FL US,82.7,73.6,1017.6,16.5,10.0,8.5,15.0,21.0,88.0,75.0,0.02,999.9,FLAG_ANOMALY_STP,False,True,False,False,False,False
72202012839,6/6/2021,25.78805,-80.31694,1.4,MIAMI INTERNATIONAL AIRPORT - FL US,83.7,74.7,1017.9,17.1,10.0,12.3,15.9,22.9,88.0,79.0,0.01,999.9,FLAG_ANOMALY_STP,False,True,False,False,False,False
72202012839,6/7/2021,25.78805,-80.31694,1.4,MIAMI INTERNATIONAL AIRPORT - FL US,83.6,72.5,1019.1,18.1,10.0,11.8,15.9,21.0,89.1,80.1,0.0,999.9,FLAG_ANOMALY_STP,False,False,False,False,False,False
72202012839,6/8/2021,25.78805,-80.31694,1.4,MIAMI INTERNATIONAL AIRPORT - FL US,83.1,71.7,1020.0,19.0,10.0,11.1,14.0,22.0,89.1,78.1,0.02,999.9,FLAG_ANOMALY_STP,False,False,False,False,False,False
72202012839,6/9/2021,25.78805,-80.31694,1.4,MIAMI INTERNATIONAL AIRPORT - FL US,83.3,70.5,1019.9,18.9,10.0,10.3,13.0,15.9,89.1,78.1,0.0,999.9,FLAG_ANOMALY_STP,False,False,False,False,False,False
72202012839,6/10/2021,25.78805,-80.31694,1.4,MIAMI INTERNATIONAL AIRPORT - FL US,83.7,72.1,1018.0,17.0,10.0,9.5,12.0,17.1,89.1,78.1,0.0,999.9,FLAG_ANOMALY_STP,False,False,False,False,False,False
72202012839,6/11/2021,25.78805,-80.31694,1.4,MIAMI INTERNATIONAL AIRPORT - FL US,83.9,73.4,1016.2,15.1,10.0,8.3,12.0,18.1,90.0,79.0,0.0,999.9,FLAG_ANOMALY_STP,False,False,False,False,False,False
72202012839,6/12/2021,25.78805,-80.31694,1.4,MIAMI INTERNATIONAL AIRPORT - FL US,83.6,74.8,1014.2,13.0,9.7,5.7,9.9,18.1,90.0,79.0,0.0,999.9,FLAG_ANOMALY_STP,False,True,False,False,True,False
72202012839,6/13/2021,25.78805,-80.31694,1.4,MIAMI INTERNATIONAL AIRPORT - FL US,84.6,74.0,1012.8,11.9,10.0,6.5,13.0,19.0,93.9,78.1,0.09,999.9,FLAG_ANOMALY_STP,False,True,False,False,True,False
72202012839,6/14/2021,25.78805,-80.31694,1.4,MIAMI INTERNATIONAL AIRPORT - FL US,80.9,73.4,1014.5,13.6,9.3,6.3,15.9,22.9,93.9,73.9,0.0,999.9,FLAG_ANOMALY_STP,False,True,False,False,True,False
72202012839,6/15/2021,25.78805,-80.31694,1.4,MIAMI INTERNATIONAL AIRPORT - FL US,78.9,73.4,1016.7,15.7,9.3,5.5,11.1,22.9,89.1,75.0,0.79,999.9,FLAG_ANOMALY_STP,False,True,False,False,True,False
72202012839,6/16/2021,25.78805,-80.31694,1.4,MIAMI INTERNATIONAL AIRPORT - FL US,79.2,74.2,1016.9,15.8,9.8,3.0,14.0,999.9,89.1,73.9,0.72,999.9,FLAG_ANOMALY_STP,False,True,False,False,True,False
72202012839,6/17/2021,25.78805,-80.31694,1.4,MIAMI INTERNATIONAL AIRPORT - FL US,79.7,72.7,1016.9,15.8,9.4,4.1,12.0,999.9,89.1,73.0,0.61,999.9,FLAG_ANOMALY_STP,False,True,False,False,False,False
72202012839,6/18/2021,25.78805,-80.31694,1.4,MIAMI INTERNATIONAL AIRPORT - FL US,83.7,75.3,1017.6,16.6,9.4,9.4,15.9,18.1,90.0,73.0,0.03,999.9,FLAG_ANOMALY_STP,False,True,False,False,False,False
72202012839,6/19/2021,25.78805,-80.31694,1.4,MIAMI INTERNATIONAL AIRPORT - FL US,84.8,76.1,1018.2,17.2,9.9,8.8,12.0,19.0,90.0,75.9,0.0,999.9,FLAG_ANOMALY_STP,False,False,False,False,False,False
72202012839,6/20/2021,25.78805,-80.31694,1.4,MIAMI INTERNATIONAL AIRPORT - FL US,85.4,77.6,1018.0,16.9,10.0,6.7,14.0,21.0,91.9,73.9,0.0,999.9,FLAG_ANOMALY_STP,False,True,False,False,True,False
72202012839,6/21/2021,25.78805,-80.31694,1.4,MIAMI INTERNATIONAL AIRPORT - FL US,84.6,76.2,1018.3,17.3,10.0,5.9,13.0,19.0,91.9,73.9,1.1,999.9,FLAG_ANOMALY_STP,False,True,False,False,False,False
72202012839,6/22/2021,25.78805,-80.31694,1.4,MIAMI INTERNATIONAL AIRPORT - FL US,86.2,76.6,1017.7,16.6,10.0,8.6,15.0,22.0,91.9,81.0,0.0,999.9,FLAG_ANOMALY_STP,False,True,False,False,True,False
72202012839,6/23/2021,25.78805,-80.31694,1.4,MIAMI INTERNATIONAL AIRPORT - FL US,82.7,73.5,1018.7,17.8,9.6,4.6,13.0,20.0,91.9,75.0,0.2,999.9,FLAG_ANOMALY_STP,False,True,False,False,True,False
72202012839,6/24/2021,25.78805,-80.31694,1.4,MIAMI INTERNATIONAL AIRPORT - FL US,80.9,72.8,1018.7,17.8,10.0,5.7,11.1,999.9,91.9,75.0,0.58,999.9,FLAG_ANOMALY_STP,False,True,False,False,False,False
72202012839,6/25/2021,25.78805,-80.31694,1.4,MIAMI INTERNATIONAL AIRPORT - FL US,81.0,73.6,1017.3,16.7,9.6,6.9,20.0,29.9,87.1,75.0,0.22,999.9,FLAG_ANOMALY_STP,False,True,False,False,True,False
72202012839,6/26/2021,25.78805,-80.31694,1.4,MIAMI INTERNATIONAL AIRPORT - FL US,83.1,74.0,1016.7,15.7,9.7,8.2,13.0,28.9,88.0,75.9,0.68,999.9,FLAG_ANOMALY_STP,False,True,False,False,True,False
72202012839,6/27/2021,25.78805,-80.31694,1.4,MIAMI INTERNATIONAL AIRPORT - FL US,82.7,73.6,1016.5,15.6,10.0,8.4,18.1,22.9,90.0,75.9,0.22,999.9,FLAG_ANOMALY_STP,False,True,False,False,True,False
72202012839,6/28/2021,25.78805,-80.31694,1.4,MIAMI INTERNATIONAL AIRPORT - FL US,80.1,74.0,1017.6,16.6,9.7,6.3,13.0,24.1,90.0,75.9,0.18,999.9,FLAG_ANOMALY_STP,False,True,False,False,True,False
72202012839,6/29/2021,25.78805,-80.31694,1.4,MIAMI INTERNATIONAL AIRPORT - FL US,80.6,74.6,1019.3,18.3,9.4,5.8,19.0,31.1,88.0,73.4,1.14,999.9,FLAG_ANOMALY_STP,True,True,False,False,True,False
72202012839,6/30/2021,25.78805,-80.31694,1.4,MIAMI INTERNATIONAL AIRPORT - FL US,77.5,74.1,1018.9,17.9,8.7,4.5,19.0,25.1,89.1,73.0,3.47,999.9,FLAG_ANOMALY_STP,True,True,False,False,True,False
72202012839,7/1/2021,25.78805,-80.31694,1.4,MIAMI INTERNATIONAL AIRPORT - FL US,78.2,74.8,1016.7,15.7,10.0,3.3,8.9,999.9,86.0,75.0,0.97,999.9,FLAG_ANOMALY_STP,False,True,False,False,True,False
72202012839,7/2/2021,25.78805,-80.31694,1.4,MIAMI INTERNATIONAL AIRPORT - FL US,81.8,74.8,1016.1,14.9,9.8,3.1,15.9,18.1,90.0,75.9,0.06,999.9,FLAG_ANOMALY_STP,False,True,False,False,True,False
72202012839,7/3/2021,25.78805,-80.31694,1.4,MIAMI INTERNATIONAL AIRPORT - FL US,83.0,75.6,1015.7,14.6,9.9,4.1,8.0,999.9,93.9,75.9,0.56,999.9,FLAG_ANOMALY_STP,False,True,False,False,False,False
72202012839,7/4/2021,25.78805,-80.31694,1.4,MIAMI INTERNATIONAL AIRPORT - FL US,85.3,76.0,1015.5,14.4,10.0,6.1,12.0,999.9,91.9,80.1,0.0,999.9,FLAG_ANOMALY_STP,False,False,False,False,False,False
72202012839,7/5/2021,25.78805,-80.31694,1.4,MIAMI INTERNATIONAL AIRPORT - FL US,82.7,75.9,1015.9,14.9,8.9,6.7,18.1,27.0,91.0,75.0,0.02,999.9,FLAG_ANOMALY_STP,True,True,False,False,True,False
72202012839,7/6/2021,25.78805,-80.31694,1.4,MIAMI INTERNATIONAL AIRPORT - FL US,79.7,75.9,1016.8,16.0,8.9,9.4,18.1,27.0,84.9,73.9,1.57,999.9,FLAG_ANOMALY_STP,True,True,False,False,True,False
72202012839,7/7/2021,25.78805,-80.31694,1.4,MIAMI INTERNATIONAL AIRPORT - FL US,83.8,76.7,1016.7,15.6,10.0,8.6,12.0,17.1,90.0,75.9,0.05,999.9,FLAG_ANOMALY_STP,False,False,False,False,False,False
72202012839,7/8/2021,25.78805,-80.31694,1.4,MIAMI INTERNATIONAL AIRPORT - FL US,83.6,75.9,1018.0,17.0,10.0,6.1,14.0,20.0,90.0,78.1,0.0,999.9,FLAG_ANOMALY_STP,False,True,False,False,True,False
72202012839,7/9/2021,25.78805,-80.31694,1.4,MIAMI INTERNATIONAL AIRPORT - FL US,83.1,74.6,1020.3,19.2,10.0,4.6,9.9,15.9,91.0,78.1,0.0,999.9,FLAG_ANOMALY_STP,False,False,False,False,False,False
72202012839,7/10/2021,25.78805,-80.31694,1.4,MIAMI INTERNATIONAL AIRPORT - FL US,82.5,72.9,1019.9,19.1,9.5,5.5,11.1,20.0,91.0,77.0,0.0,999.9,FLAG_ANOMALY_STP,False,True,False,False,True,False
72202012839,7/11/2021,25.78805,-80.31694,1.4,MIAMI INTERNATIONAL AIRPORT - FL US,82.6,74.2,1019.3,18.5,9.6,8.2,21.0,29.9,89.1,75.0,0.25,999.9,FLAG_ANOMALY_STP,False,True,False,False,False,False
72202012839,7/12/2021,25.78805,-80.31694,1.4,MIAMI INTERNATIONAL AIRPORT - FL US,81.5,73.8,1020.2,19.5,9.4,7.1,12.0,22.0,89.1,71.1,0.16,999.9,FLAG_ANOMALY_STP,False,True,False,False,True,False
72202012839,7/13/2021,25.78805,-80.31694,1.4,MIAMI INTERNATIONAL AIRPORT - FL US,81.2,75.2,1021.3,20.5,8.7,9.0,17.1,28.0,87.1,71.1,1.23,999.9,FLAG_ANOMALY_STP,False,True,False,False,True,False
72202012839,7/14/2021,25.78805,-80.31694,1.4,MIAMI INTERNATIONAL AIRPORT - FL US,81.2,74.2,1021.8,20.7,10.0,7.4,13.0,21.0,88.0,75.2,1.7,999.9,FLAG_ANOMALY_STP,False,True,False,False,False,False
72202012839,7/15/2021,25.78805,-80.31694,1.4,MIAMI INTERNATIONAL AIRPORT - FL US,83.7,74.5,1020.1,19.1,10.0,7.9,15.9,19.0,90.0,75.9,0.02,999.9,FLAG_ANOMALY_STP,False,False,False,False,False,False
72202012839,7/16/2021,25.78805,-80.31694,1.4,MIAMI INTERNATIONAL AIRPORT - FL US,83.9,74.0,1018.7,17.8,10.0,9.3,13.0,17.1,90.0,80.1,0.0,999.9,FLAG_ANOMALY_STP,False,True,False,False,False,False
72202012839,7/17/2021,25.78805,-80.31694,1.4,MIAMI INTERNATIONAL AIRPORT - FL US,82.7,73.8,1019.6,18.7,10.0,6.8,20.0,28.0,89.1,75.9,0.1,999.9,FLAG_ANOMALY_STP,False,True,False,False,True,False
72202012839,7/18/2021,25.78805,-80.31694,1.4,MIAMI INTERNATIONAL AIRPORT - FL US,84.6,74.2,1020.3,19.3,10.0,8.2,13.0,18.1,90.0,75.9,0.5,999.9,FLAG_ANOMALY_STP,False,False,False,False,False,False
72202012839,7/19/2021,25.78805,-80.31694,1.4,MIAMI INTERNATIONAL AIRPORT - FL US,84.8,75.2,1019.3,18.3,10.0,8.4,12.0,999.9,90.0,80.1,0.0,999.9,FLAG_ANOMALY_STP,False,False,False,False,False,False
72202012839,7/20/2021,25.78805,-80.31694,1.4,MIAMI INTERNATIONAL AIRPORT - FL US,83.2,76.6,1017.2,16.2,9.2,6.2,13.0,21.0,90.0,78.1,0.04,999.9,FLAG_ANOMALY_STP,False,True,False,False,True,False
72202012839,7/21/2021,25.78805,-80.31694,1.4,MIAMI INTERNATIONAL AIRPORT - FL US,84.5,75.9,1018.0,16.9,9.9,5.0,11.1,15.9,91.9,78.1,0.47,999.9,FLAG_ANOMALY_STP,False,True,False,False,False,False
72202012839,7/22/2021,25.78805,-80.31694,1.4,MIAMI INTERNATIONAL AIRPORT - FL US,85.9,75.6,1020.2,19.2,9.8,4.9,15.0,22.0,93.9,78.1,0.05,999.9,FLAG_ANOMALY_STP,False,True,False,False,True,False
72202012839,7/23/2021,25.78805,-80.31694,1.4,MIAMI INTERNATIONAL AIRPORT - FL US,85.0,77.1,1019.4,18.3,9.5,4.5,15.0,21.0,93.9,77.0,0.27,999.9,FLAG_ANOMALY_STP,False,True,False,False,True,False
72202012839,7/24/2021,25.78805,-80.31694,1.4,MIAMI INTERNATIONAL AIRPORT - FL US,82.6,75.3,1015.6,14.8,10.0,5.0,15.0,22.9,91.0,77.0,0.48,999.9,FLAG_ANOMALY_STP,False,True,False,False,True,False
72202012839,7/25/2021,25.78805,-80.31694,1.4,MIAMI INTERNATIONAL AIRPORT - FL US,82.8,75.4,1013.6,12.7,9.9,4.5,12.0,22.0,91.0,77.0,0.1,999.9,FLAG_ANOMALY_STP,False,True,False,False,True,False
72202012839,7/26/2021,25.78805,-80.31694,1.4,MIAMI INTERNATIONAL AIRPORT - FL US,84.5,75.3,1014.1,13.0,10.0,5.3,12.0,20.0,91.0,77.0,0.0,999.9,FLAG_ANOMALY_STP,False,True,False,False,True,False
72202012839,7/27/2021,25.78805,-80.31694,1.4,MIAMI INTERNATIONAL AIRPORT - FL US,84.2,75.9,1016.2,15.1,10.0,3.5,15.0,19.0,91.9,78.1,0.0,999.9,FLAG_ANOMALY_STP,False,True,False,False,True,False
72202012839,7/28/2021,25.78805,-80.31694,1.4,MIAMI INTERNATIONAL AIRPORT - FL US,84.0,74.9,1017.1,16.0,10.0,3.2,9.9,15.9,91.9,78.1,0.0,999.9,FLAG_ANOMALY_STP,False,True,False,False,True,False
72202012839,7/29/2021,25.78805,-80.31694,1.4,MIAMI INTERNATIONAL AIRPORT - FL US,84.1,73.5,1016.8,15.8,9.7,2.5,8.9,25.1,91.9,77.0,0.0,999.9,FLAG_ANOMALY_STP,False,True,False,False,True,False
72202012839,7/30/2021,25.78805,-80.31694,1.4,MIAMI INTERNATIONAL AIRPORT - FL US,83.3,75.5,1017.5,16.5,9.9,2.5,11.1,17.1,93.0,77.0,0.62,999.9,FLAG_ANOMALY_STP,False,True,False,False,True,False
72202012839,7/31/2021,25.78805,-80.31694,1.4,MIAMI INTERNATIONAL AIRPORT - FL US,86.2,76.1,1018.4,17.4,10.0,4.4,12.0,18.1,93.0,77.0,0.0,999.9,FLAG_ANOMALY_STP,False,False,False,False,False,False
72202012839,8/1/2021,25.78805,-80.31694,1.4,MIAMI INTERNATIONAL AIRPORT - FL US,85.8,75.9,1018.2,17.2,10.0,4.7,12.0,15.9,91.9,80.1,0.0,999.9,FLAG_ANOMALY_STP,False,True,False,False,True,False
72202012839,8/2/2021,25.78805,-80.31694,1.4,MIAMI INTERNATIONAL AIRPORT - FL US,84.5,76.9,1018.0,16.9,10.0,3.4,8.0,19.0,91.9,75.9,0.0,999.9,FLAG_ANOMALY_STP,False,True,False,False,True,False
72202012839,8/3/2021,25.78805,-80.31694,1.4,MIAMI INTERNATIONAL AIRPORT - FL US,84.1,76.9,1016.9,15.8,9.7,5.9,15.9,26.0,88.0,73.4,0.24,999.9,FLAG_ANOMALY_STP,False,True,False,False,True,False
72202012839,8/4/2021,25.78805,-80.31694,1.4,MIAMI INTERNATIONAL AIRPORT - FL US,79.5,73.7,1017.1,16.3,9.0,4.1,13.0,19.0,91.0,73.0,1.46,999.9,FLAG_ANOMALY_STP,False,True,False,False,True,False
72202012839,8/5/2021,25.78805,-80.31694,1.4,MIAMI INTERNATIONAL AIRPORT - FL US,84.3,75.3,1018.2,17.1,10.0,4.0,9.9,17.1,91.9,73.9,0.64,999.9,FLAG_ANOMALY_STP,False,True,False,False,True,False
72202012839,8/6/2021,25.78805,-80.31694,1.4,MIAMI INTERNATIONAL AIRPORT - FL US,86.3,76.3,1019.0,17.9,10.0,6.7,14.0,22.0,91.9,78.1,0.0,999.9,FLAG_ANOMALY_STP,False,False,False,False,False,False
72202012839,8/7/2021,25.78805,-80.31694,1.4,MIAMI INTERNATIONAL AIRPORT - FL US,84.1,76.1,1018.7,17.7,10.0,4.8,12.0,999.9,91.0,77.0,0.03,999.9,FLAG_ANOMALY_STP,False,True,False,False,True,False
72202012839,8/8/2021,25.78805,-80.31694,1.4,MIAMI INTERNATIONAL AIRPORT - FL US,83.5,76.6,1018.3,17.3,9.9,3.6,9.9,999.9,91.0,77.0,0.06,999.9,FLAG_ANOMALY_STP,False,True,False,False,True,False
72202012839,8/9/2021,25.78805,-80.31694,1.4,MIAMI INTERNATIONAL AIRPORT - FL US,86.4,75.6,1018.9,17.9,9.9,6.6,13.0,999.9,91.0,79.0,0.01,999.9,FLAG_ANOMALY_STP,False,True,False,False,False,False
72202012839,8/10/2021,25.78805,-80.31694,1.4,MIAMI INTERNATIONAL AIRPORT - FL US,86.1,75.6,1019.8,18.9,9.9,7.7,12.0,20.0,91.9,79.0,0.22,999.9,FLAG_ANOMALY_STP,False,True,False,False,True,False
72202012839,8/11/2021,25.78805,-80.31694,1.4,MIAMI INTERNATIONAL AIRPORT - FL US,85.6,74.9,1019.1,18.1,10.0,8.9,17.1,19.0,91.9,79.0,0.01,999.9,FLAG_ANOMALY_STP,False,True,False,False,True,False
72202012839,8/12/2021,25.78805,-80.31694,1.4,MIAMI INTERNATIONAL AIRPORT - FL US,85.3,74.6,1017.9,16.9,9.8,8.5,20.0,29.9,91.9,75.0,0.24,999.9,FLAG_ANOMALY_STP,False,True,False,False,True,False
72202012839,8/13/2021,25.78805,-80.31694,1.4,MIAMI INTERNATIONAL AIRPORT - FL US,82.6,76.7,1017.0,16.3,9.0,8.0,18.1,25.1,91.9,75.0,1.24,999.9,FLAG_ANOMALY_STP,True,True,False,False,True,False
72202012839,8/14/2021,25.78805,-80.31694,1.4,MIAMI INTERNATIONAL AIRPORT - FL US,83.4,75.8,1017.3,16.4,9.8,11.1,20.0,25.1,90.0,75.9,0.16,999.9,FLAG_ANOMALY_STP,False,True,False,False,True,False
72202012839,8/15/2021,25.78805,-80.31694,1.4,MIAMI INTERNATIONAL AIRPORT - FL US,81.8,75.7,1016.2,15.5,9.4,8.7,21.0,27.0,88.0,75.9,1.22,999.9,FLAG_ANOMALY_STP,True,True,False,False,True,False
72202012839,8/16/2021,25.78805,-80.31694,1.4,MIAMI INTERNATIONAL AIRPORT - FL US,84.6,76.6,1014.4,13.4,9.9,5.8,13.0,999.9,91.0,75.9,0.03,999.9,FLAG_ANOMALY_STP,False,True,False,False,False,False
72202012839,8/17/2021,25.78805,-80.31694,1.4,MIAMI INTERNATIONAL AIRPORT - FL US,85.5,77.3,1015.9,14.8,10.0,7.1,15.0,22.0,91.9,79.0,0.03,999.9,FLAG_ANOMALY_STP,False,False,False,False,False,False
72202012839,8/18/2021,25.78805,-80.31694,1.4,MIAMI INTERNATIONAL AIRPORT - FL US,86.7,76.9,1018.4,17.4,10.0,11.8,15.9,999.9,91.9,80.1,0.0,999.9,FLAG_ANOMALY_STP,False,False,False,False,False,False
72202012839,8/19/2021,25.78805,-80.31694,1.4,MIAMI INTERNATIONAL AIRPORT - FL US,85.8,75.6,1018.3,17.4,9.7,6.5,9.9,18.1,91.9,81.0,0.0,999.9,FLAG_ANOMALY_STP,False,True,False,False,False,False
72202012839,8/20/2021,25.78805,-80.31694,1.4,MIAMI INTERNATIONAL AIRPORT - FL US,85.2,74.4,1015.0,14.1,10.0,3.9,9.9,15.0,91.9,78.1,0.15,999.9,FLAG_ANOMALY_STP,False,False,False,False,False,False
72202012839,8/21/2021,25.78805,-80.31694,1.4,MIAMI INTERNATIONAL AIRPORT - FL US,85.4,74.7,1014.6,13.5,10.0,5.5,11.1,15.9,91.9,78.1,0.0,999.9,FLAG_ANOMALY_STP,False,False,False,False,False,False
72202012839,8/22/2021,25.78805,-80.31694,1.4,MIAMI INTERNATIONAL AIRPORT - FL US,86.5,77.1,1016.1,15.0,9.4,6.5,11.1,17.1,91.9,79.0,0.0,999.9,FLAG_ANOMALY_STP,False,False,False,False,False,False
72202012839,8/23/2021,25.78805,-80.31694,1.4,MIAMI INTERNATIONAL AIRPORT - FL US,86.6,77.3,1016.2,15.1,9.1,5.9,12.0,999.9,91.9,82.0,0.02,999.9,FLAG_ANOMALY_STP,False,False,False,False,False,False
72202012839,8/24/2021,25.78805,-80.31694,1.4,MIAMI INTERNATIONAL AIRPORT - FL US,86.8,75.6,1016.4,15.3,8.7,9.9,14.0,22.0,91.9,82.0,0.0,999.9,FLAG_ANOMALY_STP,False,False,False,False,False,False
72202012839,8/25/2021,25.78805,-80.31694,1.4,MIAMI INTERNATIONAL AIRPORT - FL US,84.8,72.7,1016.3,15.4,9.7,10.1,22.0,32.1,91.0,73.9,0.04,999.9,FLAG_ANOMALY_STP,False,True,False,False,True,False
72202012839,8/26/2021,25.78805,-80.31694,1.4,MIAMI INTERNATIONAL AIRPORT - FL US,83.2,75.2,1014.7,13.7,9.9,9.0,17.1,24.1,89.6,73.4,0.28,999.9,FLAG_ANOMALY_STP,False,True,False,False,True,False
72202012839,8/27/2021,25.78805,-80.31694,1.4,MIAMI INTERNATIONAL AIRPORT - FL US,85.5,75.6,1014.6,13.5,9.9,11.0,15.9,22.0,91.0,73.9,0.01,999.9,FLAG_ANOMALY_STP,False,True,False,False,False,False
72202012839,8/28/2021,25.78805,-80.31694,1.4,MIAMI INTERNATIONAL AIRPORT - FL US,86.0,76.5,1016.4,15.3,10.0,12.9,17.1,25.1,91.0,78.1,0.0,999.9,FLAG_ANOMALY_STP,False,False,False,False,False,False
72202012839,8/29/2021,25.78805,-80.31694,1.4,MIAMI INTERNATIONAL AIRPORT - FL US,85.6,76.5,1017.9,16.9,10.0,8.1,11.1,19.0,91.0,81.0,0.0,999.9,FLAG_ANOMALY_STP,False,True,False,False,False,False
72202012839,8/30/2021,25.78805,-80.31694,1.4,MIAMI INTERNATIONAL AIRPORT - FL US,84.3,75.6,1016.3,15.0,9.8,3.9,11.1,999.9,91.0,79.0,0.02,999.9,FLAG_ANOMALY_STP,False,True,False,False,True,False
72202012839,8/31/2021,25.78805,-80.31694,1.4,MIAMI INTERNATIONAL AIRPORT - FL US,81.8,74.0,1013.8,12.7,10.0,3.1,9.9,18.1,93.9,73.9,0.43,999.9,FLAG_ANOMALY_STP,False,True,False,False,True,False
72202012839,9/1/2021,25.78805,-80.31694,1.4,MIAMI INTERNATIONAL AIRPORT - FL US,83.1,74.0,1013.5,12.3,10.0,2.9,13.0,17.1,96.1,73.9,0.99,999.9,FLAG_ANOMALY_STP,False,True,False,False,True,False
72202012839,9/2/2021,25.78805,-80.31694,1.4,MIAMI INTERNATIONAL AIRPORT - FL US,81.7,74.2,1014.3,13.3,9.9,4.0,17.1,22.0,96.1,73.9,0.01,999.9,FLAG_ANOMALY_STP,False,True,False,False,True,False
72202012839,9/3/2021,25.78805,-80.31694,1.4,MIAMI INTERNATIONAL AIRPORT - FL US,78.4,74.6,1014.7,13.9,9.5,2.5,12.0,22.0,90.0,73.9,0.44,999.9,FLAG_ANOMALY_STP,False,True,False,False,True,False
72202012839,9/4/2021,25.78805,-80.31694,1.4,MIAMI INTERNATIONAL AIRPORT - FL US,80.5,74.8,1014.3,13.3,9.6,2.7,19.0,28.0,91.9,73.9,1.07,999.9,FLAG_ANOMALY_STP,False,True,False,False,True,False
72202012839,9/5/2021,25.78805,-80.31694,1.4,MIAMI INTERNATIONAL AIRPORT - FL US,81.2,75.8,1014.6,13.5,9.8,2.5,7.0,999.9,93.9,73.9,1.22,999.9,FLAG_ANOMALY_STP,False,True,False,False,True,False
72202012839,9/6/2021,25.78805,-80.31694,1.4,MIAMI INTERNATIONAL AIRPORT - FL US,82.1,74.6,1015.4,14.3,9.7,2.8,9.9,999.9,95.0,75.9,0.28,999.9,FLAG_ANOMALY_STP,False,True,False,False,True,False
72202012839,9/7/2021,25.78805,-80.31694,1.4,MIAMI INTERNATIONAL AIRPORT - FL US,81.7,74.3,1015.2,14.2,9.9,2.7,11.1,15.0,95.0,75.9,0.3,999.9,FLAG_ANOMALY_STP,False,True,False,False,True,False
72202012839,9/8/2021,25.78805,-80.31694,1.4,MIAMI INTERNATIONAL AIRPORT - FL US,81.9,74.8,1015.1,14.1,9.6,2.3,13.0,999.9,91.0,75.9,0.0,999.9,FLAG_ANOMALY_STP,False,True,False,False,True,False
72202012839,9/9/2021,25.78805,-80.31694,1.4,MIAMI INTERNATIONAL AIRPORT - FL US,83.6,76.2,1014.5,13.5,10.0,3.2,9.9,999.9,93.0,75.9,0.53,999.9,FLAG_ANOMALY_STP,False,True,False,False,True,False
72202012839,9/10/2021,25.78805,-80.31694,1.4,MIAMI INTERNATIONAL AIRPORT - FL US,84.5,74.5,1015.3,14.2,10.0,3.5,9.9,18.1,93.0,75.9,0.0,999.9,FLAG_ANOMALY_STP,False,True,False,False,True,False
72202012839,9/11/2021,25.78805,-80.31694,1.4,MIAMI INTERNATIONAL AIRPORT - FL US,83.8,73.4,1018.2,17.1,10.0,5.0,11.1,999.9,91.0,75.9,0.0,999.9,FLAG_ANOMALY_STP,False,False,False,False,False,False
72202012839,9/12/2021,25.78805,-80.31694,1.4,MIAMI INTERNATIONAL AIRPORT - FL US,85.1,75.5,1020.2,19.2,9.6,8.6,18.1,27.0,91.0,75.9,0.17,999.9,FLAG_ANOMALY_STP,False,True,False,False,True,False
72202012839,9/13/2021,25.78805,-80.31694,1.4,MIAMI INTERNATIONAL AIRPORT - FL US,81.9,76.4,1019.1,18.2,10.0,4.9,14.0,999.9,90.0,77.0,0.36,999.9,FLAG_ANOMALY_STP,False,True,False,False,True,False
72202012839,9/14/2021,25.78805,-80.31694,1.4,MIAMI INTERNATIONAL AIRPORT - FL US,82.8,75.0,1016.1,15.0,10.0,5.1,11.1,999.9,90.0,77.0,0.13,999.9,FLAG_ANOMALY_STP,False,False,False,False,False,False
72202012839,9/15/2021,25.78805,-80.31694,1.4,MIAMI INTERNATIONAL AIRPORT - FL US,81.8,74.3,1013.7,12.7,9.7,3.6,9.9,14.0,90.0,77.0,0.08,999.9,FLAG_ANOMALY_STP,False,True,False,False,True,False
72202012839,9/16/2021,25.78805,-80.31694,1.4,MIAMI INTERNATIONAL AIRPORT - FL US,81.2,74.9,1014.7,13.6,10.0,3.3,9.9,999.9,90.0,77.0,0.29,999.9,FLAG_ANOMALY_STP,False,True,False,False,False,False
72202012839,9/17/2021,25.78805,-80.31694,1.4,MIAMI INTERNATIONAL AIRPORT - FL US,81.1,74.4,1017.9,16.8,9.4,3.9,14.0,20.0,91.0,75.0,0.03,999.9,FLAG_ANOMALY_STP,False,True,False,False,True,False
72202012839,9/18/2021,25.78805,-80.31694,1.4,MIAMI INTERNATIONAL AIRPORT - FL US,81.1,75.2,1017.9,16.8,10.0,2.3,7.0,999.9,91.9,73.9,1.58,999.9,FLAG_ANOMALY_STP,False,True,False,False,False,False
72202012839,9/19/2021,25.78805,-80.31694,1.4,MIAMI INTERNATIONAL AIRPORT - FL US,82.2,75.9,1016.3,15.2,9.8,2.3,8.0,999.9,91.9,73.9,0.07,999.9,FLAG_ANOMALY_STP,False,True,False,False,True,False
72202012839,9/20/2021,25.78805,-80.31694,1.4,MIAMI INTERNATIONAL AIRPORT - FL US,82.0,75.4,1015.9,14.7,10.0,3.1,9.9,999.9,91.0,75.9,0.53,999.9,FLAG_ANOMALY_STP,False,False,False,False,False,False
72202012839,9/21/2021,25.78805,-80.31694,1.4,MIAMI INTERNATIONAL AIRPORT - FL US,82.6,75.7,1016.2,15.1,10.0,3.1,7.0,999.9,89.1,77.0,0.0,999.9,FLAG_ANOMALY_STP,False,False,False,False,True,False
72202012839,9/22/2021,25.78805,-80.31694,1.4,MIAMI INTERNATIONAL AIRPORT - FL US,80.0,74.9,1014.7,13.6,10.0,4.6,11.1,19.0,88.0,75.2,0.0,999.9,FLAG_ANOMALY_STP,False,True,False,False,True,False
72202012839,9/23/2021,25.78805,-80.31694,1.4,MIAMI INTERNATIONAL AIRPORT - FL US,80.0,74.7,1012.3,11.2,9.3,2.9,12.0,18.1,88.0,73.9,0.05,999.9,FLAG_ANOMALY_STP,False,True,False,False,True,False
72202012839,9/24/2021,25.78805,-80.31694,1.4,MIAMI INTERNATIONAL AIRPORT - FL US,79.5,75.8,1013.8,12.7,9.4,2.4,22.0,26.0,89.1,75.9,2.25,999.9,FLAG_ANOMALY_STP,False,True,False,False,True,False
72202012839,9/25/2021,25.78805,-80.31694,1.4,MIAMI INTERNATIONAL AIRPORT - FL US,80.8,75.1,1015.0,14.0,9.6,1.7,19.0,25.1,91.0,75.0,1.19,999.9,FLAG_ANOMALY_STP,True,True,False,False,True,False
72202012839,9/26/2021,25.78805,-80.31694,1.4,MIAMI INTERNATIONAL AIRPORT - FL US,81.3,74.3,1016.6,15.4,10.0,5.3,13.0,18.1,91.0,75.0,1.54,999.9,FLAG_ANOMALY_STP,False,True,False,False,False,False
72202012839,9/27/2021,25.78805,-80.31694,1.4,MIAMI INTERNATIONAL AIRPORT - FL US,81.8,69.0,1017.4,16.4,10.0,6.1,11.1,15.0,89.1,75.9,0.0,999.9,FLAG_ANOMALY_STP,False,False,False,False,False,False
72202012839,9/28/2021,25.78805,-80.31694,1.4,MIAMI INTERNATIONAL AIRPORT - FL US,82.0,67.7,1015.8,14.7,10.0,5.9,11.1,19.0,89.1,75.9,0.0,999.9,FLAG_ANOMALY_STP,False,False,False,False,False,False
72202012839,9/29/2021,25.78805,-80.31694,1.4,MIAMI INTERNATIONAL AIRPORT - FL US,80.9,69.4,1014.8,13.8,10.0,4.7,12.0,18.1,89.1,73.9,0.0,999.9,FLAG_ANOMALY_STP,False,False,False,False,False,False
72202012839,9/30/2021,25.78805,-80.31694,1.4,MIAMI INTERNATIONAL AIRPORT - FL US,81.8,70.5,1015.3,14.3,10.0,5.5,13.0,18.1,89.1,73.9,0.0,999.9,FLAG_ANOMALY_STP,False,False,False,False,False,False
72202012839,10/1/2021,25.78805,-80.31694,1.4,MIAMI INTERNATIONAL AIRPORT - FL US,79.2,72.3,1016.7,15.8,9.0,4.4,15.0,24.1,89.1,73.0,0.01,999.9,FLAG_ANOMALY_STP,False,True,False,False,True,False
72202012839,10/2/2021,25.78805,-80.31694,1.4,MIAMI INTERNATIONAL AIRPORT - FL US,80.8,71.1,1017.8,16.8,9.7,7.9,19.0,27.0,87.1,73.0,0.64,999.9,FLAG_ANOMALY_STP,False,True,False,False,True,False
72202012839,10/3/2021,25.78805,-80.31694,1.4,MIAMI INTERNATIONAL AIRPORT - FL US,82.4,69.0,1016.0,14.9,10.0,9.5,15.9,20.0,87.1,75.9,0.34,999.9,FLAG_ANOMALY_STP,False,False,False,False,False,False
72202012839,10/4/2021,25.78805,-80.31694,1.4,MIAMI INTERNATIONAL AIRPORT - FL US,80.8,70.0,1014.3,13.3,10.0,5.4,12.0,999.9,88.0,73.0,0.03,999.9,FLAG_ANOMALY_STP,False,False,False,False,False,False
72202012839,10/5/2021,25.78805,-80.31694,1.4,MIAMI INTERNATIONAL AIRPORT - FL US,82.1,72.6,1014.7,13.6,10.0,5.2,11.1,999.9,88.0,73.0,0.0,999.9,FLAG_ANOMALY_STP,False,False,False,False,False,False
72202012839,10/6/2021,25.78805,-80.31694,1.4,MIAMI INTERNATIONAL AIRPORT - FL US,82.9,74.6,1016.5,15.4,10.0,6.8,11.1,999.9,89.1,75.9,0.0,999.9,FLAG_ANOMALY_STP,False,False,False,False,False,False
72202012839,10/7/2021,25.78805,-80.31694,1.4,MIAMI INTERNATIONAL AIRPORT - FL US,84.5,76.2,1017.2,16.1,9.6,8.9,14.0,20.0,90.0,77.0,0.0,999.9,FLAG_ANOMALY_STP,False,False,False,False,False,False
72202012839,10/8/2021,25.78805,-80.31694,1.4,MIAMI INTERNATIONAL AIRPORT - FL US,83.6,75.8,1016.1,15.0,10.0,5.8,11.1,999.9,90.0,79.0,0.05,999.9,FLAG_ANOMALY_STP,False,True,False,False,True,False
72202012839,10/9/2021,25.78805,-80.31694,1.4,MIAMI INTERNATIONAL AIRPORT - FL US,79.7,73.1,1013.7,12.8,9.4,4.7,9.9,15.0,90.0,73.0,0.56,999.9,FLAG_ANOMALY_STP,False,True,False,False,True,False
72202012839,10/10/2021,25.78805,-80.31694,1.4,MIAMI INTERNATIONAL AIRPORT - FL US,78.8,71.3,1011.6,10.6,10.0,3.4,11.1,15.9,90.0,73.0,0.03,999.9,FLAG_ANOMALY_STP,False,True,False,False,False,False
72202012839,10/11/2021,25.78805,-80.31694,1.4,MIAMI INTERNATIONAL AIRPORT - FL US,78.6,71.5,1011.8,10.8,9.6,3.8,17.1,31.1,89.1,73.0,0.12,999.9,FLAG_ANOMALY_STP,False,True,False,False,True,False
72202012839,10/12/2021,25.78805,-80.31694,1.4,MIAMI INTERNATIONAL AIRPORT - FL US,80.1,72.8,1013.4,12.4,10.0,4.6,11.1,15.0,87.1,73.9,0.16,999.9,FLAG_ANOMALY_STP,False,False,False,False,False,False
72202012839,10/13/2021,25.78805,-80.31694,1.4,MIAMI INTERNATIONAL AIRPORT - FL US,81.0,72.9,1013.7,12.6,9.9,4.3,8.0,999.9,88.0,73.9,0.0,999.9,FLAG_ANOMALY_STP,False,True,False,False,False,False
72202012839,10/14/2021,25.78805,-80.31694,1.4,MIAMI INTERNATIONAL AIRPORT - FL US,82.1,73.0,1012.9,11.9,10.0,5.3,11.1,999.9,89.1,75.0,0.05,999.9,FLAG_ANOMALY_STP,False,False,False,False,False,False
72202012839,10/15/2021,25.78805,-80.31694,1.4,MIAMI INTERNATIONAL AIRPORT - FL US,81.4,72.8,1013.0,11.9,10.0,4.9,11.1,17.1,89.1,75.9,0.01,999.9,FLAG_ANOMALY_STP,False,False,False,False,False,False
72202012839,10/16/2021,25.78805,-80.31694,1.4,MIAMI INTERNATIONAL AIRPORT - FL US,82.0,70.7,1013.5,12.5,10.0,3.7,8.9,999.9,90.0,75.0,0.16,999.9,FLAG_ANOMALY_STP,False,False,False,False,False,False
72202012839,10/17/2021,25.78805,-80.31694,1.4,MIAMI INTERNATIONAL AIRPORT - FL US,81.3,71.5,1014.1,13.0,9.9,3.7,9.9,999.9,91.0,73.9,0.0,999.9,FLAG_ANOMALY_STP,False,True,False,False,False,False
72202012839,10/18/2021,25.78805,-80.31694,1.4,MIAMI INTERNATIONAL AIRPORT - FL US,80.0,67.0,1016.0,14.9,10.0,7.5,12.0,21.0,91.0,73.9,0.86,999.9,FLAG_ANOMALY_STP,False,False,False,False,False,False
72202012839,10/19/2021,25.78805,-80.31694,1.4,MIAMI INTERNATIONAL AIRPORT - FL US,78.8,62.9,1018.1,17.1,10.0,7.6,15.9,22.0,84.9,73.0,0.0,999.9,FLAG_ANOMALY_STP,False,False,False,False,False,False
72202012839,10/20/2021,25.78805,-80.31694,1.4,MIAMI INTERNATIONAL AIRPORT - FL US,80.4,66.3,1019.9,18.9,10.0,9.9,14.0,22.0,86.0,73.0,0.0,999.9,FLAG_ANOMALY_STP,False,False,False,False,False,False
72202012839,10/21/2021,25.78805,-80.31694,1.4,MIAMI INTERNATIONAL AIRPORT - FL US,81.5,68.9,1019.2,18.2,10.0,7.9,14.0,21.0,87.1,75.9,0.0,999.9,FLAG_ANOMALY_STP,False,False,False,False,False,False
72202012839,10/22/2021,25.78805,-80.31694,1.4,MIAMI INTERNATIONAL AIRPORT - FL US,79.3,74.0,1016.4,15.3,9.7,4.0,8.9,999.9,87.1,73.9,0.03,999.9,FLAG_ANOMALY_STP,False,True,False,False,True,False
72202012839,10/23/2021,25.78805,-80.31694,1.4,MIAMI INTERNATIONAL AIRPORT - FL US,79.3,74.0,1014.4,13.4,10.0,4.2,11.1,15.0,88.0,73.9,0.98,999.9,FLAG_ANOMALY_STP,False,True,False,False,False,False
72202012839,10/24/2021,25.78805,-80.31694,1.4,MIAMI INTERNATIONAL AIRPORT - FL US,81.4,74.7,1015.1,14.1,10.0,3.9,8.9,999.9,88.0,75.0,0.0,999.9,FLAG_ANOMALY_STP,False,False,False,False,False,False
72202012839,10/25/2021,25.78805,-80.31694,1.4,MIAMI INTERNATIONAL AIRPORT - FL US,82.3,76.8,1014.9,14.1,9.7,5.7,12.0,15.9,88.0,77.0,0.03,999.9,FLAG_ANOMALY_STP,False,True,False,False,True,False
72202012839,10/26/2021,25.78805,-80.31694,1.4,MIAMI INTERNATIONAL AIRPORT - FL US,82.4,76.0,1012.7,12.0,10.0,6.4,9.9,17.1,89.1,77.0,0.2,999.9,FLAG_ANOMALY_STP,False,True,False,False,False,False
72202012839,10/27/2021,25.78805,-80.31694,1.4,MIAMI INTERNATIONAL AIRPORT - FL US,81.5,73.7,1011.4,10.4,10.0,6.2,11.1,999.9,89.1,75.2,0.01,999.9,FLAG_ANOMALY_STP,False,False,False,False,False,False
72202012839,10/28/2021,25.78805,-80.31694,1.4,MIAMI INTERNATIONAL AIRPORT - FL US,82.2,75.2,1010.8,9.7,10.0,6.9,17.1,22.9,90.0,75.0,0.0,999.9,FLAG_ANOMALY_STP,False,True,False,False,True,False
72202012839,10/29/2021,25.78805,-80.31694,1.4,MIAMI INTERNATIONAL AIRPORT - FL US,80.8,72.7,1008.6,7.5,9.5,8.7,15.9,22.0,90.0,75.0,0.46,999.9,FLAG_ANOMALY_STP,False,True,False,False,True,False
72202012839,10/30/2021,25.78805,-80.31694,1.4,MIAMI INTERNATIONAL AIRPORT - FL US,77.7,67.3,1008.3,7.2,9.9,6.6,13.0,20.0,86.0,72.0,0.03,999.9,FLAG_ANOMALY_STP,False,True,False,False,False,False
72202012839,10/31/2021,25.78805,-80.31694,1.4,MIAMI INTERNATIONAL AIRPORT - FL US,75.7,62.9,1013.0,12.0,10.0,3.6,8.0,999.9,84.0,66.0,0.0,999.9,FLAG_ANOMALY_STP,False,False,False,False,False,False
72202012839,11/1/2021,25.78805,-80.31694,1.4,MIAMI INTERNATIONAL AIRPORT - FL US,76.0,64.6,1017.5,16.5,10.0,5.7,8.9,15.9,84.0,66.0,0.0,999.9,FLAG_ANOMALY_STP,False,False,False,False,False,False
72202012839,11/2/2021,25.78805,-80.31694,1.4,MIAMI INTERNATIONAL AIRPORT - FL US,74.3,69.6,1018.3,17.2,9.5,3.6,8.9,999.9,82.9,68.0,0.0,999.9,FLAG_ANOMALY_STP,False,True,False,False,False,False
72202012839,11/3/2021,25.78805,-80.31694,1.4,MIAMI INTERNATIONAL AIRPORT - FL US,77.1,67.8,1017.3,16.2,10.0,5.0,13.0,17.1,84.0,71.1,0.11,999.9,FLAG_ANOMALY_STP,False,False,False,False,False,False
72202012839,11/4/2021,25.78805,-80.31694,1.4,MIAMI INTERNATIONAL AIRPORT - FL US,79.1,69.2,1016.0,15.0,10.0,5.0,8.9,999.9,84.0,71.1,0.0,999.9,FLAG_ANOMALY_STP,False,False,False,False,False,False
72202012839,11/5/2021,25.78805,-80.31694,1.4,MIAMI INTERNATIONAL AIRPORT - FL US,75.5,71.5,1013.2,12.2,8.5,6.5,13.0,15.9,82.9,71.1,0.87,999.9,FLAG_ANOMALY_STP,False,True,False,False,True,False
72202012839,11/6/2021,25.78805,-80.31694,1.4,MIAMI INTERNATIONAL AIRPORT - FL US,73.7,68.5,1011.5,10.6,10.0,7.3,15.0,25.1,79.0,66.0,0.79,999.9,FLAG_ANOMALY_STP,False,False,False,False,False,False
72202012839,11/7/2021,25.78805,-80.31694,1.4,MIAMI INTERNATIONAL AIRPORT - FL US,66.7,57.4,1015.6,14.7,10.0,8.0,13.0,22.0,75.0,57.2,0.0,999.9,FLAG_ANOMALY_STP,False,False,False,False,False,False
72202012839,11/8/2021,25.78805,-80.31694,1.4,MIAMI INTERNATIONAL AIRPORT - FL US,68.1,57.5,1018.5,17.4,10.0,6.7,11.1,15.0,77.0,57.9,0.0,999.9,FLAG_ANOMALY_STP,False,False,False,False,False,False
72202012839,11/9/2021,25.78805,-80.31694,1.4,MIAMI INTERNATIONAL AIRPORT - FL US,69.5,58.7,1020.2,19.2,10.0,5.3,12.0,17.1,80.1,62.1,0.0,999.9,FLAG_ANOMALY_STP,False,False,False,False,False,False
72202012839,11/10/2021,25.78805,-80.31694,1.4,MIAMI INTERNATIONAL AIRPORT - FL US,74.1,63.8,1018.9,17.8,10.0,4.4,12.0,15.9,82.9,62.1,0.0,999.9,FLAG_ANOMALY_STP,False,False,False,False,False,False
72202012839,11/11/2021,25.78805,-80.31694,1.4,MIAMI INTERNATIONAL AIRPORT - FL US,77.5,70.2,1017.7,16.6,10.0,8.8,14.0,19.0,82.9,66.0,0.0,999.9,FLAG_ANOMALY_STP,False,False,False,False,False,False
72202012839,11/12/2021,25.78805,-80.31694,1.4,MIAMI INTERNATIONAL AIRPORT - FL US,77.5,73.4,1017.3,16.3,10.0,3.1,8.0,999.9,82.0,75.0,0.1,999.9,FLAG_ANOMALY_STP,False,True,False,False,False,False
72202012839,11/13/2021,25.78805,-80.31694,1.4,MIAMI INTERNATIONAL AIRPORT - FL US,77.3,70.3,1015.9,14.9,9.3,3.1,8.0,999.9,84.9,71.1,0.01,999.9,FLAG_ANOMALY_STP,False,False,False,False,False,False
72202012839,11/14/2021,25.78805,-80.31694,1.4,MIAMI INTERNATIONAL AIRPORT - FL US,72.8,63.0,1017.0,15.9,10.0,4.9,8.9,999.9,84.9,66.9,0.0,999.9,FLAG_ANOMALY_STP,False,False,False,False,False,False
72202012839,11/15/2021,25.78805,-80.31694,1.4,MIAMI INTERNATIONAL AIRPORT - FL US,68.2,57.1,1019.7,18.7,10.0,6.2,9.9,15.9,78.1,60.1,0.0,999.9,FLAG_ANOMALY_STP,False,False,False,False,False,False
72202012839,11/16/2021,25.78805,-80.31694,1.4,MIAMI INTERNATIONAL AIRPORT - FL US,70.8,62.5,1020.9,19.9,10.0,6.7,14.0,19.0,79.0,60.1,0.0,999.9,FLAG_ANOMALY_STP,False,False,False,False,False,False
72202012839,11/17/2021,25.78805,-80.31694,1.4,MIAMI INTERNATIONAL AIRPORT - FL US,76.3,65.4,1021.0,20.0,10.0,10.8,17.1,22.9,81.0,64.0,0.0,999.9,FLAG_ANOMALY_STP,False,False,False,False,False,False
72202012839,11/18/2021,25.78805,-80.31694,1.4,MIAMI INTERNATIONAL AIRPORT - FL US,77.4,70.6,1020.0,18.9,9.3,9.4,13.0,999.9,81.0,71.1,0.0,999.9,FLAG_ANOMALY_STP,False,True,False,False,True,False
72202012839,11/19/2021,25.78805,-80.31694,1.4,MIAMI INTERNATIONAL AIRPORT - FL US,75.1,72.5,1017.7,16.6,8.7,5.7,13.0,22.9,82.9,71.1,0.59,999.9,FLAG_ANOMALY_STP,False,True,False,False,True,False
72202012839,11/20/2021,25.78805,-80.31694,1.4,MIAMI INTERNATIONAL AIRPORT - FL US,76.1,70.9,1017.4,16.4,9.4,8.8,13.0,22.9,82.9,71.1,0.6,999.9,FLAG_ANOMALY_STP,False,True,False,False,False,False
72202012839,11/21/2021,25.78805,-80.31694,1.4,MIAMI INTERNATIONAL AIRPORT - FL US,77.2,72.9,1016.5,15.8,7.9,7.6,15.9,21.0,82.9,73.0,1.24,999.9,FLAG_ANOMALY_STP,False,True,False,False,False,False
72202012839,11/22/2021,25.78805,-80.31694,1.4,MIAMI INTERNATIONAL AIRPORT - FL US,76.1,71.9,1013.5,12.7,8.3,3.9,12.0,21.0,82.9,71.6,0.07,999.9,FLAG_ANOMALY_STP,True,False,False,False,False,False
72202012839,11/23/2021,25.78805,-80.31694,1.4,MIAMI INTERNATIONAL AIRPORT - FL US,69.0,55.6,1014.9,13.8,10.0,8.4,14.0,22.0,84.0,64.0,0.0,999.9,FLAG_ANOMALY_STP,False,False,False,False,False,False
72202012839,11/24/2021,25.78805,-80.31694,1.4,MIAMI INTERNATIONAL AIRPORT - FL US,65.8,53.7,1020.6,19.6,10.0,7.9,13.0,19.0,77.0,57.9,0.0,999.9,FLAG_ANOMALY_STP,False,False,False,False,False,False
72202012839,11/25/2021,25.78805,-80.31694,1.4,MIAMI INTERNATIONAL AIRPORT - FL US,71.6,58.3,1021.2,20.2,10.0,5.1,9.9,15.0,77.0,57.9,0.0,999.9,FLAG_ANOMALY_STP,False,False,False,False,False,False
72202012839,11/26/2021,25.78805,-80.31694,1.4,MIAMI INTERNATIONAL AIRPORT - FL US,72.5,59.9,1017.8,16.8,10.0,3.5,8.0,999.9,80.1,64.0,0.0,999.9,FLAG_ANOMALY_STP,False,False,False,False,False,False
72202012839,11/27/2021,25.78805,-80.31694,1.4,MIAMI INTERNATIONAL AIRPORT - FL US,70.5,59.5,1017.1,16.0,10.0,3.9,7.0,999.9,80.1,64.0,0.0,999.9,FLAG_ANOMALY_STP,False,False,False,False,False,False
72202012839,11/28/2021,25.78805,-80.31694,1.4,MIAMI INTERNATIONAL AIRPORT - FL US,68.4,56.6,1017.2,16.2,10.0,2.3,7.0,999.9,79.0,57.0,0.0,999.9,FLAG_ANOMALY_STP,False,False,False,False,False,False
72202012839,11/29/2021,25.78805,-80.31694,1.4,MIAMI INTERNATIONAL AIRPORT - FL US,67.9,49.0,1016.4,15.4,10.0,4.5,12.0,15.9,79.0,57.0,0.0,999.9,FLAG_ANOMALY_STP,False,False,False,False,False,False
72202012839,11/30/2021,25.78805,-80.31694,1.4,MIAMI INTERNATIONAL AIRPORT - FL US,68.1,54.8,1019.2,18.2,10.0,3.1,8.0,999.9,78.1,59.0,0.0,999.9,FLAG_ANOMALY_STP,False,False,False,False,False,False
72202012839,12/1/2021,25.78805,-80.31694,1.4,MIAMI INTERNATIONAL AIRPORT - FL US,70.9,58.9,1021.0,20.0,10.0,3.5,8.9,999.9,80.1,59.0,0.0,999.9,FLAG_ANOMALY_STP,False,False,False,False,False,False
72202012839,12/2/2021,25.78805,-80.31694,1.4,MIAMI INTERNATIONAL AIRPORT - FL US,71.8,60.8,1020.0,18.9,10.0,3.0,8.9,15.0,81.0,61.0,0.0,999.9,FLAG_ANOMALY_STP,False,False,False,False,False,False
72202012839,12/3/2021,25.78805,-80.31694,1.4,MIAMI INTERNATIONAL AIRPORT - FL US,71.4,56.5,1019.4,18.3,10.0,3.9,8.9,999.9,81.0,61.0,0.0,999.9,FLAG_ANOMALY_STP,False,False,False,False,False,False
72202012839,12/4/2021,25.78805,-80.31694,1.4,MIAMI INTERNATIONAL AIRPORT - FL US,72.0,60.7,1019.7,18.7,10.0,3.7,8.9,999.9,80.1,63.0,0.0,999.9,FLAG_ANOMALY_STP,False,False,False,False,False,False
72202012839,12/5/2021,25.78805,-80.31694,1.4,MIAMI INTERNATIONAL AIRPORT - FL US,74.0,64.5,1019.7,18.6,10.0,3.6,8.9,999.9,82.9,63.0,0.0,999.9,FLAG_ANOMALY_STP,False,False,False,False,False,False
72202012839,12/6/2021,25.78805,-80.31694,1.4,MIAMI INTERNATIONAL AIRPORT - FL US,76.5,72.4,1019.0,18.0,9.6,4.1,13.0,22.0,82.9,64.9,0.05,999.9,FLAG_ANOMALY_STP,False,True,False,False,False,False
72202012839,12/7/2021,25.78805,-80.31694,1.4,MIAMI INTERNATIONAL AIRPORT - FL US,75.5,67.7,1018.4,17.4,9.5,2.9,7.0,999.9,84.9,69.1,0.2,999.9,FLAG_ANOMALY_STP,False,False,False,False,False,False
72202012839,12/8/2021,25.78805,-80.31694,1.4,MIAMI INTERNATIONAL AIRPORT - FL US,75.2,67.6,1017.9,16.9,10.0,2.9,8.9,18.1,84.9,66.9,0.0,999.9,FLAG_ANOMALY_STP,False,False,False,False,False,False
72202012839,12/9/2021,25.78805,-80.31694,1.4,MIAMI INTERNATIONAL AIRPORT - FL US,76.5,70.1,1018.5,17.5,9.4,2.6,7.0,999.9,84.9,66.9,0.0,999.9,FLAG_ANOMALY_STP,False,False,False,False,False,False
72202012839,12/10/2021,25.78805,-80.31694,1.4,MIAMI INTERNATIONAL AIRPORT - FL US,77.0,71.0,1019.7,18.7,9.9,4.5,11.1,17.1,84.9,69.1,0.0,999.9,FLAG_ANOMALY_STP,False,False,False,False,False,False
72202012839,12/11/2021,25.78805,-80.31694,1.4,MIAMI INTERNATIONAL AIRPORT - FL US,77.3,70.0,1019.1,18.0,10.0,6.4,13.0,15.9,82.9,71.1,0.0,999.9,FLAG_ANOMALY_STP,False,False,False,False,False,False
72202012839,12/12/2021,25.78805,-80.31694,1.4,MIAMI INTERNATIONAL AIRPORT - FL US,77.4,70.3,1020.2,19.2,10.0,5.0,11.1,999.9,84.0,70.0,0.0,999.9,FLAG_ANOMALY_STP,False,False,False,False,False,False
72202012839,12/13/2021,25.78805,-80.31694,1.4,MIAMI INTERNATIONAL AIRPORT - FL US,77.9,68.0,1022.8,21.8,10.0,6.8,14.0,18.1,84.0,70.0,0.0,999.9,FLAG_ANOMALY_STP,False,False,False,False,False,False
72202012839,12/14/2021,25.78805,-80.31694,1.4,MIAMI INTERNATIONAL AIRPORT - FL US,76.8,68.2,1023.5,22.5,10.0,6.6,15.0,18.1,84.0,73.0,0.0,999.9,FLAG_ANOMALY_STP,False,False,False,False,False,False
72202012839,12/15/2021,25.78805,-80.31694,1.4,MIAMI INTERNATIONAL AIRPORT - FL US,76.0,69.5,1022.4,21.2,9.7,6.4,15.0,18.1,82.0,71.1,0.1,999.9,FLAG_ANOMALY_STP,False,True,False,False,False,False
72202012839,12/16/2021,25.78805,-80.31694,1.4,MIAMI INTERNATIONAL AIRPORT - FL US,77.9,68.8,1020.9,19.9,10.0,11.9,17.1,22.9,82.0,71.1,0.38,999.9,FLAG_ANOMALY_STP,False,False,False,False,False,False
72202012839,12/17/2021,25.78805,-80.31694,1.4,MIAMI INTERNATIONAL AIRPORT - FL US,76.2,68.0,1020.9,19.9,10.0,9.7,18.1,21.0,82.9,71.1,0.0,999.9,FLAG_ANOMALY_STP,False,False,False,False,False,False
72202012839,12/18/2021,25.78805,-80.31694,1.4,MIAMI INTERNATIONAL AIRPORT - FL US,77.8,71.7,1019.6,18.7,9.9,9.7,17.1,22.9,82.9,71.1,0.0,999.9,FLAG_ANOMALY_STP,False,True,False,False,True,False
72202012839,12/19/2021,25.78805,-80.31694,1.4,MIAMI INTERNATIONAL AIRPORT - FL US,78.1,73.2,1016.7,15.8,10.0,6.6,14.0,20.0,84.9,73.0,0.29,999.9,FLAG_ANOMALY_STP,False,True,False,False,False,False
72202012839,12/20/2021,25.78805,-80.31694,1.4,MIAMI INTERNATIONAL AIRPORT - FL US,76.1,71.4,1015.2,14.5,9.4,4.4,8.0,999.9,84.9,72.0,0.08,999.9,FLAG_ANOMALY_STP,False,False,False,False,False,False
72202012839,12/21/2021,25.78805,-80.31694,1.4,MIAMI INTERNATIONAL AIRPORT - FL US,74.7,71.2,1010.9,10.0,9.8,7.5,15.9,27.0,82.9,72.0,0.0,999.9,FLAG_ANOMALY_STP,False,True,False,False,False,False
72202012839,12/22/2021,25.78805,-80.31694,1.4,MIAMI INTERNATIONAL AIRPORT - FL US,67.7,60.7,1012.2,11.2,10.0,7.6,11.1,22.0,79.0,62.1,0.09,999.9,FLAG_ANOMALY_STP,False,False,False,False,False,False
72202012839,12/23/2021,25.78805,-80.31694,1.4,MIAMI INTERNATIONAL AIRPORT - FL US,64.5,50.4,1018.6,17.5,10.0,3.8,6.0,999.9,75.0,55.9,0.0,999.9,FLAG_ANOMALY_STP,False,False,False,False,False,False
72202012839,12/24/2021,25.78805,-80.31694,1.4,MIAMI INTERNATIONAL AIRPORT - FL US,68.1,56.2,1020.8,19.7,10.0,4.4,12.0,999.9,79.0,55.9,0.0,999.9,FLAG_ANOMALY_STP,False,False,False,False,False,False
72202012839,12/25/2021,25.78805,-80.31694,1.4,MIAMI INTERNATIONAL AIRPORT - FL US,70.5,61.0,1019.7,18.7,10.0,4.1,9.9,999.9,80.1,57.9,0.0,999.9,FLAG_ANOMALY_STP,False,False,False,False,False,False
72202012839,12/26/2021,25.78805,-80.31694,1.4,MIAMI INTERNATIONAL AIRPORT - FL US,72.7,64.7,1019.5,18.4,10.0,2.7,6.0,999.9,82.9,62.1,0.0,999.9,FLAG_ANOMALY_STP,False,False,False,False,False,False
72202012839,12/27/2021,25.78805,-80.31694,1.4,MIAMI INTERNATIONAL AIRPORT - FL US,73.2,64.6,1019.0,18.0,10.0,2.5,8.0,999.9,82.9,64.0,0.0,999.9,FLAG_ANOMALY_STP,False,False,False,False,False,False
72202012839,12/28/2021,25.78805,-80.31694,1.4,MIAMI INTERNATIONAL AIRPORT - FL US,72.8,65.1,1017.8,16.8,10.0,4.5,12.0,999.9,82.9,66.0,0.0,999.9,FLAG_ANOMALY_STP,False,False,False,False,False,False
72202012839,12/29/2021,25.78805,-80.31694,1.4,MIAMI INTERNATIONAL AIRPORT - FL US,74.6,67.4,1018.1,17.1,10.0,5.5,11.1,18.1,81.0,66.0,0.0,999.9,FLAG_ANOMALY_STP,False,False,False,False,False,False
72202012839,12/30/2021,25.78805,-80.31694,1.4,MIAMI INTERNATIONAL AIRPORT - FL US,76.0,70.9,1018.6,17.6,10.0,5.2,9.9,17.1,82.9,69.1,0.0,999.9,FLAG_ANOMALY_STP,False,False,False,False,False,False
72202012839,12/31/2021,25.78805,-80.31694,1.4,MIAMI INTERNATIONAL AIRPORT - FL US,75.4,70.3,1018.8,17.8,9.8,3.2,8.9,999.9,82.9,68.0,0.0,999.9,FLAG_ANOMALY_STP,False,False,False,False,False,False
72584693201,1/1/2019,39.32,-120.13944,1798.3,TRUCKEE AIRPORT - CA US,17.3,5.9,9999.9,821.5,10.0,5.5,13.0,17.1,30.2,3.2,0.0,999.9,FLAG_MISSING_SLP,False,False,False,False,False,False
72584693201,1/2/2019,39.32,-120.13944,1798.3,TRUCKEE AIRPORT - CA US,20.5,11.2,9999.9,824.5,10.0,1.3,6.0,999.9,42.8,5.0,0.0,999.9,FLAG_MISSING_SLP,False,False,False,False,False,False
72584693201,1/3/2019,39.32,-120.13944,1798.3,TRUCKEE AIRPORT - CA US,26.8,18.2,9999.9,824.3,10.0,0.7,5.1,999.9,51.8,14.0,0.0,999.9,FLAG_MISSING_SLP,False,False,False,False,False,False
72584693201,1/4/2019,39.32,-120.13944,1798.3,TRUCKEE AIRPORT - CA US,30.4,21.0,9999.9,819.5,10.0,1.4,11.1,999.9,53.1,12.9,0.0,999.9,FLAG_MISSING_SLP,False,False,False,False,False,False
72584693201,1/5/2019,39.32,-120.13944,1798.3,TRUCKEE AIRPORT - CA US,31.2,18.7,9999.9,811.7,9.3,7.0,29.9,40.0,54.0,14.0,99.99,999.9,FLAG_MISSING_SLP | FLAG_MISSING_PRCP,False,True,True,False,False,False
72584693201,1/6/2019,39.32,-120.13944,1798.3,TRUCKEE AIRPORT - CA US,29.5,25.5,9999.9,810.3,3.5,10.0,18.1,27.0,43.0,19.0,99.99,7.1,FLAG_MISSING_SLP | FLAG_MISSING_PRCP,False,False,True,False,False,False
72584693201,1/7/2019,39.32,-120.13944,1798.3,TRUCKEE AIRPORT - CA US,35.1,31.2,9999.9,812.5,6.2,9.8,20.0,35.0,39.2,32.0,99.99,11.8,FLAG_MISSING_SLP | FLAG_MISSING_PRCP,False,True,True,False,False,False
72584693201,1/8/2019,39.32,-120.13944,1798.3,TRUCKEE AIRPORT - CA US,33.0,31.3,9999.9,821.9,5.8,0.7,7.0,999.9,44.6,28.4,0.0,9.1,FLAG_MISSING_SLP,True,False,False,False,False,False
72584693201,1/9/2019,39.32,-120.13944,1798.3,TRUCKEE AIRPORT - CA US,38.1,31.9,9999.9,817.3,9.1,9.6,22.0,34.0,46.0,30.0,99.99,5.1,FLAG_MISSING_SLP | FLAG_MISSING_PRCP,False,True,False,False,False,False
72584693201,1/10/2019,39.32,-120.13944,1798.3,TRUCKEE AIRPORT - CA US,32.0,28.6,9999.9,821.4,7.3,1.7,9.9,17.1,42.8,21.2,99.99,5.1,FLAG_MISSING_SLP | FLAG_MISSING_PRCP,True,True,False,False,False,False
72584693201,1/11/2019,39.32,-120.13944,1798.3,TRUCKEE AIRPORT - CA US,23.9,22.0,9999.9,820.5,4.5,0.3,4.1,999.9,33.8,14.9,0.0,3.9,FLAG_MISSING_SLP,True,False,False,False,False,False
72584693201,1/12/2019,39.32,-120.13944,1798.3,TRUCKEE AIRPORT - CA US,26.8,24.6,9999.9,818.3,6.5,0.6,5.1,999.9,39.9,15.1,0.0,3.9,FLAG_MISSING_SLP,True,False,False,False,False,False
72584693201,1/13/2019,39.32,-120.13944,1798.3,TRUCKEE AIRPORT - CA US,22.9,19.3,9999.9,819.6,7.4,0.4,5.1,999.9,39.9,7.0,0.0,3.9,FLAG_MISSING_SLP,True,False,False,False,False,False
72584693201,1/14/2019,39.32,-120.13944,1798.3,TRUCKEE AIRPORT - CA US,21.0,15.8,9999.9,818.0,10.0,1.8,8.0,999.9,39.9,7.0,0.0,3.9,FLAG_MISSING_SLP,False,False,False,False,False,False
72584693201,1/15/2019,39.32,-120.13944,1798.3,TRUCKEE AIRPORT - CA US,27.5,25.0,9999.9,814.2,4.7,0.1,4.1,999.9,32.0,23.0,99.99,5.1,FLAG_MISSING_SLP | FLAG_MISSING_PRCP,True,False,True,False,False,False
72584693201,1/16/2019,39.32,-120.13944,1798.3,TRUCKEE AIRPORT - CA US,33.9,31.1,9999.9,813.3,4.7,7.8,18.1,36.9,39.2,30.0,99.99,20.1,FLAG_MISSING_SLP | FLAG_MISSING_PRCP,False,True,True,False,False,False
72584693201,1/17/2019,39.32,-120.13944,1798.3,TRUCKEE AIRPORT - CA US,34.3,31.4,9999.9,812.2,3.9,11.3,27.0,35.0,39.9,28.0,99.99,11.8,FLAG_MISSING_SLP | FLAG_MISSING_PRCP,False,True,True,False,True,False
72584693201,1/18/2019,39.32,-120.13944,1798.3,TRUCKEE AIRPORT - CA US,32.0,29.9,9999.9,821.9,6.5,2.6,15.9,21.0,35.6,25.0,99.99,14.2,FLAG_MISSING_SLP | FLAG_MISSING_PRCP,False,True,True,False,False,False
72584693201,1/19/2019,39.32,-120.13944,1798.3,TRUCKEE AIRPORT - CA US,35.0,32.9,9999.9,827.6,7.0,1.3,7.0,999.9,44.6,28.9,99.99,7.9,FLAG_MISSING_SLP | FLAG_MISSING_PRCP,True,True,True,False,False,False
72584693201,1/20/2019,39.32,-120.13944,1798.3,TRUCKEE AIRPORT - CA US,37.3,31.7,9999.9,820.4,8.4,8.6,18.1,32.1,46.9,28.0,99.99,11.8,FLAG_MISSING_SLP | FLAG_MISSING_PRCP,False,True,False,False,False,False
72584693201,1/21/2019,39.32,-120.13944,1798.3,TRUCKEE AIRPORT - CA US,29.4,25.1,9999.9,815.2,6.5,5.6,17.1,26.0,42.1,21.0,99.99,16.1,FLAG_MISSING_SLP | FLAG_MISSING_PRCP,False,True,True,False,False,False
72584693201,1/22/2019,39.32,-120.13944,1798.3,TRUCKEE AIRPORT - CA US,16.7,12.0,9999.9,827.1,8.4,0.8,6.0,999.9,34.0,0.0,0.0,16.1,FLAG_MISSING_SLP,True,False,False,False,False,False
72584693201,1/23/2019,39.32,-120.13944,1798.3,TRUCKEE AIRPORT - CA US,24.9,21.3,9999.9,829.6,5.4,0.6,4.1,999.9,42.8,8.1,0.0,15.0,FLAG_MISSING_SLP,True,False,False,False,False,False
72584693201,1/24/2019,39.32,-120.13944,1798.3,TRUCKEE AIRPORT - CA US,27.3,25.3,9999.9,828.1,3.8,0.0,2.9,999.9,46.0,8.1,0.0,9.1,FLAG_MISSING_SLP,True,False,False,False,False,False
72584693201,1/25/2019,39.32,-120.13944,1798.3,TRUCKEE AIRPORT - CA US,21.7,19.3,9999.9,828.2,5.5,0.6,6.0,999.9,43.0,9.0,0.0,7.1,FLAG_MISSING_SLP,True,False,False,False,False,False
72584693201,1/26/2019,39.32,-120.13944,1798.3,TRUCKEE AIRPORT - CA US,25.6,18.1,9999.9,829.8,10.0,0.8,5.1,999.9,44.6,12.0,0.0,999.9,FLAG_MISSING_SLP,False,False,False,False,False,False
72584693201,1/27/2019,39.32,-120.13944,1798.3,TRUCKEE AIRPORT - CA US,29.8,23.9,9999.9,828.8,9.4,0.5,4.1,999.9,53.6,17.6,0.0,999.9,FLAG_MISSING_SLP,True,False,False,False,False,False
72584693201,1/28/2019,39.32,-120.13944,1798.3,TRUCKEE AIRPORT - CA US,28.9,23.9,9999.9,824.9,8.3,0.1,4.1,999.9,55.9,15.1,0.0,999.9,FLAG_MISSING_SLP,True,False,False,False,False,False
72584693201,1/29/2019,39.32,-120.13944,1798.3,TRUCKEE AIRPORT - CA US,35.2,30.0,9999.9,820.6,10.0,0.6,4.1,999.9,46.4,30.0,0.0,9.8,FLAG_MISSING_SLP,False,False,False,False,False,False
72584693201,1/30/2019,39.32,-120.13944,1798.3,TRUCKEE AIRPORT - CA US,28.6,25.6,9999.9,818.8,6.0,0.3,4.1,999.9,48.9,18.0,0.0,9.8,FLAG_MISSING_SLP,True,False,False,False,False,False
72584693201,1/31/2019,39.32,-120.13944,1798.3,TRUCKEE AIRPORT - CA US,33.6,28.2,9999.9,816.6,8.1,1.0,8.9,999.9,48.2,21.2,0.0,9.8,FLAG_MISSING_SLP,True,False,False,False,False,False
72584693201,2/1/2019,39.32,-120.13944,1798.3,TRUCKEE AIRPORT - CA US,33.3,28.9,9999.9,815.2,7.7,3.3,15.0,22.9,53.1,19.0,0.0,9.1,FLAG_MISSING_SLP,True,False,False,False,False,False
72584693201,2/2/2019,39.32,-120.13944,1798.3,TRUCKEE AIRPORT - CA US,35.1,31.5,9999.9,807.3,5.5,4.4,12.0,20.0,46.9,21.0,99.99,7.9,FLAG_MISSING_SLP | FLAG_MISSING_PRCP,False,True,True,False,False,False
72584693201,2/3/2019,39.32,-120.13944,1798.3,TRUCKEE AIRPORT - CA US,29.7,27.2,9999.9,803.6,5.0,2.1,6.0,999.9,37.9,24.1,99.99,13.0,FLAG_MISSING_SLP | FLAG_MISSING_PRCP,False,True,True,False,False,False
72584693201,2/4/2019,39.32,-120.13944,1798.3,TRUCKEE AIRPORT - CA US,29.7,26.7,9999.9,803.3,3.9,10.3,20.0,28.0,37.0,23.0,99.99,22.0,FLAG_MISSING_SLP | FLAG_MISSING_PRCP,False,False,True,False,False,False
72584693201,2/5/2019,39.32,-120.13944,1798.3,TRUCKEE AIRPORT - CA US,19.6,17.2,9999.9,801.7,2.3,3.5,13.0,25.1,28.9,10.9,99.99,35.8,FLAG_MISSING_SLP | FLAG_MISSING_PRCP,False,False,True,False,False,False
72584693201,2/6/2019,39.32,-120.13944,1798.3,TRUCKEE AIRPORT - CA US,14.0,10.2,9999.9,813.0,10.0,0.8,4.1,999.9,28.9,1.9,99.99,29.1,FLAG_MISSING_SLP | FLAG_MISSING_PRCP,False,False,True,False,False,False
72584693201,2/7/2019,39.32,-120.13944,1798.3,TRUCKEE AIRPORT - CA US,8.1,4.4,9999.9,821.1,6.1,0.7,6.0,999.9,28.9,-7.1,99.99,29.1,FLAG_MISSING_SLP | FLAG_MISSING_PRCP,True,False,True,False,False,False
72584693201,2/8/2019,39.32,-120.13944,1798.3,TRUCKEE AIRPORT - CA US,16.7,13.0,9999.9,818.2,6.5,1.2,8.9,999.9,28.4,3.2,99.99,29.1,FLAG_MISSING_SLP | FLAG_MISSING_PRCP,True,False,True,False,False,False
72584693201,2/9/2019,39.32,-120.13944,1798.3,TRUCKEE AIRPORT - CA US,24.3,21.0,9999.9,810.7,6.3,4.1,15.9,24.1,28.4,19.9,99.99,29.9,FLAG_MISSING_SLP | FLAG_MISSING_PRCP,False,False,True,False,False,False
72584693201,2/10/2019,39.32,-120.13944,1798.3,TRUCKEE AIRPORT - CA US,24.7,22.0,9999.9,805.3,0.6,13.2,25.1,35.0,30.0,14.0,99.99,42.1,FLAG_MISSING_SLP | FLAG_MISSING_PRCP,False,False,True,False,False,False
72584693201,2/11/2019,39.32,-120.13944,1798.3,TRUCKEE AIRPORT - CA US,6.9,1.3,9999.9,816.9,7.4,1.3,6.0,999.9,30.2,-9.4,99.99,38.2,FLAG_MISSING_SLP | FLAG_MISSING_PRCP,False,False,True,False,False,False
72584693201,2/12/2019,39.32,-120.13944,1798.3,TRUCKEE AIRPORT - CA US,22.2,7.3,9999.9,817.5,6.3,7.3,19.0,31.1,37.4,1.4,0.0,35.8,FLAG_MISSING_SLP,True,False,False,False,False,False
72584693201,2/13/2019,39.32,-120.13944,1798.3,TRUCKEE AIRPORT - CA US,34.8,28.9,9999.9,809.4,4.5,10.6,32.1,44.1,39.2,32.0,99.99,31.9,FLAG_MISSING_SLP | FLAG_MISSING_PRCP,False,True,True,False,False,False
72584693201,2/14/2019,39.32,-120.13944,1798.3,TRUCKEE AIRPORT - CA US,37.9,33.9,9999.9,803.4,4.4,13.6,35.0,42.0,42.8,30.2,99.99,28.0,FLAG_MISSING_SLP | FLAG_MISSING_PRCP,False,True,True,False,True,False
72584693201,2/15/2019,39.32,-120.13944,1798.3,TRUCKEE AIRPORT - CA US,26.8,22.6,9999.9,807.9,1.7,12.3,22.9,38.1,42.1,19.9,99.99,44.1,FLAG_MISSING_SLP | FLAG_MISSING_PRCP,False,False,True,False,False,False
72584693201,2/16/2019,39.32,-120.13944,1798.3,TRUCKEE AIRPORT - CA US,22.3,19.8,9999.9,813.2,4.4,2.8,8.0,999.9,27.0,14.0,99.99,999.9,FLAG_MISSING_SLP | FLAG_MISSING_PRCP,False,False,True,False,False,False
72584693201,2/17/2019,39.32,-120.13944,1798.3,TRUCKEE AIRPORT - CA US,19.6,16.8,9999.9,813.1,5.3,2.1,8.0,15.0,28.0,10.0,99.99,999.9,FLAG_MISSING_SLP | FLAG_MISSING_PRCP,False,False,True,False,False,False
72584693201,2/18/2019,39.32,-120.13944,1798.3,TRUCKEE AIRPORT - CA US,16.9,12.2,9999.9,817.1,6.9,1.7,7.0,999.9,25.0,3.0,99.99,999.9,FLAG_MISSING_SLP | FLAG_MISSING_PRCP,False,False,True,False,False,False
72584693201,2/19/2019,39.32,-120.13944,1798.3,TRUCKEE AIRPORT - CA US,7.6,1.8,9999.9,819.9,8.1,0.7,5.1,999.9,28.4,-5.8,0.0,48.0,FLAG_MISSING_SLP,False,False,False,False,False,False
72584693201,2/20/2019,39.32,-120.13944,1798.3,TRUCKEE AIRPORT - CA US,23.9,18.6,9999.9,812.5,7.7,3.8,14.0,15.0,30.2,17.6,99.99,46.1,FLAG_MISSING_SLP | FLAG_MISSING_PRCP,False,False,True,False,False,False
72584693201,2/21/2019,39.32,-120.13944,1798.3,TRUCKEE AIRPORT - CA US,14.6,11.3,9999.9,806.1,7.6,1.7,9.9,999.9,23.0,5.9,99.99,46.9,FLAG_MISSING_SLP | FLAG_MISSING_PRCP,False,False,True,False,False,False
72584693201,2/22/2019,39.32,-120.13944,1798.3,TRUCKEE AIRPORT - CA US,12.2,7.4,9999.9,813.9,6.8,3.9,18.1,24.1,24.8,-5.8,99.99,46.1,FLAG_MISSING_SLP | FLAG_MISSING_PRCP,True,False,True,False,False,False
72584693201,2/23/2019,39.32,-120.13944,1798.3,TRUCKEE AIRPORT - CA US,13.7,7.8,9999.9,821.4,7.5,1.1,11.1,999.9,35.6,-4.0,99.99,44.9,FLAG_MISSING_SLP | FLAG_MISSING_PRCP,True,False,True,False,False,False
72584693201,2/24/2019,39.32,-120.13944,1798.3,TRUCKEE AIRPORT - CA US,30.4,21.5,9999.9,821.6,10.0,5.1,14.0,22.0,37.4,23.0,99.99,42.1,FLAG_MISSING_SLP | FLAG_MISSING_PRCP,False,False,True,False,False,False
72584693201,2/25/2019,39.32,-120.13944,1798.3,TRUCKEE AIRPORT - CA US,33.8,21.0,9999.9,815.8,8.3,13.8,22.0,40.0,41.0,30.2,99.99,40.2,FLAG_MISSING_SLP | FLAG_MISSING_PRCP,False,False,True,False,False,False
72584693201,2/26/2019,39.32,-120.13944,1798.3,TRUCKEE AIRPORT - CA US,33.2,30.1,9999.9,814.5,1.9,13.0,22.0,34.0,45.0,28.0,99.99,44.1,FLAG_MISSING_SLP | FLAG_MISSING_PRCP,False,True,True,False,False,False
72584693201,2/27/2019,39.32,-120.13944,1798.3,TRUCKEE AIRPORT - CA US,35.3,31.4,9999.9,813.8,6.9,12.8,20.0,31.1,41.0,32.0,99.99,35.8,FLAG_MISSING_SLP | FLAG_MISSING_PRCP,False,True,True,False,False,False
72584693201,2/28/2019,39.32,-120.13944,1798.3,TRUCKEE AIRPORT - CA US,36.0,30.1,9999.9,816.5,9.1,13.7,21.0,32.1,53.1,30.9,99.99,35.8,FLAG_MISSING_SLP | FLAG_MISSING_PRCP,False,True,True,False,False,False
72584693201,3/1/2019,39.32,-120.13944,1798.3,TRUCKEE AIRPORT - CA US,35.5,27.0,9999.9,817.4,10.0,10.5,18.1,24.1,39.2,26.6,0.0,33.9,FLAG_MISSING_SLP,False,False,False,False,False,False
72584693201,3/2/2019,39.32,-120.13944,1798.3,TRUCKEE AIRPORT - CA US,34.0,30.9,9999.9,814.5,7.0,2.4,14.0,20.0,53.1,28.0,99.99,35.0,FLAG_MISSING_SLP | FLAG_MISSING_PRCP,False,False,True,False,False,False
72584693201,3/3/2019,39.32,-120.13944,1798.3,TRUCKEE AIRPORT - CA US,34.8,33.3,9999.9,816.0,7.0,1.3,6.0,999.9,44.1,28.9,99.99,29.9,FLAG_MISSING_SLP | FLAG_MISSING_PRCP,False,True,False,False,False,False
72584693201,3/4/2019,39.32,-120.13944,1798.3,TRUCKEE AIRPORT - CA US,33.7,29.5,9999.9,817.8,9.4,2.2,9.9,999.9,43.0,23.0,99.99,28.0,FLAG_MISSING_SLP | FLAG_MISSING_PRCP,True,True,True,False,False,False
72584693201,3/5/2019,39.32,-120.13944,1798.3,TRUCKEE AIRPORT - CA US,30.9,27.3,9999.9,816.2,9.6,2.6,8.9,999.9,43.0,21.0,0.0,26.0,FLAG_MISSING_SLP,False,False,False,False,False,False
72584693201,3/6/2019,39.32,-120.13944,1798.3,TRUCKEE AIRPORT - CA US,36.1,32.0,9999.9,809.9,8.0,9.5,17.1,28.0,41.0,27.0,99.99,26.0,FLAG_MISSING_SLP | FLAG_MISSING_PRCP,False,True,True,False,False,False
72584693201,3/7/2019,39.32,-120.13944,1798.3,TRUCKEE AIRPORT - CA US,33.6,29.9,9999.9,812.9,7.5,7.3,13.0,20.0,42.1,28.0,99.99,27.2,FLAG_MISSING_SLP | FLAG_MISSING_PRCP,False,True,True,False,False,False
72584693201,3/8/2019,39.32,-120.13944,1798.3,TRUCKEE AIRPORT - CA US,30.2,24.7,9999.9,812.0,8.5,4.9,13.0,21.0,41.0,21.9,99.99,27.2,FLAG_MISSING_SLP | FLAG_MISSING_PRCP,False,False,True,False,False,False
72584693201,3/9/2019,39.32,-120.13944,1798.3,TRUCKEE AIRPORT - CA US,27.3,16.0,9999.9,813.3,9.8,8.9,18.1,24.1,32.0,19.9,99.99,27.2,FLAG_MISSING_SLP | FLAG_MISSING_PRCP,False,False,True,False,False,False
72584693201,3/10/2019,39.32,-120.13944,1798.3,TRUCKEE AIRPORT - CA US,27.3,20.5,9999.9,813.0,9.9,2.8,9.9,15.9,35.1,17.1,99.99,26.0,FLAG_MISSING_SLP | FLAG_MISSING_PRCP,False,False,True,False,False,False
72584693201,3/11/2019,39.32,-120.13944,1798.3,TRUCKEE AIRPORT - CA US,26.6,22.1,9999.9,818.3,7.9,1.6,7.0,999.9,39.2,15.8,99.99,26.0,FLAG_MISSING_SLP | FLAG_MISSING_PRCP,True,False,True,False,False,False
72584693201,3/12/2019,39.32,-120.13944,1798.3,TRUCKEE AIRPORT - CA US,25.8,20.6,9999.9,814.4,9.6,4.0,13.0,22.0,37.4,14.0,0.0,26.0,FLAG_MISSING_SLP,False,False,False,False,False,False
72584693201,3/13/2019,39.32,-120.13944,1798.3,TRUCKEE AIRPORT - CA US,22.7,14.3,9999.9,817.7,8.2,4.3,13.0,14.0,33.8,6.8,99.99,999.9,FLAG_MISSING_SLP | FLAG_MISSING_PRCP,False,False,True,False,False,False
72584693201,3/14/2019,39.32,-120.13944,1798.3,TRUCKEE AIRPORT - CA US,20.1,9.6,9999.9,824.6,10.0,2.7,9.9,999.9,39.2,6.8,0.0,27.2,FLAG_MISSING_SLP,False,False,False,False,False,False
72584693201,3/15/2019,39.32,-120.13944,1798.3,TRUCKEE AIRPORT - CA US,26.0,15.0,9999.9,825.6,9.9,1.7,6.0,999.9,44.6,10.4,0.0,27.2,FLAG_MISSING_SLP,False,False,False,False,False,False
72584693201,3/16/2019,39.32,-120.13944,1798.3,TRUCKEE AIRPORT - CA US,31.0,18.4,9999.9,824.1,9.7,2.2,7.0,999.9,51.8,14.0,0.0,25.2,FLAG_MISSING_SLP,False,False,False,False,False,False
72584693201,3/17/2019,39.32,-120.13944,1798.3,TRUCKEE AIRPORT - CA US,31.1,20.2,9999.9,823.3,10.0,0.8,6.0,999.9,54.0,10.0,0.0,25.2,FLAG_MISSING_SLP,False,False,False,False,False,False
72584693201,3/18/2019,39.32,-120.13944,1798.3,TRUCKEE AIRPORT - CA US,36.7,22.6,9999.9,821.5,10.0,1.7,8.9,999.9,57.9,18.0,0.0,24.0,FLAG_MISSING_SLP,False,False,False,False,False,False
72584693201,3/19/2019,39.32,-120.13944,1798.3,TRUCKEE AIRPORT - CA US,34.8,24.3,9999.9,819.9,10.0,3.0,12.0,15.0,57.9,19.0,0.0,20.1,FLAG_MISSING_SLP,False,False,False,False,False,False
72584693201,3/20/2019,39.32,-120.13944,1798.3,TRUCKEE AIRPORT - CA US,37.1,31.7,9999.9,815.2,8.8,4.0,14.0,20.0,55.0,26.1,99.99,16.9,FLAG_MISSING_SLP | FLAG_MISSING_PRCP,True,True,True,False,False,False
72584693201,3/21/2019,39.32,-120.13944,1798.3,TRUCKEE AIRPORT - CA US,33.6,30.0,9999.9,817.7,7.5,2.6,11.1,15.9,44.1,27.0,99.99,16.9,FLAG_MISSING_SLP | FLAG_MISSING_PRCP,True,False,True,False,False,False
72584693201,3/22/2019,39.32,-120.13944,1798.3,TRUCKEE AIRPORT - CA US,31.6,25.6,9999.9,820.3,10.0,3.3,12.0,14.0,42.1,14.0,0.0,15.0,FLAG_MISSING_SLP,True,False,False,False,False,False
72584693201,3/23/2019,39.32,-120.13944,1798.3,TRUCKEE AIRPORT - CA US,33.8,30.6,9999.9,820.0,6.5,3.9,12.0,15.0,43.0,21.9,99.99,16.1,FLAG_MISSING_SLP | FLAG_MISSING_PRCP,False,True,True,False,False,False
72584693201,3/24/2019,39.32,-120.13944,1798.3,TRUCKEE AIRPORT - CA US,29.2,21.2,9999.9,822.3,9.4,2.4,9.9,15.9,46.4,15.8,99.99,16.1,FLAG_MISSING_SLP | FLAG_MISSING_PRCP,False,False,True,False,False,False
72584693201,3/25/2019,39.32,-120.13944,1798.3,TRUCKEE AIRPORT - CA US,33.9,20.5,9999.9,821.1,10.0,7.2,27.0,35.9,48.9,15.1,0.0,15.0,FLAG_MISSING_SLP,False,False,False,False,False,False
72584693201,3/26/2019,39.32,-120.13944,1798.3,TRUCKEE AIRPORT - CA US,39.4,29.1,9999.9,818.0,10.0,12.8,22.0,28.0,42.8,37.4,99.99,14.2,FLAG_MISSING_SLP | FLAG_MISSING_PRCP,False,True,False,False,False,False
72584693201,3/27/2019,39.32,-120.13944,1798.3,TRUCKEE AIRPORT - CA US,37.2,32.0,9999.9,815.3,8.2,11.4,26.0,35.0,41.0,32.0,99.99,11.8,FLAG_MISSING_SLP | FLAG_MISSING_PRCP,False,True,True,False,True,False
72584693201,3/28/2019,39.32,-120.13944,1798.3,TRUCKEE AIRPORT - CA US,29.3,23.9,9999.9,819.9,7.6,4.7,15.0,18.1,42.1,17.1,99.99,13.0,FLAG_MISSING_SLP | FLAG_MISSING_PRCP,False,False,True,False,False,False
72584693201,3/29/2019,39.32,-120.13944,1798.3,TRUCKEE AIRPORT - CA US,32.2,26.8,9999.9,823.5,8.2,2.2,8.9,999.9,42.8,24.8,99.99,11.8,FLAG_MISSING_SLP | FLAG_MISSING_PRCP,True,False,True,False,False,False
72584693201,3/30/2019,39.32,-120.13944,1798.3,TRUCKEE AIRPORT - CA US,30.9,22.2,9999.9,825.0,8.8,1.7,11.1,999.9,46.4,17.6,0.0,999.9,FLAG_MISSING_SLP,True,False,False,False,False,False
72584693201,3/31/2019,39.32,-120.13944,1798.3,TRUCKEE AIRPORT - CA US,34.9,20.9,9999.9,824.5,10.0,1.9,7.0,999.9,53.6,19.4,0.0,7.9,FLAG_MISSING_SLP,False,False,False,False,False,False
72584693201,4/1/2019,39.32,-120.13944,1798.3,TRUCKEE AIRPORT - CA US,38.0,29.7,9999.9,821.2,10.0,1.7,8.9,999.9,57.9,21.0,0.0,5.1,FLAG_MISSING_SLP,False,False,False,False,False,False
72584693201,4/2/2019,39.32,-120.13944,1798.3,TRUCKEE AIRPORT - CA US,37.0,34.8,9999.9,815.0,7.4,2.6,8.9,999.9,54.0,30.0,99.99,3.1,FLAG_MISSING_SLP | FLAG_MISSING_PRCP,False,True,False,False,False,False
72584693201,4/3/2019,39.32,-120.13944,1798.3,TRUCKEE AIRPORT - CA US,34.4,30.7,9999.9,816.6,9.3,1.5,7.0,999.9,46.0,25.0,99.99,999.9,FLAG_MISSING_SLP | FLAG_MISSING_PRCP,True,False,True,False,False,False
72584693201,4/4/2019,39.32,-120.13944,1798.3,TRUCKEE AIRPORT - CA US,36.4,30.2,9999.9,818.3,8.7,3.3,12.0,15.0,48.9,24.1,0.0,999.9,FLAG_MISSING_SLP,True,False,False,False,False,False
72584693201,4/5/2019,39.32,-120.13944,1798.3,TRUCKEE AIRPORT - CA US,35.3,31.3,9999.9,816.6,9.9,3.4,14.0,19.0,48.9,26.1,99.99,999.9,FLAG_MISSING_SLP | FLAG_MISSING_PRCP,False,True,False,False,False,False
72584693201,4/6/2019,39.32,-120.13944,1798.3,TRUCKEE AIRPORT - CA US,37.6,29.3,9999.9,820.3,10.0,6.2,14.0,22.0,46.4,30.2,0.0,999.9,FLAG_SPARSE_STP_OBSERVATIONS | FLAG_MISSING_SLP,False,False,False,False,False,False
72584693201,4/7/2019,39.32,-120.13944,1798.3,TRUCKEE AIRPORT - CA US,44.4,35.3,9999.9,999.9,10.0,6.9,15.9,22.0,55.4,37.4,99.99,999.9,FLAG_MISSING_SLP | FLAG_MISSING_PRCP,False,True,False,False,False,False
72584693201,4/8/2019,39.32,-120.13944,1798.3,TRUCKEE AIRPORT - CA US,46.2,35.5,9999.9,825.6,10.0,8.3,24.1,40.8,57.2,37.4,0.0,999.9,FLAG_MISSING_SLP,False,False,False,False,False,False
72584693201,4/9/2019,39.32,-120.13944,1798.3,TRUCKEE AIRPORT - CA US,38.9,32.9,9999.9,820.8,8.2,8.9,18.1,27.0,59.0,27.0,99.99,999.9,FLAG_MISSING_SLP | FLAG_MISSING_PRCP,False,True,True,False,True,False
72584693201,4/10/2019,39.32,-120.13944,1798.3,TRUCKEE AIRPORT - CA US,34.3,19.1,9999.9,824.3,10.0,4.4,11.1,15.0,48.2,19.4,0.0,999.9,FLAG_SPARSE_STP_OBSERVATIONS | FLAG_MISSING_SLP,False,False,False,False,False,False
72584693201,4/11/2019,39.32,-120.13944,1798.3,TRUCKEE AIRPORT - CA US,35.2,24.9,9999.9,819.6,9.7,2.7,8.0,999.9,50.0,21.9,99.99,999.9,FLAG_SPARSE_STP_OBSERVATIONS | FLAG_MISSING_SLP | FLAG_MISSING_PRCP,False,True,False,False,False,False
72584693201,4/12/2019,39.32,-120.13944,1798.3,TRUCKEE AIRPORT - CA US,35.6,27.3,9999.9,817.0,10.0,3.1,12.0,15.9,48.2,23.0,0.0,999.9,FLAG_SPARSE_STP_OBSERVATIONS | FLAG_MISSING_SLP,False,False,False,False,False,False
72584693201,4/13/2019,39.32,-120.13944,1798.3,TRUCKEE AIRPORT - CA US,37.4,25.0,9999.9,818.8,10.0,3.2,14.0,18.1,59.0,19.4,0.0,999.9,FLAG_MISSING_SLP,False,False,False,False,False,False
72584693201,4/14/2019,39.32,-120.13944,1798.3,TRUCKEE AIRPORT - CA US,42.6,32.2,9999.9,817.8,10.0,6.3,14.0,22.9,62.1,21.0,0.0,999.9,FLAG_MISSING_SLP,False,False,False,False,False,False
72584693201,4/15/2019,39.32,-120.13944,1798.3,TRUCKEE AIRPORT - CA US,43.5,30.8,9999.9,813.2,9.9,12.4,24.1,34.0,54.0,36.0,99.99,999.9,FLAG_MISSING_SLP | FLAG_MISSING_PRCP,False,True,True,False,False,False
72584693201,4/16/2019,39.32,-120.13944,1798.3,TRUCKEE AIRPORT - CA US,37.2,30.4,9999.9,814.7,9.5,5.1,14.0,21.0,50.0,28.0,99.99,999.9,FLAG_MISSING_SLP | FLAG_MISSING_PRCP,False,True,True,False,False,False
72584693201,4/17/2019,39.32,-120.13944,1798.3,TRUCKEE AIRPORT - CA US,40.8,24.8,9999.9,824.2,10.0,2.2,9.9,14.0,62.6,23.0,0.0,999.9,FLAG_MISSING_SLP,False,False,False,False,False,False
72584693201,4/18/2019,39.32,-120.13944,1798.3,TRUCKEE AIRPORT - CA US,45.0,30.0,9999.9,827.3,10.0,2.9,11.1,15.0,69.8,26.6,0.0,999.9,FLAG_MISSING_SLP,False,False,False,False,False,False
72584693201,4/19/2019,39.32,-120.13944,1798.3,TRUCKEE AIRPORT - CA US,48.5,32.5,9999.9,823.2,8.8,3.2,11.1,18.1,68.0,30.2,0.0,999.9,FLAG_MISSING_SLP,True,False,False,False,False,False
72584693201,4/20/2019,39.32,-120.13944,1798.3,TRUCKEE AIRPORT - CA US,47.5,34.5,9999.9,816.1,9.9,6.4,17.1,27.0,62.6,35.6,99.99,999.9,FLAG_MISSING_SLP | FLAG_MISSING_PRCP,False,True,False,False,False,False
72584693201,4/21/2019,39.32,-120.13944,1798.3,TRUCKEE AIRPORT - CA US,39.0,28.7,9999.9,819.5,10.0,3.6,14.0,19.0,55.4,24.8,99.99,999.9,FLAG_MISSING_SLP | FLAG_MISSING_PRCP,False,False,True,False,False,False
72584693201,4/22/2019,39.32,-120.13944,1798.3,TRUCKEE AIRPORT - CA US,41.2,24.3,9999.9,824.0,10.0,4.6,14.0,21.0,62.6,26.6,0.0,999.9,FLAG_MISSING_SLP,False,False,False,False,False,False
72584693201,4/23/2019,39.32,-120.13944,1798.3,TRUCKEE AIRPORT - CA US,46.2,24.2,9999.9,825.0,10.0,3.5,15.0,19.0,69.8,26.6,0.0,999.9,FLAG_MISSING_SLP,False,False,False,False,False,False
72584693201,4/24/2019,39.32,-120.13944,1798.3,TRUCKEE AIRPORT - CA US,51.4,35.2,9999.9,823.4,10.0,2.3,11.1,15.0,72.0,28.9,0.0,999.9,FLAG_MISSING_SLP,True,False,False,False,False,False
72584693201,4/25/2019,39.32,-120.13944,1798.3,TRUCKEE AIRPORT - CA US,51.7,37.8,9999.9,822.5,8.7,2.9,11.1,18.1,75.9,27.0,0.0,999.9,FLAG_MISSING_SLP,True,False,False,False,False,False
72584693201,4/26/2019,39.32,-120.13944,1798.3,TRUCKEE AIRPORT - CA US,49.6,32.5,9999.9,821.9,9.1,3.8,12.0,19.0,75.0,25.0,0.0,999.9,FLAG_MISSING_SLP,True,False,False,False,False,False
72584693201,4/27/2019,39.32,-120.13944,1798.3,TRUCKEE AIRPORT - CA US,47.8,31.0,9999.9,820.6,9.1,4.3,15.0,19.0,72.0,25.0,0.0,999.9,FLAG_MISSING_SLP,True,False,False,False,False,False
72584693201,4/28/2019,39.32,-120.13944,1798.3,TRUCKEE AIRPORT - CA US,44.7,25.7,9999.9,817.5,9.6,2.4,13.0,14.0,66.2,24.1,0.0,999.9,FLAG_MISSING_SLP,True,False,False,False,False,False
72584693201,4/29/2019,39.32,-120.13944,1798.3,TRUCKEE AIRPORT - CA US,44.8,30.9,9999.9,814.0,9.0,3.2,13.0,20.0,68.0,24.1,0.0,999.9,FLAG_SPARSE_STP_OBSERVATIONS | FLAG_MISSING_SLP,True,False,False,False,False,False
72584693201,4/30/2019,39.32,-120.13944,1798.3,TRUCKEE AIRPORT - CA US,43.0,32.7,9999.9,813.2,10.0,7.0,14.0,21.0,66.0,30.9,0.0,999.9,FLAG_MISSING_SLP,False,False,False,False,False,False
72584693201,5/1/2019,39.32,-120.13944,1798.3,TRUCKEE AIRPORT - CA US,34.3,24.1,9999.9,819.7,7.3,2.8,15.9,22.9,53.6,21.2,0.0,999.9,FLAG_MISSING_SLP,True,False,False,False,False,False
72584693201,5/2/2019,39.32,-120.13944,1798.3,TRUCKEE AIRPORT - CA US,41.5,24.9,9999.9,820.5,8.4,2.8,14.0,999.9,62.6,23.0,0.0,999.9,FLAG_MISSING_SLP,True,False,False,False,False,False
72584693201,5/3/2019,39.32,-120.13944,1798.3,TRUCKEE AIRPORT - CA US,44.1,29.8,9999.9,820.3,8.3,3.3,11.1,14.0,64.9,23.0,0.0,999.9,FLAG_MISSING_SLP,True,False,False,False,False,False
72584693201,5/4/2019,39.32,-120.13944,1798.3,TRUCKEE AIRPORT - CA US,45.5,28.4,9999.9,818.8,8.6,2.9,9.9,18.1,68.0,28.4,0.0,999.9,FLAG_MISSING_SLP,True,False,False,False,False,False
72584693201,5/5/2019,39.32,-120.13944,1798.3,TRUCKEE AIRPORT - CA US,47.5,31.3,9999.9,815.6,9.8,3.1,12.0,18.1,70.0,24.1,99.99,999.9,FLAG_MISSING_SLP | FLAG_MISSING_PRCP,True,True,False,False,False,False
72584693201,5/6/2019,39.32,-120.13944,1798.3,TRUCKEE AIRPORT - CA US,47.9,35.3,9999.9,814.7,9.6,3.4,13.0,18.1,71.1,28.9,99.99,999.9,FLAG_MISSING_SLP | FLAG_MISSING_PRCP,True,True,False,False,True,False
72584693201,5/7/2019,39.32,-120.13944,1798.3,TRUCKEE AIRPORT - CA US,43.7,36.9,9999.9,819.2,6.1,2.4,12.0,22.0,69.1,28.9,99.99,999.9,FLAG_MISSING_SLP | FLAG_MISSING_PRCP,True,True,False,False,True,False
72584693201,5/8/2019,39.32,-120.13944,1798.3,TRUCKEE AIRPORT - CA US,47.9,34.2,9999.9,820.9,8.0,3.3,14.0,19.0,69.1,28.0,0.0,999.9,FLAG_MISSING_SLP,True,False,False,False,False,False
72584693201,5/9/2019,39.32,-120.13944,1798.3,TRUCKEE AIRPORT - CA US,47.8,30.7,9999.9,817.0,10.0,4.3,15.9,25.1,62.6,28.4,99.99,999.9,FLAG_MISSING_SLP | FLAG_MISSING_PRCP,False,True,False,False,False,False
72584693201,5/10/2019,39.32,-120.13944,1798.3,TRUCKEE AIRPORT - CA US,51.1,22.3,9999.9,816.0,10.0,9.2,15.0,22.9,64.9,37.0,0.0,999.9,FLAG_MISSING_SLP,False,False,False,False,False,False
72584693201,5/11/2019,39.32,-120.13944,1798.3,TRUCKEE AIRPORT - CA US,47.1,24.2,9999.9,819.8,10.0,2.9,11.1,18.1,69.8,26.6,0.0,999.9,FLAG_MISSING_SLP,False,False,False,False,False,False
72584693201,5/12/2019,39.32,-120.13944,1798.3,TRUCKEE AIRPORT - CA US,52.0,33.8,9999.9,820.3,8.9,3.6,15.9,19.0,72.0,28.9,0.0,999.9,FLAG_MISSING_SLP,True,False,False,False,False,False
72584693201,5/13/2019,39.32,-120.13944,1798.3,TRUCKEE AIRPORT - CA US,50.0,35.5,9999.9,820.8,8.5,5.1,15.9,21.0,75.0,30.9,0.0,999.9,FLAG_MISSING_SLP,True,False,False,False,False,False
72584693201,5/14/2019,39.32,-120.13944,1798.3,TRUCKEE AIRPORT - CA US,48.3,30.0,9999.9,820.8,10.0,5.3,15.9,20.0,71.1,32.0,0.0,999.9,FLAG_MISSING_SLP,False,False,False,False,False,False
72584693201,5/15/2019,39.32,-120.13944,1798.3,TRUCKEE AIRPORT - CA US,47.3,35.3,9999.9,816.8,9.9,6.0,19.0,26.0,64.0,37.9,99.99,999.9,FLAG_MISSING_SLP | FLAG_MISSING_PRCP,False,True,False,False,False,False
72584693201,5/16/2019,39.32,-120.13944,1798.3,TRUCKEE AIRPORT - CA US,40.0,32.8,9999.9,810.3,9.0,9.7,22.0,29.9,54.0,23.0,99.99,999.9,FLAG_MISSING_SLP | FLAG_MISSING_PRCP,False,True,True,False,False,False
72584693201,5/17/2019,39.32,-120.13944,1798.3,TRUCKEE AIRPORT - CA US,37.2,31.6,9999.9,816.0,7.6,6.0,15.0,20.0,48.2,32.0,99.99,999.9,FLAG_MISSING_SLP | FLAG_MISSING_PRCP,False,False,True,False,False,False
72584693201,5/18/2019,39.32,-120.13944,1798.3,TRUCKEE AIRPORT - CA US,37.9,30.6,9999.9,817.1,8.4,4.5,15.0,21.0,50.0,21.9,0.0,999.9,FLAG_MISSING_SLP,True,False,False,False,False,False
72584693201,5/19/2019,39.32,-120.13944,1798.3,TRUCKEE AIRPORT - CA US,36.9,30.7,9999.9,809.9,9.5,4.3,17.1,20.0,52.0,28.0,99.99,999.9,FLAG_MISSING_SLP | FLAG_MISSING_PRCP,False,True,True,False,False,False
72584693201,5/20/2019,39.32,-120.13944,1798.3,TRUCKEE AIRPORT - CA US,34.4,27.2,9999.9,813.5,10.0,4.5,15.0,22.0,46.4,23.0,0.0,999.9,FLAG_MISSING_SLP,False,False,False,False,False,False
72584693201,5/21/2019,39.32,-120.13944,1798.3,TRUCKEE AIRPORT - CA US,37.1,30.3,9999.9,812.4,7.6,7.4,15.0,22.9,54.0,26.1,99.99,1.2,FLAG_MISSING_SLP | FLAG_MISSING_PRCP,False,True,True,False,False,False
72584693201,5/22/2019,39.32,-120.13944,1798.3,TRUCKEE AIRPORT - CA US,36.4,33.2,9999.9,811.4,8.0,3.2,12.0,15.0,48.2,32.0,99.99,999.9,FLAG_MISSING_SLP | FLAG_MISSING_PRCP,False,True,True,False,False,False
72584693201,5/23/2019,39.32,-120.13944,1798.3,TRUCKEE AIRPORT - CA US,41.0,38.0,9999.9,813.7,9.6,3.3,12.0,21.0,50.0,30.9,99.99,999.9,FLAG_MISSING_SLP | FLAG_MISSING_PRCP,False,True,False,False,False,False
72584693201,5/24/2019,39.32,-120.13944,1798.3,TRUCKEE AIRPORT - CA US,41.0,35.2,9999.9,818.8,6.1,3.1,13.0,17.1,57.2,32.0,99.99,999.9,FLAG_MISSING_SLP | FLAG_MISSING_PRCP,True,True,False,False,False,False
72584693201,5/25/2019,39.32,-120.13944,1798.3,TRUCKEE AIRPORT - CA US,40.0,36.3,9999.9,816.0,8.0,3.5,14.0,22.0,60.1,27.0,99.99,999.9,FLAG_MISSING_SLP | FLAG_MISSING_PRCP,True,True,False,False,True,False
72584693201,5/26/2019,39.32,-120.13944,1798.3,TRUCKEE AIRPORT - CA US,41.5,32.3,9999.9,809.9,10.0,7.6,18.1,24.1,54.0,32.0,99.99,999.9,FLAG_MISSING_SLP | FLAG_MISSING_PRCP,False,True,False,False,False,False
72584693201,5/27/2019,39.32,-120.13944,1798.3,TRUCKEE AIRPORT - CA US,38.9,33.7,9999.9,815.9,9.8,2.6,11.1,14.0,51.8,33.8,99.99,999.9,FLAG_MISSING_SLP | FLAG_MISSING_PRCP,False,True,True,False,False,False
72584693201,5/28/2019,39.32,-120.13944,1798.3,TRUCKEE AIRPORT - CA US,47.4,40.2,9999.9,819.5,9.9,3.2,9.9,15.0,57.2,42.8,99.99,999.9,FLAG_MISSING_SLP | FLAG_MISSING_PRCP,False,True,False,False,False,False
72584693201,5/29/2019,39.32,-120.13944,1798.3,TRUCKEE AIRPORT - CA US,47.9,38.9,9999.9,819.0,9.2,3.2,12.0,15.9,64.4,32.0,0.0,999.9,FLAG_MISSING_SLP,True,False,False,False,False,False
72584693201,5/30/2019,39.32,-120.13944,1798.3,TRUCKEE AIRPORT - CA US,44.9,40.0,9999.9,819.1,7.6,3.2,14.0,19.0,60.8,33.8,99.99,999.9,FLAG_MISSING_SLP | FLAG_MISSING_PRCP,True,True,False,False,True,False
72584693201,5/31/2019,39.32,-120.13944,1798.3,TRUCKEE AIRPORT - CA US,43.5,38.3,9999.9,820.2,5.4,1.0,7.0,999.9,64.0,30.0,99.99,999.9,FLAG_MISSING_SLP | FLAG_MISSING_PRCP,True,True,False,False,False,False
72584693201,6/1/2019,39.32,-120.13944,1798.3,TRUCKEE AIRPORT - CA US,48.7,39.0,9999.9,818.9,7.2,2.1,7.0,999.9,69.8,35.6,0.0,999.9,FLAG_MISSING_SLP,True,False,False,False,True,False
72584693201,6/2/2019,39.32,-120.13944,1798.3,TRUCKEE AIRPORT - CA US,51.2,40.6,9999.9,818.5,7.8,3.1,11.1,14.0,66.2,33.8,99.99,999.9,FLAG_MISSING_SLP | FLAG_MISSING_PRCP,True,True,False,False,True,False
72584693201,6/3/2019,39.32,-120.13944,1798.3,TRUCKEE AIRPORT - CA US,54.3,43.9,9999.9,820.3,7.9,3.3,13.0,20.0,73.4,39.2,99.99,999.9,FLAG_MISSING_SLP | FLAG_MISSING_PRCP,True,True,False,False,False,False
72584693201,6/4/2019,39.32,-120.13944,1798.3,TRUCKEE AIRPORT - CA US,57.1,44.4,9999.9,822.5,8.1,2.7,12.0,999.9,77.0,37.4,0.0,999.9,FLAG_MISSING_SLP,True,False,False,False,False,False
72584693201,6/5/2019,39.32,-120.13944,1798.3,TRUCKEE AIRPORT - CA US,61.2,43.7,9999.9,822.6,8.4,4.7,13.0,18.1,78.8,39.2,0.0,999.9,FLAG_MISSING_SLP,True,False,False,False,False,False
72584693201,6/6/2019,39.32,-120.13944,1798.3,TRUCKEE AIRPORT - CA US,58.8,39.4,9999.9,819.5,10.0,7.6,19.0,28.9,81.0,41.0,0.0,999.9,FLAG_MISSING_SLP,False,False,False,False,False,False
72584693201,6/7/2019,39.32,-120.13944,1798.3,TRUCKEE AIRPORT - CA US,50.1,28.1,9999.9,817.7,10.0,7.2,15.9,22.0,64.4,32.0,0.0,999.9,FLAG_MISSING_SLP,False,False,False,False,False,False
72584693201,6/8/2019,39.32,-120.13944,1798.3,TRUCKEE AIRPORT - CA US,45.8,23.2,9999.9,822.9,10.0,5.6,17.1,26.0,64.4,26.6,0.0,999.9,FLAG_MISSING_SLP,False,False,False,False,False,False
72584693201,6/9/2019,39.32,-120.13944,1798.3,TRUCKEE AIRPORT - CA US,49.9,24.3,9999.9,827.0,10.0,3.7,12.0,15.0,73.4,28.4,0.0,999.9,FLAG_MISSING_SLP,False,False,False,False,False,False
72584693201,6/10/2019,39.32,-120.13944,1798.3,TRUCKEE AIRPORT - CA US,57.3,33.7,9999.9,827.5,10.0,2.6,9.9,15.0,80.6,33.8,0.0,999.9,FLAG_MISSING_SLP,False,False,False,False,False,False
72584693201,6/11/2019,39.32,-120.13944,1798.3,TRUCKEE AIRPORT - CA US,61.8,37.6,9999.9,827.7,10.0,2.5,12.0,15.0,82.4,37.4,0.0,999.9,FLAG_MISSING_SLP,False,False,False,False,False,False
72584693201,6/12/2019,39.32,-120.13944,1798.3,TRUCKEE AIRPORT - CA US,61.8,42.7,9999.9,825.4,10.0,3.4,11.1,15.9,86.0,41.0,0.0,999.9,FLAG_MISSING_SLP,False,False,False,False,False,False
72584693201,6/13/2019,39.32,-120.13944,1798.3,TRUCKEE AIRPORT - CA US,61.5,44.2,9999.9,822.1,9.1,3.2,13.0,20.0,78.8,41.0,99.99,999.9,FLAG_MISSING_SLP | FLAG_MISSING_PRCP,True,True,False,False,True,False
72584693201,6/14/2019,39.32,-120.13944,1798.3,TRUCKEE AIRPORT - CA US,58.6,43.3,9999.9,821.2,10.0,2.6,13.0,20.0,80.6,42.8,0.0,999.9,FLAG_MISSING_SLP,False,False,False,False,False,False
72584693201,6/15/2019,39.32,-120.13944,1798.3,TRUCKEE AIRPORT - CA US,59.9,43.9,9999.9,821.5,9.1,4.0,14.0,18.1,82.9,37.0,0.0,999.9,FLAG_MISSING_SLP,True,False,False,False,False,False
72584693201,6/16/2019,39.32,-120.13944,1798.3,TRUCKEE AIRPORT - CA US,56.8,41.8,9999.9,820.5,9.7,3.0,11.1,999.9,77.0,37.4,0.0,999.9,FLAG_MISSING_SLP,False,False,False,False,False,False
72584693201,6/17/2019,39.32,-120.13944,1798.3,TRUCKEE AIRPORT - CA US,56.9,44.2,9999.9,820.3,8.9,1.9,8.0,999.9,77.0,37.4,99.99,999.9,FLAG_MISSING_SLP | FLAG_MISSING_PRCP,True,True,False,False,True,False
72584693201,6/18/2019,39.32,-120.13944,1798.3,TRUCKEE AIRPORT - CA US,60.8,42.4,9999.9,823.3,9.2,1.9,8.9,17.1,82.4,39.2,0.0,999.9,FLAG_MISSING_SLP,True,False,False,False,False,False
72584693201,6/19/2019,39.32,-120.13944,1798.3,TRUCKEE AIRPORT - CA US,63.9,44.1,9999.9,823.1,8.5,4.6,14.0,17.1,84.9,41.0,0.0,999.9,FLAG_MISSING_SLP,True,False,False,False,False,False
72584693201,6/20/2019,39.32,-120.13944,1798.3,TRUCKEE AIRPORT - CA US,60.1,41.3,9999.9,819.6,10.0,5.9,18.1,25.1,77.0,37.4,0.0,999.9,FLAG_MISSING_SLP,False,False,False,False,False,False
72584693201,6/21/2019,39.32,-120.13944,1798.3,TRUCKEE AIRPORT - CA US,51.8,34.2,9999.9,818.4,9.2,4.4,15.0,20.0,69.8,32.0,0.0,999.9,FLAG_MISSING_SLP,False,False,False,False,False,False
72584693201,6/22/2019,39.32,-120.13944,1798.3,TRUCKEE AIRPORT - CA US,49.7,28.7,9999.9,822.0,10.0,3.1,11.1,18.1,69.8,30.2,0.0,999.9,FLAG_MISSING_SLP,False,False,False,False,False,False
72584693201,6/23/2019,39.32,-120.13944,1798.3,TRUCKEE AIRPORT - CA US,52.5,30.0,9999.9,823.6,10.0,2.6,9.9,18.1,75.2,32.0,0.0,999.9,FLAG_MISSING_SLP,False,False,False,False,False,False
72584693201,6/24/2019,39.32,-120.13944,1798.3,TRUCKEE AIRPORT - CA US,55.6,36.3,9999.9,821.5,10.0,4.5,17.1,22.9,81.0,34.0,0.0,999.9,FLAG_MISSING_SLP,False,False,False,False,False,False
72584693201,6/25/2019,39.32,-120.13944,1798.3,TRUCKEE AIRPORT - CA US,55.6,31.6,9999.9,818.4,9.6,6.4,15.9,22.0,73.4,32.0,0.0,999.9,FLAG_MISSING_SLP,True,False,False,False,False,False
72584693201,6/26/2019,39.32,-120.13944,1798.3,TRUCKEE AIRPORT - CA US,52.6,31.1,9999.9,818.4,10.0,9.4,21.0,31.1,75.0,32.0,0.0,999.9,FLAG_MISSING_SLP,False,False,False,False,False,False
72584693201,6/27/2019,39.32,-120.13944,1798.3,TRUCKEE AIRPORT - CA US,54.7,27.9,9999.9,820.0,9.6,12.3,22.9,29.9,64.4,41.0,0.0,999.9,FLAG_MISSING_SLP,False,False,False,False,False,False
72584693201,6/28/2019,39.32,-120.13944,1798.3,TRUCKEE AIRPORT - CA US,51.8,28.1,9999.9,821.9,10.0,5.4,15.0,24.1,64.4,37.4,0.0,999.9,FLAG_MISSING_SLP,False,False,False,False,False,False
72584693201,6/29/2019,39.32,-120.13944,1798.3,TRUCKEE AIRPORT - CA US,49.5,31.8,9999.9,823.1,9.3,3.6,12.0,15.0,71.6,30.2,0.0,999.9,FLAG_MISSING_SLP,True,False,False,False,False,False
72584693201,6/30/2019,39.32,-120.13944,1798.3,TRUCKEE AIRPORT - CA US,55.2,32.5,9999.9,823.4,10.0,4.4,13.0,17.1,73.4,35.6,0.0,999.9,FLAG_MISSING_SLP,False,False,False,False,False,False
72584693201,7/1/2019,39.32,-120.13944,1798.3,TRUCKEE AIRPORT - CA US,54.6,31.9,9999.9,823.3,10.0,4.6,12.0,20.0,73.4,30.2,0.0,999.9,FLAG_MISSING_SLP,False,False,False,False,False,False
72584693201,7/2/2019,39.32,-120.13944,1798.3,TRUCKEE AIRPORT - CA US,51.9,30.8,9999.9,821.6,10.0,4.2,17.1,20.0,73.4,32.0,0.0,999.9,FLAG_MISSING_SLP,False,False,False,False,False,False
72584693201,7/3/2019,39.32,-120.13944,1798.3,TRUCKEE AIRPORT - CA US,53.3,35.2,9999.9,819.8,10.0,4.4,13.0,15.9,71.6,35.6,0.0,999.9,FLAG_MISSING_SLP,False,False,False,False,False,False
72584693201,7/4/2019,39.32,-120.13944,1798.3,TRUCKEE AIRPORT - CA US,53.5,35.9,9999.9,820.7,9.5,2.9,13.0,19.0,75.2,32.0,0.0,999.9,FLAG_MISSING_SLP,False,False,False,False,False,False
72584693201,7/5/2019,39.32,-120.13944,1798.3,TRUCKEE AIRPORT - CA US,59.3,41.5,9999.9,823.0,8.3,3.8,14.0,17.1,80.6,37.4,0.0,999.9,FLAG_MISSING_SLP,True,False,False,False,False,False
72584693201,7/6/2019,39.32,-120.13944,1798.3,TRUCKEE AIRPORT - CA US,56.1,39.9,9999.9,824.0,8.0,4.2,13.0,19.0,78.8,37.4,0.0,999.9,FLAG_MISSING_SLP,True,False,False,False,False,False
72584693201,7/7/2019,39.32,-120.13944,1798.3,TRUCKEE AIRPORT - CA US,55.0,34.7,9999.9,821.3,10.0,4.5,13.0,15.9,73.4,33.8,0.0,999.9,FLAG_MISSING_SLP,False,False,False,False,False,False
72584693201,7/8/2019,39.32,-120.13944,1798.3,TRUCKEE AIRPORT - CA US,54.2,33.7,9999.9,820.2,10.0,4.5,15.0,21.0,73.4,33.8,0.0,999.9,FLAG_MISSING_SLP,False,False,False,False,False,False
72584693201,7/9/2019,39.32,-120.13944,1798.3,TRUCKEE AIRPORT - CA US,55.8,32.7,9999.9,822.4,10.0,3.9,15.0,20.0,78.8,32.0,0.0,999.9,FLAG_MISSING_SLP,False,False,False,False,False,False
72584693201,7/10/2019,39.32,-120.13944,1798.3,TRUCKEE AIRPORT - CA US,58.8,38.1,9999.9,824.6,10.0,3.6,11.1,17.1,81.0,34.0,0.0,999.9,FLAG_MISSING_SLP,False,False,False,False,False,False
72584693201,7/11/2019,39.32,-120.13944,1798.3,TRUCKEE AIRPORT - CA US,61.7,40.9,9999.9,825.4,10.0,3.8,12.0,17.1,82.4,37.4,0.0,999.9,FLAG_MISSING_SLP,False,False,False,False,False,False
72584693201,7/12/2019,39.32,-120.13944,1798.3,TRUCKEE AIRPORT - CA US,57.1,42.6,9999.9,824.2,10.0,2.7,9.9,15.0,84.2,41.0,0.0,999.9,FLAG_MISSING_SLP,False,False,False,False,False,False
72584693201,7/13/2019,39.32,-120.13944,1798.3,TRUCKEE AIRPORT - CA US,57.8,41.4,9999.9,822.4,8.9,2.9,9.9,19.0,82.4,37.4,0.0,999.9,FLAG_MISSING_SLP,True,False,False,False,False,False
72584693201,7/14/2019,39.32,-120.13944,1798.3,TRUCKEE AIRPORT - CA US,60.6,35.9,9999.9,823.6,9.7,5.2,17.1,24.1,80.6,37.4,0.0,999.9,FLAG_MISSING_SLP,False,False,False,False,False,False
72584693201,7/15/2019,39.32,-120.13944,1798.3,TRUCKEE AIRPORT - CA US,59.0,32.8,9999.9,824.8,10.0,4.2,15.9,19.0,82.0,32.0,0.0,999.9,FLAG_MISSING_SLP,False,False,False,False,False,False
72584693201,7/16/2019,39.32,-120.13944,1798.3,TRUCKEE AIRPORT - CA US,58.8,38.3,9999.9,821.7,10.0,4.3,11.1,17.1,78.8,37.4,0.0,999.9,FLAG_MISSING_SLP,True,False,False,False,False,False
72584693201,7/17/2019,39.32,-120.13944,1798.3,TRUCKEE AIRPORT - CA US,61.5,45.0,9999.9,821.1,8.4,3.9,14.0,19.0,82.4,39.2,0.0,999.9,FLAG_MISSING_SLP,True,False,False,False,False,False
72584693201,7/18/2019,39.32,-120.13944,1798.3,TRUCKEE AIRPORT - CA US,60.2,41.9,9999.9,821.8,9.7,3.6,12.0,18.1,82.4,37.4,0.0,999.9,FLAG_MISSING_SLP,False,False,False,False,False,False
72584693201,7/19/2019,39.32,-120.13944,1798.3,TRUCKEE AIRPORT - CA US,61.0,43.1,9999.9,820.7,10.0,3.3,11.1,15.0,80.6,37.4,0.0,999.9,FLAG_MISSING_SLP,True,False,False,False,False,False
72584693201,7/20/2019,39.32,-120.13944,1798.3,TRUCKEE AIRPORT - CA US,63.1,45.9,9999.9,820.7,9.2,3.5,11.1,19.0,84.2,41.0,0.0,999.9,FLAG_MISSING_SLP,True,False,False,False,False,False
72584693201,7/21/2019,39.32,-120.13944,1798.3,TRUCKEE AIRPORT - CA US,65.1,51.1,9999.9,821.5,9.3,3.9,12.0,17.1,88.0,43.0,0.0,999.9,FLAG_MISSING_SLP,True,False,False,False,False,False
72584693201,7/22/2019,39.32,-120.13944,1798.3,TRUCKEE AIRPORT - CA US,68.4,46.2,9999.9,823.7,10.0,5.1,15.0,22.9,84.9,50.0,0.0,999.9,FLAG_MISSING_SLP,False,False,False,False,False,False
72584693201,7/23/2019,39.32,-120.13944,1798.3,TRUCKEE AIRPORT - CA US,63.5,45.0,9999.9,825.5,10.0,3.9,12.0,19.0,80.6,44.6,0.0,999.9,FLAG_MISSING_SLP,False,False,False,False,False,False
72584693201,7/24/2019,39.32,-120.13944,1798.3,TRUCKEE AIRPORT - CA US,65.1,43.8,9999.9,826.2,10.0,4.8,14.0,20.0,84.2,42.8,0.0,999.9,FLAG_MISSING_SLP,False,False,False,False,False,False
72584693201,7/25/2019,39.32,-120.13944,1798.3,TRUCKEE AIRPORT - CA US,63.3,46.0,9999.9,825.3,10.0,2.3,11.1,17.1,86.0,44.6,0.0,999.9,FLAG_MISSING_SLP,False,False,False,False,False,False
72584693201,7/26/2019,39.32,-120.13944,1798.3,TRUCKEE AIRPORT - CA US,67.4,46.3,9999.9,825.5,10.0,3.2,12.0,17.1,90.0,46.0,0.0,999.9,FLAG_MISSING_SLP,False,False,False,False,False,False
72584693201,7/27/2019,39.32,-120.13944,1798.3,TRUCKEE AIRPORT - CA US,62.2,46.8,9999.9,827.5,8.6,2.6,12.0,14.0,86.0,44.6,0.0,999.9,FLAG_MISSING_SLP,True,False,False,False,False,False
72584693201,7/28/2019,39.32,-120.13944,1798.3,TRUCKEE AIRPORT - CA US,67.1,47.1,9999.9,825.8,10.0,3.5,14.0,17.1,89.1,46.0,0.0,999.9,FLAG_MISSING_SLP,False,False,False,False,False,False
72584693201,7/29/2019,39.32,-120.13944,1798.3,TRUCKEE AIRPORT - CA US,64.6,41.3,9999.9,823.4,9.7,5.0,14.0,24.1,82.4,41.0,0.0,999.9,FLAG_MISSING_SLP,True,False,False,False,False,False
72584693201,7/30/2019,39.32,-120.13944,1798.3,TRUCKEE AIRPORT - CA US,60.2,31.9,9999.9,822.6,10.0,4.5,14.0,19.0,82.4,35.6,0.0,999.9,FLAG_MISSING_SLP,False,False,False,False,False,False
72584693201,7/31/2019,39.32,-120.13944,1798.3,TRUCKEE AIRPORT - CA US,58.4,31.2,9999.9,823.1,10.0,4.1,11.1,19.0,80.6,33.8,0.0,999.9,FLAG_MISSING_SLP,False,False,False,False,False,False
72584693201,8/1/2019,39.32,-120.13944,1798.3,TRUCKEE AIRPORT - CA US,59.2,35.6,9999.9,824.1,10.0,4.1,14.0,18.1,80.6,35.6,0.0,999.9,FLAG_MISSING_SLP,False,False,False,False,False,False
72584693201,8/2/2019,39.32,-120.13944,1798.3,TRUCKEE AIRPORT - CA US,57.8,33.9,9999.9,825.2,10.0,2.5,12.0,17.1,82.4,35.6,0.0,999.9,FLAG_MISSING_SLP,False,False,False,False,False,False
72584693201,8/3/2019,39.32,-120.13944,1798.3,TRUCKEE AIRPORT - CA US,62.5,36.7,9999.9,824.4,10.0,3.7,12.0,20.0,87.8,39.2,0.0,999.9,FLAG_MISSING_SLP,False,False,False,False,False,False
72584693201,8/4/2019,39.32,-120.13944,1798.3,TRUCKEE AIRPORT - CA US,64.5,39.5,9999.9,823.8,10.0,5.3,14.0,18.1,82.4,41.0,0.0,999.9,FLAG_MISSING_SLP,False,False,False,False,False,False
72584693201,8/5/2019,39.32,-120.13944,1798.3,TRUCKEE AIRPORT - CA US,61.0,36.5,9999.9,824.7,10.0,3.9,11.1,15.9,84.2,35.6,0.0,999.9,FLAG_MISSING_SLP,False,False,False,False,False,False
72584693201,8/6/2019,39.32,-120.13944,1798.3,TRUCKEE AIRPORT - CA US,66.4,39.9,9999.9,823.7,10.0,3.1,11.1,17.1,86.0,42.1,0.0,999.9,FLAG_MISSING_SLP,False,False,False,False,False,False
72584693201,8/7/2019,39.32,-120.13944,1798.3,TRUCKEE AIRPORT - CA US,63.3,40.6,9999.9,823.1,10.0,2.9,12.0,19.0,84.2,42.8,0.0,999.9,FLAG_MISSING_SLP,False,False,False,False,False,False
72584693201,8/8/2019,39.32,-120.13944,1798.3,TRUCKEE AIRPORT - CA US,63.1,41.5,9999.9,822.0,10.0,4.4,15.0,21.0,86.0,35.1,0.0,999.9,FLAG_MISSING_SLP,False,False,False,False,False,False
72584693201,8/9/2019,39.32,-120.13944,1798.3,TRUCKEE AIRPORT - CA US,56.2,35.9,9999.9,821.0,10.0,4.2,13.0,18.1,73.4,39.2,0.0,999.9,FLAG_MISSING_SLP,False,False,False,False,False,False
72584693201,8/10/2019,39.32,-120.13944,1798.3,TRUCKEE AIRPORT - CA US,52.9,32.7,9999.9,820.4,10.0,6.4,17.1,27.0,66.2,32.0,0.0,999.9,FLAG_MISSING_SLP,False,False,False,False,False,False
72584693201,8/11/2019,39.32,-120.13944,1798.3,TRUCKEE AIRPORT - CA US,49.1,35.9,9999.9,822.6,9.5,2.9,11.1,21.0,73.4,30.2,0.0,999.9,FLAG_MISSING_SLP,True,False,False,False,False,False
72584693201,8/12/2019,39.32,-120.13944,1798.3,TRUCKEE AIRPORT - CA US,57.5,37.2,9999.9,999.9,9.6,3.8,13.0,17.1,80.6,35.6,0.0,999.9,FLAG_MISSING_SLP,False,False,False,False,False,False
72584693201,8/13/2019,39.32,-120.13944,1798.3,TRUCKEE AIRPORT - CA US,61.7,38.5,9999.9,824.5,10.0,3.5,9.9,15.0,84.2,39.2,0.0,999.9,FLAG_MISSING_SLP,False,False,False,False,False,False
72584693201,8/14/2019,39.32,-120.13944,1798.3,TRUCKEE AIRPORT - CA US,62.2,36.9,9999.9,826.1,10.0,2.8,12.0,15.9,87.8,37.4,0.0,999.9,FLAG_MISSING_SLP,False,False,False,False,False,False
72584693201,8/15/2019,39.32,-120.13944,1798.3,TRUCKEE AIRPORT - CA US,63.7,37.9,9999.9,826.1,10.0,2.9,11.1,20.0,89.6,39.2,0.0,999.9,FLAG_MISSING_SLP,False,False,False,False,False,False
72584693201,8/16/2019,39.32,-120.13944,1798.3,TRUCKEE AIRPORT - CA US,63.4,37.7,9999.9,823.7,10.0,4.1,14.0,20.0,84.2,41.0,0.0,999.9,FLAG_MISSING_SLP,False,False,False,False,False,False
72584693201,8/17/2019,39.32,-120.13944,1798.3,TRUCKEE AIRPORT - CA US,61.6,37.6,9999.9,820.8,10.0,3.4,11.1,19.0,84.2,37.4,0.0,999.9,FLAG_MISSING_SLP,False,False,False,False,False,False
72584693201,8/18/2019,39.32,-120.13944,1798.3,TRUCKEE AIRPORT - CA US,62.8,39.9,9999.9,819.7,9.3,3.6,13.0,14.0,84.2,39.2,0.0,999.9,FLAG_MISSING_SLP,False,False,False,False,False,False
72584693201,8/19/2019,39.32,-120.13944,1798.3,TRUCKEE AIRPORT - CA US,59.7,39.1,9999.9,821.3,10.0,3.8,13.0,19.0,82.4,39.2,0.0,999.9,FLAG_MISSING_SLP,False,False,False,False,False,False
72584693201,8/20/2019,39.32,-120.13944,1798.3,TRUCKEE AIRPORT - CA US,59.0,40.2,9999.9,823.0,10.0,3.6,13.0,17.1,82.4,41.0,0.0,999.9,FLAG_MISSING_SLP,False,False,False,False,False,False
72584693201,8/21/2019,39.32,-120.13944,1798.3,TRUCKEE AIRPORT - CA US,58.5,35.6,9999.9,823.5,10.0,3.3,13.0,20.0,84.2,33.8,0.0,999.9,FLAG_MISSING_SLP,False,False,False,False,False,False
72584693201,8/22/2019,39.32,-120.13944,1798.3,TRUCKEE AIRPORT - CA US,59.8,37.4,9999.9,820.3,10.0,2.7,9.9,17.1,82.9,39.0,0.0,999.9,FLAG_MISSING_SLP,False,False,False,False,False,False
72584693201,8/23/2019,39.32,-120.13944,1798.3,TRUCKEE AIRPORT - CA US,64.7,45.1,9999.9,819.3,9.6,3.7,11.1,18.1,84.2,41.0,0.0,999.9,FLAG_MISSING_SLP,True,False,False,False,False,False
72584693201,8/24/2019,39.32,-120.13944,1798.3,TRUCKEE AIRPORT - CA US,65.0,48.5,9999.9,822.1,8.8,4.3,12.0,19.0,89.1,43.0,0.0,999.9,FLAG_MISSING_SLP,True,False,False,False,False,False
72584693201,8/25/2019,39.32,-120.13944,1798.3,TRUCKEE AIRPORT - CA US,64.4,43.5,9999.9,825.1,10.0,4.2,11.1,18.1,82.4,41.0,0.0,999.9,FLAG_MISSING_SLP,False,False,False,False,False,False
72584693201,8/26/2019,39.32,-120.13944,1798.3,TRUCKEE AIRPORT - CA US,59.9,40.7,9999.9,824.9,9.4,2.1,8.9,14.0,89.6,37.4,0.0,999.9,FLAG_MISSING_SLP,True,False,False,False,False,False
72584693201,8/27/2019,39.32,-120.13944,1798.3,TRUCKEE AIRPORT - CA US,66.7,39.0,9999.9,822.9,10.0,2.1,8.9,15.0,93.0,41.0,0.0,999.9,FLAG_MISSING_SLP,False,False,False,False,False,False
72584693201,8/28/2019,39.32,-120.13944,1798.3,TRUCKEE AIRPORT - CA US,62.8,51.4,9999.9,822.7,9.9,1.9,9.9,19.0,87.8,46.4,0.0,999.9,FLAG_MISSING_SLP,False,False,False,False,False,False
72584693201,8/29/2019,39.32,-120.13944,1798.3,TRUCKEE AIRPORT - CA US,61.5,41.4,9999.9,824.1,10.0,4.8,15.9,21.0,80.6,42.8,0.0,999.9,FLAG_MISSING_SLP,False,False,False,False,False,False
72584693201,8/30/2019,39.32,-120.13944,1798.3,TRUCKEE AIRPORT - CA US,61.9,37.9,9999.9,824.5,10.0,5.8,12.0,22.0,80.6,37.4,0.0,999.9,FLAG_MISSING_SLP,False,False,False,False,False,False
72584693201,8/31/2019,39.32,-120.13944,1798.3,TRUCKEE AIRPORT - CA US,59.0,33.6,9999.9,824.4,10.0,2.5,9.9,15.0,82.4,33.8,0.0,999.9,FLAG_MISSING_SLP,False,False,False,False,False,False
72584693201,9/1/2019,39.32,-120.13944,1798.3,TRUCKEE AIRPORT - CA US,59.2,32.3,9999.9,823.9,10.0,3.3,13.0,18.1,84.2,33.8,0.0,999.9,FLAG_MISSING_SLP,False,False,False,False,False,False
72584693201,9/2/2019,39.32,-120.13944,1798.3,TRUCKEE AIRPORT - CA US,63.1,36.7,9999.9,824.1,10.0,5.5,15.9,20.0,84.2,41.0,0.0,999.9,FLAG_MISSING_SLP,False,False,False,False,False,False
72584693201,9/3/2019,39.32,-120.13944,1798.3,TRUCKEE AIRPORT - CA US,62.4,42.6,9999.9,824.6,10.0,4.5,14.0,21.0,84.2,41.0,0.0,999.9,FLAG_MISSING_SLP,False,False,False,False,False,False
72584693201,9/4/2019,39.32,-120.13944,1798.3,TRUCKEE AIRPORT - CA US,59.6,41.8,9999.9,823.6,10.0,2.1,9.9,999.9,87.1,41.0,0.0,999.9,FLAG_MISSING_SLP,False,False,False,False,False,False
72584693201,9/5/2019,39.32,-120.13944,1798.3,TRUCKEE AIRPORT - CA US,61.6,47.5,9999.9,824.1,10.0,4.0,15.0,24.1,80.6,42.8,0.0,999.9,FLAG_MISSING_SLP,False,False,False,False,False,False
72584693201,9/6/2019,39.32,-120.13944,1798.3,TRUCKEE AIRPORT - CA US,62.6,44.1,9999.9,825.8,10.0,5.0,17.1,22.9,84.0,35.1,0.0,999.9,FLAG_MISSING_SLP,False,False,False,False,False,False
72584693201,9/7/2019,39.32,-120.13944,1798.3,TRUCKEE AIRPORT - CA US,57.8,38.2,9999.9,824.6,10.0,4.6,15.9,22.0,80.1,36.0,0.0,999.9,FLAG_MISSING_SLP,False,False,False,False,False,False
72584693201,9/8/2019,39.32,-120.13944,1798.3,TRUCKEE AIRPORT - CA US,52.1,31.0,9999.9,820.2,10.0,5.4,14.0,20.0,79.0,28.9,0.0,999.9,FLAG_MISSING_SLP,False,False,False,False,False,False
72584693201,9/9/2019,39.32,-120.13944,1798.3,TRUCKEE AIRPORT - CA US,48.5,32.3,9999.9,819.9,9.5,4.7,13.0,17.1,66.2,28.4,0.0,999.9,FLAG_MISSING_SLP,True,False,False,False,False,False
72584693201,9/10/2019,39.32,-120.13944,1798.3,TRUCKEE AIRPORT - CA US,45.7,31.9,9999.9,817.7,9.6,3.6,12.0,15.0,70.0,27.0,0.0,999.9,FLAG_MISSING_SLP,False,False,False,False,False,False
72584693201,9/11/2019,39.32,-120.13944,1798.3,TRUCKEE AIRPORT - CA US,44.7,31.5,9999.9,821.8,8.3,2.3,8.9,18.1,68.0,26.6,0.0,999.9,FLAG_MISSING_SLP,True,False,False,False,False,False
72584693201,9/12/2019,39.32,-120.13944,1798.3,TRUCKEE AIRPORT - CA US,49.6,29.5,9999.9,826.1,10.0,1.9,8.0,999.9,75.2,30.2,0.0,999.9,FLAG_MISSING_SLP,False,False,False,False,False,False
72584693201,9/13/2019,39.32,-120.13944,1798.3,TRUCKEE AIRPORT - CA US,53.1,29.7,9999.9,826.7,10.0,2.3,9.9,15.9,80.6,30.2,0.0,999.9,FLAG_MISSING_SLP,False,False,False,False,False,False
72584693201,9/14/2019,39.32,-120.13944,1798.3,TRUCKEE AIRPORT - CA US,55.8,28.4,9999.9,825.0,10.0,3.5,14.0,19.0,82.4,32.0,0.0,999.9,FLAG_MISSING_SLP,False,False,False,False,False,False
72584693201,9/15/2019,39.32,-120.13944,1798.3,TRUCKEE AIRPORT - CA US,58.8,27.8,9999.9,820.9,10.0,7.0,18.1,28.9,77.0,37.4,0.0,999.9,FLAG_MISSING_SLP,False,False,False,False,False,False
72584693201,9/16/2019,39.32,-120.13944,1798.3,TRUCKEE AIRPORT - CA US,52.3,28.9,9999.9,816.8,9.3,11.2,20.0,35.0,75.9,27.0,99.99,999.9,FLAG_MISSING_SLP | FLAG_MISSING_PRCP,False,True,True,False,False,False
72584693201,9/17/2019,39.32,-120.13944,1798.3,TRUCKEE AIRPORT - CA US,40.0,31.7,9999.9,821.0,6.4,2.5,13.0,18.1,64.4,30.2,99.99,999.9,FLAG_MISSING_SLP | FLAG_MISSING_PRCP,True,True,False,False,True,False
72584693201,9/18/2019,39.32,-120.13944,1798.3,TRUCKEE AIRPORT - CA US,47.4,31.9,9999.9,818.5,10.0,7.3,17.1,25.1,60.8,32.0,0.0,999.9,FLAG_MISSING_SLP,False,False,False,False,False,False
72584693201,9/19/2019,39.32,-120.13944,1798.3,TRUCKEE AIRPORT - CA US,40.8,34.9,9999.9,817.6,7.9,3.0,11.1,15.0,53.6,30.2,99.99,999.9,FLAG_MISSING_SLP | FLAG_MISSING_PRCP,True,True,False,False,True,False
72584693201,9/20/2019,39.32,-120.13944,1798.3,TRUCKEE AIRPORT - CA US,42.5,33.7,9999.9,820.2,6.7,2.1,7.0,999.9,60.8,32.0,0.0,999.9,FLAG_MISSING_SLP,True,False,False,False,False,False
72584693201,9/21/2019,39.32,-120.13944,1798.3,TRUCKEE AIRPORT - CA US,43.8,32.5,9999.9,822.1,8.9,2.3,8.9,999.9,66.2,28.4,0.0,999.9,FLAG_MISSING_SLP,True,False,False,False,False,False
72584693201,9/22/2019,39.32,-120.13944,1798.3,TRUCKEE AIRPORT - CA US,46.6,34.5,9999.9,821.7,9.2,2.9,14.0,20.0,69.1,28.0,0.0,999.9,FLAG_MISSING_SLP,True,False,False,False,False,False
72584693201,9/23/2019,39.32,-120.13944,1798.3,TRUCKEE AIRPORT - CA US,48.0,36.1,9999.9,821.5,9.6,3.2,12.0,20.0,68.0,30.0,0.0,999.9,FLAG_MISSING_SLP,True,False,False,False,False,False
72584693201,9/24/2019,39.32,-120.13944,1798.3,TRUCKEE AIRPORT - CA US,51.0,33.6,9999.9,826.7,10.0,3.6,9.9,15.0,77.0,30.2,0.0,999.9,FLAG_MISSING_SLP,False,False,False,False,False,False
72584693201,9/25/2019,39.32,-120.13944,1798.3,TRUCKEE AIRPORT - CA US,54.9,38.0,9999.9,824.1,10.0,3.9,13.0,17.1,79.0,32.0,0.0,999.9,FLAG_MISSING_SLP,False,False,False,False,False,False
72584693201,9/26/2019,39.32,-120.13944,1798.3,TRUCKEE AIRPORT - CA US,56.6,39.8,9999.9,821.9,9.7,2.7,12.0,15.9,78.8,33.8,0.0,999.9,FLAG_MISSING_SLP,False,False,False,False,False,False
72584693201,9/27/2019,39.32,-120.13944,1798.3,TRUCKEE AIRPORT - CA US,55.3,41.8,9999.9,818.9,10.0,4.7,15.0,27.0,81.0,36.0,0.0,999.9,FLAG_MISSING_SLP,False,False,False,False,False,False
72584693201,9/28/2019,39.32,-120.13944,1798.3,TRUCKEE AIRPORT - CA US,49.9,35.5,9999.9,811.3,9.8,10.1,20.0,28.0,62.6,37.4,0.0,999.9,FLAG_MISSING_SLP,False,False,False,False,False,False
72584693201,9/29/2019,39.32,-120.13944,1798.3,TRUCKEE AIRPORT - CA US,34.4,28.3,9999.9,812.2,9.5,4.4,13.0,19.0,57.0,27.0,99.99,999.9,FLAG_MISSING_SLP | FLAG_MISSING_PRCP,False,True,True,False,False,False
72584693201,9/30/2019,39.32,-120.13944,1798.3,TRUCKEE AIRPORT - CA US,35.5,26.7,9999.9,813.1,9.0,6.7,12.0,22.0,45.0,27.0,99.99,999.9,FLAG_SPARSE_STP_OBSERVATIONS | FLAG_MISSING_SLP | FLAG_MISSING_PRCP,False,False,True,False,False,False
72584693201,10/1/2019,39.32,-120.13944,1798.3,TRUCKEE AIRPORT - CA US,32.5,24.3,9999.9,817.1,9.0,1.7,7.0,999.9,50.0,21.2,0.0,999.9,FLAG_MISSING_SLP,False,False,False,False,False,False
72584693201,10/2/2019,39.32,-120.13944,1798.3,TRUCKEE AIRPORT - CA US,34.4,23.0,9999.9,820.1,9.5,2.1,11.1,15.0,62.6,15.8,0.0,999.9,FLAG_MISSING_SLP,True,False,False,False,False,False
72584693201,10/3/2019,39.32,-120.13944,1798.3,TRUCKEE AIRPORT - CA US,39.5,25.1,9999.9,819.4,10.0,3.8,15.9,22.0,63.0,19.0,0.0,999.9,FLAG_MISSING_SLP,False,False,False,False,False,False
72584693201,10/4/2019,39.32,-120.13944,1798.3,TRUCKEE AIRPORT - CA US,41.5,20.8,9999.9,820.6,10.0,4.4,15.9,18.1,61.0,21.9,0.0,999.9,FLAG_MISSING_SLP,False,False,False,False,False,False
72584693201,10/5/2019,39.32,-120.13944,1798.3,TRUCKEE AIRPORT - CA US,40.6,25.8,9999.9,825.0,9.9,1.2,7.0,999.9,69.8,24.8,0.0,999.9,FLAG_MISSING_SLP,False,False,False,False,False,False
72584693201,10/6/2019,39.32,-120.13944,1798.3,TRUCKEE AIRPORT - CA US,45.2,26.8,9999.9,826.2,10.0,3.0,15.9,999.9,72.0,24.1,0.0,999.9,FLAG_MISSING_SLP,False,False,False,False,False,False
72584693201,10/7/2019,39.32,-120.13944,1798.3,TRUCKEE AIRPORT - CA US,45.7,30.1,9999.9,824.8,9.2,1.1,8.0,999.9,71.6,28.4,0.0,999.9,FLAG_MISSING_SLP,True,False,False,False,False,False
72584693201,10/8/2019,39.32,-120.13944,1798.3,TRUCKEE AIRPORT - CA US,46.1,24.1,9999.9,821.2,10.0,3.7,15.0,22.9,71.6,26.6,0.0,999.9,FLAG_MISSING_SLP,False,False,False,False,False,False
72584693201,10/9/2019,39.32,-120.13944,1798.3,TRUCKEE AIRPORT - CA US,46.5,26.1,9999.9,817.3,10.0,6.2,15.0,20.0,73.0,24.1,0.0,999.9,FLAG_MISSING_SLP,False,False,False,False,False,False
72584693201,10/10/2019,39.32,-120.13944,1798.3,TRUCKEE AIRPORT - CA US,34.2,9.0,9999.9,822.3,10.0,3.2,9.9,999.9,53.6,14.0,0.0,999.9,FLAG_MISSING_SLP,False,False,False,False,False,False
72584693201,10/11/2019,39.32,-120.13944,1798.3,TRUCKEE AIRPORT - CA US,35.4,7.7,9999.9,823.9,10.0,1.7,8.0,999.9,62.6,17.1,0.0,999.9,FLAG_MISSING_SLP,False,False,False,False,False,False
72584693201,10/12/2019,39.32,-120.13944,1798.3,TRUCKEE AIRPORT - CA US,38.7,17.8,9999.9,820.6,10.0,1.3,9.9,999.9,66.2,21.0,0.0,999.9,FLAG_MISSING_SLP,False,False,False,False,False,False
72584693201,10/13/2019,39.32,-120.13944,1798.3,TRUCKEE AIRPORT - CA US,42.9,21.1,9999.9,817.8,10.0,2.2,12.0,15.0,70.0,19.9,0.0,999.9,FLAG_MISSING_SLP,False,False,False,False,False,False
72584693201,10/14/2019,39.32,-120.13944,1798.3,TRUCKEE AIRPORT - CA US,39.9,19.6,9999.9,819.4,10.0,1.4,8.0,999.9,66.2,21.2,0.0,999.9,FLAG_MISSING_SLP,False,False,False,False,False,False
72584693201,10/15/2019,39.32,-120.13944,1798.3,TRUCKEE AIRPORT - CA US,42.7,22.5,9999.9,823.4,10.0,2.2,9.9,999.9,69.8,19.4,0.0,999.9,FLAG_MISSING_SLP,False,False,False,False,False,False
72584693201,10/16/2019,39.32,-120.13944,1798.3,TRUCKEE AIRPORT - CA US,42.8,16.9,9999.9,822.6,10.0,4.1,17.1,27.0,72.0,21.0,0.0,999.9,FLAG_MISSING_SLP,False,False,False,False,False,False
72584693201,10/17/2019,39.32,-120.13944,1798.3,TRUCKEE AIRPORT - CA US,49.2,25.7,9999.9,815.5,10.0,9.5,20.0,28.0,57.2,39.9,99.99,999.9,FLAG_MISSING_SLP | FLAG_MISSING_PRCP,False,True,False,False,False,False
72584693201,10/18/2019,39.32,-120.13944,1798.3,TRUCKEE AIRPORT - CA US,34.6,24.4,9999.9,818.9,8.2,3.3,14.0,19.0,55.9,18.0,0.0,999.9,FLAG_MISSING_SLP,True,False,False,False,False,False
72584693201,10/19/2019,39.32,-120.13944,1798.3,TRUCKEE AIRPORT - CA US,34.7,25.9,9999.9,820.4,10.0,3.9,14.0,21.0,57.0,17.1,0.0,999.9,FLAG_MISSING_SLP,False,False,False,False,False,False
72584693201,10/20/2019,39.32,-120.13944,1798.3,TRUCKEE AIRPORT - CA US,36.1,27.0,9999.9,821.9,8.0,2.6,15.0,17.1,60.8,19.4,0.0,999.9,FLAG_MISSING_SLP,True,False,False,False,False,False
72584693201,10/21/2019,39.32,-120.13944,1798.3,TRUCKEE AIRPORT - CA US,42.2,30.6,9999.9,825.9,7.3,1.5,8.0,999.9,64.4,24.8,0.0,999.9,FLAG_MISSING_SLP,True,False,False,False,False,False
72584693201,10/22/2019,39.32,-120.13944,1798.3,TRUCKEE AIRPORT - CA US,42.5,24.3,9999.9,830.1,10.0,1.5,7.0,999.9,68.0,23.0,0.0,999.9,FLAG_MISSING_SLP,False,False,False,False,False,False
72584693201,10/23/2019,39.32,-120.13944,1798.3,TRUCKEE AIRPORT - CA US,43.2,26.8,9999.9,827.1,10.0,1.9,8.0,999.9,70.0,23.0,0.0,999.9,FLAG_MISSING_SLP,False,False,False,False,False,False
72584693201,10/24/2019,39.32,-120.13944,1798.3,TRUCKEE AIRPORT - CA US,41.6,13.3,9999.9,827.2,10.0,3.3,8.0,15.0,64.9,25.0,0.0,999.9,FLAG_MISSING_SLP,False,False,False,False,False,False
72584693201,10/25/2019,39.32,-120.13944,1798.3,TRUCKEE AIRPORT - CA US,35.0,14.9,9999.9,829.6,10.0,1.0,8.9,999.9,55.4,21.2,0.0,999.9,FLAG_MISSING_SLP,False,False,False,False,False,False
72584693201,10/26/2019,39.32,-120.13944,1798.3,TRUCKEE AIRPORT - CA US,43.0,21.9,9999.9,822.8,10.0,2.9,12.0,18.1,69.8,21.2,0.0,999.9,FLAG_MISSING_SLP,False,False,False,False,False,False
72584693201,10/27/2019,39.32,-120.13944,1798.3,TRUCKEE AIRPORT - CA US,35.1,14.6,9999.9,817.3,10.0,8.6,15.9,25.1,60.8,17.6,0.0,999.9,FLAG_MISSING_SLP,False,False,False,False,False,False
72584693201,10/28/2019,39.32,-120.13944,1798.3,TRUCKEE AIRPORT - CA US,29.8,3.2,9999.9,821.4,10.0,2.8,12.0,19.0,57.2,10.4,0.0,999.9,FLAG_MISSING_SLP,False,False,False,False,False,False
72584693201,10/29/2019,39.32,-120.13944,1798.3,TRUCKEE AIRPORT - CA US,31.5,7.6,9999.9,818.1,10.0,4.0,14.0,18.1,60.1,10.0,0.0,999.9,FLAG_MISSING_SLP,False,False,False,False,False,False
72584693201,10/30/2019,39.32,-120.13944,1798.3,TRUCKEE AIRPORT - CA US,20.8,-2.7,9999.9,823.2,10.0,2.0,9.9,999.9,44.6,5.0,0.0,999.9,FLAG_MISSING_SLP,False,False,False,False,False,False
72584693201,11/1/2019,39.32,-120.13944,1798.3,TRUCKEE AIRPORT - CA US,33.1,4.5,9999.9,827.1,10.0,1.2,8.0,999.9,59.0,9.0,0.0,999.9,FLAG_MISSING_SLP,False,False,False,False,False,False
72584693201,11/3/2019,39.32,-120.13944,1798.3,TRUCKEE AIRPORT - CA US,37.2,17.3,9999.9,824.2,10.0,0.9,6.0,999.9,64.4,19.4,0.0,999.9,FLAG_MISSING_SLP,False,False,False,False,False,False
72584693201,11/4/2019,39.32,-120.13944,1798.3,TRUCKEE AIRPORT - CA US,38.7,18.1,9999.9,823.2,10.0,1.2,6.0,999.9,64.4,19.4,0.0,999.9,FLAG_MISSING_SLP,False,False,False,False,False,False
72584693201,11/5/2019,39.32,-120.13944,1798.3,TRUCKEE AIRPORT - CA US,38.7,18.5,9999.9,825.1,10.0,0.6,4.1,999.9,66.2,19.4,0.0,999.9,FLAG_MISSING_SLP,False,False,False,False,False,False
72584693201,11/6/2019,39.32,-120.13944,1798.3,TRUCKEE AIRPORT - CA US,42.2,18.5,9999.9,823.7,10.0,1.0,7.0,999.9,68.0,18.0,0.0,999.9,FLAG_MISSING_SLP,False,False,False,False,False,False
72584693201,11/7/2019,39.32,-120.13944,1798.3,TRUCKEE AIRPORT - CA US,40.3,18.4,9999.9,825.0,10.0,1.0,8.0,999.9,66.2,19.4,0.0,999.9,FLAG_MISSING_SLP,False,False,False,False,False,False
72584693201,11/9/2019,39.32,-120.13944,1798.3,TRUCKEE AIRPORT - CA US,39.6,19.6,9999.9,827.5,10.0,0.6,6.0,999.9,66.2,19.9,0.0,999.9,FLAG_MISSING_SLP,False,False,False,False,False,False
72584693201,11/10/2019,39.32,-120.13944,1798.3,TRUCKEE AIRPORT - CA US,41.0,18.1,9999.9,825.1,10.0,1.7,6.0,999.9,70.0,18.0,0.0,999.9,FLAG_MISSING_SLP,False,False,False,False,False,False
72584693201,11/11/2019,39.32,-120.13944,1798.3,TRUCKEE AIRPORT - CA US,39.3,21.2,9999.9,825.6,10.0,1.9,6.0,999.9,66.9,21.9,0.0,999.9,FLAG_MISSING_SLP,False,False,False,False,False,False
72584693201,11/12/2019,39.32,-120.13944,1798.3,TRUCKEE AIRPORT - CA US,39.3,25.7,9999.9,825.9,9.6,0.7,8.0,999.9,66.2,21.2,0.0,999.9,FLAG_MISSING_SLP,True,False,False,False,False,False
72584693201,11/13/2019,39.32,-120.13944,1798.3,TRUCKEE AIRPORT - CA US,38.1,21.4,9999.9,823.5,9.9,0.7,6.0,999.9,64.4,21.2,0.0,999.9,FLAG_MISSING_SLP,False,False,False,False,False,False
72584693201,11/14/2019,39.32,-120.13944,1798.3,TRUCKEE AIRPORT - CA US,42.0,24.5,9999.9,821.9,10.0,2.2,9.9,15.0,62.6,32.0,0.0,999.9,FLAG_MISSING_SLP,False,False,False,False,False,False
72584693201,11/15/2019,39.32,-120.13944,1798.3,TRUCKEE AIRPORT - CA US,45.4,25.3,9999.9,823.1,10.0,3.2,12.0,17.1,64.9,28.9,0.0,999.9,FLAG_MISSING_SLP,False,False,False,False,False,False
72584693201,11/16/2019,39.32,-120.13944,1798.3,TRUCKEE AIRPORT - CA US,36.7,21.0,9999.9,826.1,10.0,1.1,8.0,999.9,62.1,19.0,0.0,999.9,FLAG_MISSING_SLP,False,False,False,False,False,False
72584693201,11/17/2019,39.32,-120.13944,1798.3,TRUCKEE AIRPORT - CA US,35.0,22.4,9999.9,827.3,10.0,0.4,4.1,999.9,62.6,21.2,0.0,999.9,FLAG_MISSING_SLP,False,False,False,False,False,False
72584693201,11/19/2019,39.32,-120.13944,1798.3,TRUCKEE AIRPORT - CA US,47.5,25.9,9999.9,816.8,10.0,5.3,11.1,22.9,60.8,37.4,0.0,999.9,FLAG_SPARSE_STP_OBSERVATIONS | FLAG_MISSING_SLP,False,False,False,False,False,False
72584693201,11/20/2019,39.32,-120.13944,1798.3,TRUCKEE AIRPORT - CA US,33.8,29.1,9999.9,807.5,9.4,8.4,18.1,24.1,42.8,30.2,99.99,999.9,FLAG_MISSING_SLP | FLAG_MISSING_PRCP,False,True,True,False,False,False
72584693201,11/21/2019,39.32,-120.13944,1798.3,TRUCKEE AIRPORT - CA US,35.0,27.7,9999.9,999.9,10.0,4.1,15.9,20.0,44.6,24.8,0.0,999.9,FLAG_MISSING_SLP,False,False,False,False,False,False
72584693201,11/22/2019,39.32,-120.13944,1798.3,TRUCKEE AIRPORT - CA US,37.6,29.7,9999.9,999.9,10.0,1.2,5.1,999.9,46.9,24.1,0.0,999.9,FLAG_MISSING_SLP,False,False,False,False,False,False
72584693201,11/23/2019,39.32,-120.13944,1798.3,TRUCKEE AIRPORT - CA US,32.2,26.0,9999.9,826.0,6.1,1.3,6.0,999.9,48.9,16.0,0.0,999.9,FLAG_SPARSE_STP_OBSERVATIONS | FLAG_MISSING_SLP,True,False,False,False,False,False
72584693201,11/24/2019,39.32,-120.13944,1798.3,TRUCKEE AIRPORT - CA US,29.1,22.7,9999.9,826.2,6.0,0.7,4.1,999.9,55.4,15.8,0.0,999.9,FLAG_SPARSE_STP_OBSERVATIONS | FLAG_MISSING_SLP,True,False,False,False,False,False
72584693201,11/25/2019,39.32,-120.13944,1798.3,TRUCKEE AIRPORT - CA US,30.5,16.9,9999.9,999.9,10.0,6.2,15.9,25.1,39.2,19.4,0.0,999.9,FLAG_MISSING_SLP,False,False,False,False,False,False
72584693201,11/26/2019,39.32,-120.13944,1798.3,TRUCKEE AIRPORT - CA US,17.6,10.2,9999.9,999.9,9.6,2.5,19.0,22.0,33.8,3.2,0.0,999.9,FLAG_MISSING_SLP,False,False,False,False,False,False
72584693201,11/27/2019,39.32,-120.13944,1798.3,TRUCKEE AIRPORT - CA US,27.8,22.0,9999.9,999.9,3.0,11.7,25.1,42.0,32.0,8.1,99.99,7.1,FLAG_MISSING_SLP | FLAG_MISSING_PRCP,False,False,True,False,False,False
72584693201,11/28/2019,39.32,-120.13944,1798.3,TRUCKEE AIRPORT - CA US,15.7,12.3,9999.9,999.9,7.0,0.9,5.1,999.9,33.1,3.0,99.99,7.9,FLAG_MISSING_SLP | FLAG_MISSING_PRCP,False,False,True,False,False,False
72584693201,11/29/2019,39.32,-120.13944,1798.3,TRUCKEE AIRPORT - CA US,23.1,19.7,9999.9,803.5,7.1,2.0,13.0,15.0,32.0,8.1,99.99,7.1,FLAG_MISSING_SLP | FLAG_MISSING_PRCP,False,False,True,False,False,False
72584693201,11/30/2019,39.32,-120.13944,1798.3,TRUCKEE AIRPORT - CA US,14.2,11.4,9999.9,812.2,9.1,0.8,5.1,999.9,28.0,3.0,99.99,7.1,FLAG_SPARSE_STP_OBSERVATIONS | FLAG_MISSING_SLP | FLAG_MISSING_PRCP,True,False,True,False,False,False
72584693201,12/1/2019,39.32,-120.13944,1798.3,TRUCKEE AIRPORT - CA US,29.9,27.4,9999.9,815.2,6.9,4.7,15.0,24.1,37.4,23.0,99.99,5.9,FLAG_MISSING_SLP | FLAG_MISSING_PRCP,False,True,True,False,False,False
72584693201,12/2/2019,39.32,-120.13944,1798.3,TRUCKEE AIRPORT - CA US,35.4,33.6,9999.9,819.8,8.0,3.2,9.9,999.9,39.9,30.0,99.99,3.1,FLAG_MISSING_SLP | FLAG_MISSING_PRCP,False,True,True,False,False,False
72584693201,12/3/2019,39.32,-120.13944,1798.3,TRUCKEE AIRPORT - CA US,32.6,32.6,9999.9,824.0,1.2,0.7,5.1,999.9,39.9,30.9,99.99,3.1,FLAG_MISSING_SLP | FLAG_MISSING_PRCP,True,True,False,False,False,False
72584693201,12/4/2019,39.32,-120.13944,1798.3,TRUCKEE AIRPORT - CA US,31.8,31.5,9999.9,818.4,1.5,0.1,2.9,999.9,37.0,28.0,99.99,2.0,FLAG_MISSING_SLP | FLAG_MISSING_PRCP,True,False,True,False,False,True
72584693201,12/5/2019,39.32,-120.13944,1798.3,TRUCKEE AIRPORT - CA US,31.3,30.6,9999.9,818.4,2.6,0.1,4.1,999.9,39.2,23.0,99.99,2.0,FLAG_MISSING_SLP | FLAG_MISSING_PRCP,True,True,True,False,False,False
72584693201,12/6/2019,39.32,-120.13944,1798.3,TRUCKEE AIRPORT - CA US,32.7,29.8,9999.9,820.2,2.9,1.1,12.0,21.0,48.2,24.8,0.0,1.2,FLAG_MISSING_SLP,True,False,False,False,False,False
72584693201,12/7/2019,39.32,-120.13944,1798.3,TRUCKEE AIRPORT - CA US,39.2,32.2,9999.9,816.7,9.4,12.0,20.0,40.0,46.0,27.0,99.99,999.9,FLAG_MISSING_SLP | FLAG_MISSING_PRCP,False,True,False,False,False,False
72584693201,12/8/2019,39.32,-120.13944,1798.3,TRUCKEE AIRPORT - CA US,33.2,32.2,9999.9,815.6,5.4,1.9,17.1,22.0,39.9,30.0,99.99,3.1,FLAG_MISSING_SLP | FLAG_MISSING_PRCP,False,True,True,False,True,False
72584693201,12/9/2019,39.32,-120.13944,1798.3,TRUCKEE AIRPORT - CA US,29.3,28.6,9999.9,821.7,1.1,0.5,4.1,999.9,41.0,25.0,99.99,3.1,FLAG_MISSING_SLP | FLAG_MISSING_PRCP,True,False,True,False,False,True
72584693201,12/10/2019,39.32,-120.13944,1798.3,TRUCKEE AIRPORT - CA US,28.2,27.3,9999.9,824.2,0.8,1.0,6.0,999.9,35.6,23.0,0.0,3.1,FLAG_MISSING_SLP,True,False,False,False,False,False
72584693201,12/11/2019,39.32,-120.13944,1798.3,TRUCKEE AIRPORT - CA US,33.9,31.3,9999.9,823.1,10.0,1.8,11.1,20.0,42.8,30.0,99.99,2.0,FLAG_MISSING_SLP | FLAG_MISSING_PRCP,False,True,False,False,False,False
72584693201,12/12/2019,39.32,-120.13944,1798.3,TRUCKEE AIRPORT - CA US,39.7,35.0,9999.9,824.1,9.6,5.1,13.0,28.9,48.2,33.8,99.99,1.2,FLAG_MISSING_SLP | FLAG_MISSING_PRCP,False,True,False,False,False,False
72584693201,12/13/2019,39.32,-120.13944,1798.3,TRUCKEE AIRPORT - CA US,36.5,32.6,9999.9,824.3,8.7,2.7,11.1,15.9,46.9,30.9,99.99,999.9,FLAG_MISSING_SLP | FLAG_MISSING_PRCP,False,True,False,False,False,False
72584693201,12/14/2019,39.32,-120.13944,1798.3,TRUCKEE AIRPORT - CA US,33.8,29.2,9999.9,816.3,9.0,5.5,19.0,31.1,39.9,28.0,99.99,999.9,FLAG_MISSING_SLP | FLAG_MISSING_PRCP,False,True,True,False,False,False
72584693201,12/15/2019,39.32,-120.13944,1798.3,TRUCKEE AIRPORT - CA US,27.5,22.1,9999.9,815.6,8.4,2.7,8.9,999.9,37.0,17.1,99.99,3.1,FLAG_MISSING_SLP | FLAG_MISSING_PRCP,False,False,True,False,False,False
72584693201,12/16/2019,39.32,-120.13944,1798.3,TRUCKEE AIRPORT - CA US,18.5,13.4,9999.9,824.7,8.3,0.8,5.1,999.9,35.1,8.1,0.0,2.0,FLAG_MISSING_SLP,True,False,False,False,False,False
72584693201,12/17/2019,39.32,-120.13944,1798.3,TRUCKEE AIRPORT - CA US,16.2,11.8,9999.9,825.9,10.0,0.0,5.1,999.9,37.4,5.0,0.0,2.0,FLAG_MISSING_SLP,False,False,False,False,False,False
72584693201,12/18/2019,39.32,-120.13944,1798.3,TRUCKEE AIRPORT - CA US,22.1,15.8,9999.9,818.4,10.0,2.3,13.0,18.1,37.4,10.4,0.0,1.2,FLAG_MISSING_SLP,False,False,False,False,False,False
72584693201,12/19/2019,39.32,-120.13944,1798.3,TRUCKEE AIRPORT - CA US,31.9,24.4,9999.9,820.0,10.0,3.0,8.9,14.0,44.6,24.8,0.0,999.9,FLAG_MISSING_SLP,False,False,False,False,False,False
72584693201,12/20/2019,39.32,-120.13944,1798.3,TRUCKEE AIRPORT - CA US,32.4,24.6,9999.9,824.6,7.8,3.9,17.1,22.9,53.6,19.4,0.0,999.9,FLAG_MISSING_SLP,True,False,False,False,False,False
72584693201,12/21/2019,39.32,-120.13944,1798.3,TRUCKEE AIRPORT - CA US,45.0,17.7,9999.9,821.0,10.0,9.3,22.0,32.1,51.8,37.4,0.0,999.9,FLAG_MISSING_SLP,False,False,False,False,False,False
72584693201,12/22/2019,39.32,-120.13944,1798.3,TRUCKEE AIRPORT - CA US,43.0,13.5,9999.9,811.7,9.2,16.3,28.0,35.0,48.2,33.8,99.99,999.9,FLAG_MISSING_SLP | FLAG_MISSING_PRCP,False,False,True,False,False,False
72584693201,12/23/2019,39.32,-120.13944,1798.3,TRUCKEE AIRPORT - CA US,30.8,30.1,9999.9,812.1,4.0,1.0,8.9,999.9,33.8,26.6,99.99,1.2,FLAG_MISSING_SLP | FLAG_MISSING_PRCP,True,True,True,False,False,False
72584693201,12/24/2019,39.32,-120.13944,1798.3,TRUCKEE AIRPORT - CA US,26.7,23.5,9999.9,811.1,7.3,1.4,8.9,999.9,32.0,12.2,99.99,2.0,FLAG_MISSING_SLP | FLAG_MISSING_PRCP,True,False,True,False,False,False
72584693201,12/25/2019,39.32,-120.13944,1798.3,TRUCKEE AIRPORT - CA US,22.5,20.2,9999.9,810.6,10.0,0.0,2.9,999.9,28.4,19.4,0.0,1.2,FLAG_MISSING_SLP,False,False,False,False,False,False
72584693201,12/26/2019,39.32,-120.13944,1798.3,TRUCKEE AIRPORT - CA US,21.4,17.6,9999.9,813.2,9.9,0.9,6.0,999.9,34.0,7.0,99.99,999.9,FLAG_MISSING_SLP | FLAG_MISSING_PRCP,False,False,True,False,False,False
72584693201,12/27/2019,39.32,-120.13944,1798.3,TRUCKEE AIRPORT - CA US,18.9,11.6,9999.9,817.8,10.0,0.9,6.0,999.9,35.6,3.9,0.0,999.9,FLAG_MISSING_SLP,False,False,False,False,False,False
72584693201,12/28/2019,39.32,-120.13944,1798.3,TRUCKEE AIRPORT - CA US,18.9,12.8,9999.9,821.4,10.0,0.4,4.1,999.9,39.2,5.0,0.0,999.9,FLAG_MISSING_SLP,False,False,False,False,False,False
72584693201,12/29/2019,39.32,-120.13944,1798.3,TRUCKEE AIRPORT - CA US,27.5,22.9,9999.9,820.8,10.0,1.5,8.0,14.0,42.8,17.6,0.0,999.9,FLAG_MISSING_SLP,False,False,False,False,False,False
72584693201,12/30/2019,39.32,-120.13944,1798.3,TRUCKEE AIRPORT - CA US,33.0,29.1,9999.9,819.7,8.0,1.2,7.0,999.9,43.0,24.1,99.99,999.9,FLAG_MISSING_SLP | FLAG_MISSING_PRCP,False,True,True,False,False,False
72584693201,12/31/2019,39.32,-120.13944,1798.3,TRUCKEE AIRPORT - CA US,28.2,23.6,9999.9,824.1,10.0,1.7,8.9,999.9,44.6,19.4,0.0,999.9,FLAG_MISSING_SLP,False,False,False,False,False,False
72584693201,1/1/2020,39.32,-120.13944,1798.3,TRUCKEE AIRPORT - CA US,33.3,28.4,9999.9,821.6,10.0,2.9,8.9,15.9,46.4,26.6,0.0,999.9,FLAG_MISSING_SLP,False,False,False,False,False,False
72584693201,1/2/2020,39.32,-120.13944,1798.3,TRUCKEE AIRPORT - CA US,29.7,24.1,9999.9,820.9,10.0,1.2,6.0,999.9,46.4,19.0,0.0,999.9,FLAG_MISSING_SLP,False,False,False,False,False,False
72584693201,1/3/2020,39.32,-120.13944,1798.3,TRUCKEE AIRPORT - CA US,32.2,24.5,9999.9,825.7,10.0,0.9,8.9,15.0,57.2,19.9,0.0,999.9,FLAG_MISSING_SLP,False,False,False,False,False,False
72584693201,1/4/2020,39.32,-120.13944,1798.3,TRUCKEE AIRPORT - CA US,42.7,23.1,9999.9,825.1,9.7,11.7,22.9,34.0,57.0,19.9,99.99,999.9,FLAG_MISSING_SLP | FLAG_MISSING_PRCP,False,False,True,False,False,False
72584693201,1/5/2020,39.32,-120.13944,1798.3,TRUCKEE AIRPORT - CA US,33.4,22.9,9999.9,828.1,10.0,4.6,14.0,18.1,39.2,24.8,99.99,999.9,FLAG_MISSING_SLP | FLAG_MISSING_PRCP,False,False,True,False,False,False
72584693201,1/6/2020,39.32,-120.13944,1798.3,TRUCKEE AIRPORT - CA US,24.6,17.2,9999.9,831.6,10.0,0.9,4.1,999.9,48.2,12.2,0.0,999.9,FLAG_MISSING_SLP,False,False,False,False,False,False
72584693201,1/7/2020,39.32,-120.13944,1798.3,TRUCKEE AIRPORT - CA US,28.4,20.3,9999.9,826.5,10.0,2.1,17.1,22.9,51.8,15.8,0.0,999.9,FLAG_MISSING_SLP,False,False,False,False,False,False
72584693201,1/8/2020,39.32,-120.13944,1798.3,TRUCKEE AIRPORT - CA US,30.0,20.5,9999.9,817.4,8.3,4.1,15.0,22.0,51.1,17.1,99.99,1.2,FLAG_MISSING_SLP | FLAG_MISSING_PRCP,False,False,True,False,False,False
72584693201,1/9/2020,39.32,-120.13944,1798.3,TRUCKEE AIRPORT - CA US,29.7,22.5,9999.9,815.5,8.9,3.7,15.9,21.0,37.0,16.0,99.99,999.9,FLAG_MISSING_SLP | FLAG_MISSING_PRCP,False,False,True,False,False,False
72584693201,1/10/2020,39.32,-120.13944,1798.3,TRUCKEE AIRPORT - CA US,19.3,12.6,9999.9,822.8,10.0,1.9,8.0,999.9,46.4,6.8,0.0,999.9,FLAG_MISSING_SLP,False,False,False,False,False,False
72584693201,1/11/2020,39.32,-120.13944,1798.3,TRUCKEE AIRPORT - CA US,33.1,24.5,9999.9,820.4,9.7,7.4,15.0,22.0,41.0,28.4,99.99,999.9,FLAG_MISSING_SLP | FLAG_MISSING_PRCP,False,False,True,False,False,False
72584693201,1/12/2020,39.32,-120.13944,1798.3,TRUCKEE AIRPORT - CA US,27.6,18.6,9999.9,819.1,10.0,3.2,12.0,15.9,33.8,15.8,0.0,999.9,FLAG_MISSING_SLP,False,False,False,False,False,False
72584693201,1/13/2020,39.32,-120.13944,1798.3,TRUCKEE AIRPORT - CA US,30.7,19.2,9999.9,817.1,10.0,5.4,17.1,22.9,41.0,21.2,0.0,999.9,FLAG_MISSING_SLP,False,False,False,False,False,False
72584693201,1/14/2020,39.32,-120.13944,1798.3,TRUCKEE AIRPORT - CA US,30.9,23.3,9999.9,816.3,6.5,11.0,22.0,34.0,43.0,25.0,99.99,1.2,FLAG_MISSING_SLP | FLAG_MISSING_PRCP,False,False,True,False,False,False
72584693201,1/15/2020,39.32,-120.13944,1798.3,TRUCKEE AIRPORT - CA US,15.8,8.7,9999.9,817.7,10.0,1.5,14.0,21.0,41.0,-0.4,0.0,1.2,FLAG_MISSING_SLP,False,False,False,False,False,False
72584693201,1/16/2020,39.32,-120.13944,1798.3,TRUCKEE AIRPORT - CA US,35.9,11.1,9999.9,810.4,8.8,18.8,29.9,42.0,37.4,28.4,99.99,999.9,FLAG_MISSING_SLP | FLAG_MISSING_PRCP,False,False,True,False,False,False
72584693201,1/17/2020,39.32,-120.13944,1798.3,TRUCKEE AIRPORT - CA US,23.7,19.1,9999.9,816.4,5.8,2.1,8.9,999.9,37.0,5.0,99.99,11.0,FLAG_MISSING_SLP | FLAG_MISSING_PRCP,False,False,True,False,False,False
72584693201,1/18/2020,39.32,-120.13944,1798.3,TRUCKEE AIRPORT - CA US,24.8,20.1,9999.9,825.0,9.1,1.0,6.0,999.9,37.4,12.2,0.0,11.0,FLAG_MISSING_SLP,True,False,False,False,False,False
72584693201,1/19/2020,39.32,-120.13944,1798.3,TRUCKEE AIRPORT - CA US,29.0,25.5,9999.9,826.5,5.3,0.2,2.9,999.9,42.1,10.9,0.0,9.8,FLAG_MISSING_SLP,True,False,False,False,False,False
72584693201,1/20/2020,39.32,-120.13944,1798.3,TRUCKEE AIRPORT - CA US,27.9,26.5,9999.9,821.4,10.0,1.5,8.0,19.0,41.0,17.1,0.0,7.1,FLAG_MISSING_SLP,False,False,False,False,False,False
72584693201,1/21/2020,39.32,-120.13944,1798.3,TRUCKEE AIRPORT - CA US,35.4,26.9,9999.9,818.2,9.9,8.1,19.0,24.1,39.2,24.8,0.0,3.9,FLAG_MISSING_SLP,False,False,False,False,False,False
72584693201,1/22/2020,39.32,-120.13944,1798.3,TRUCKEE AIRPORT - CA US,37.1,31.3,9999.9,821.8,10.0,3.5,12.0,19.0,46.4,32.0,99.99,3.1,FLAG_MISSING_SLP | FLAG_MISSING_PRCP,False,True,True,False,False,False
72584693201,1/23/2020,39.32,-120.13944,1798.3,TRUCKEE AIRPORT - CA US,29.7,26.8,9999.9,825.6,5.4,0.2,5.1,999.9,50.0,21.9,0.0,2.0,FLAG_MISSING_SLP,True,False,False,False,False,False
72584693201,1/24/2020,39.32,-120.13944,1798.3,TRUCKEE AIRPORT - CA US,39.2,32.8,9999.9,821.9,9.7,4.8,12.0,17.1,44.6,33.8,99.99,1.2,FLAG_MISSING_SLP | FLAG_MISSING_PRCP,False,True,False,False,False,False
72584693201,1/25/2020,39.32,-120.13944,1798.3,TRUCKEE AIRPORT - CA US,37.5,30.3,9999.9,822.5,10.0,1.2,6.0,999.9,55.4,26.6,0.0,999.9,FLAG_MISSING_SLP,False,False,False,False,False,False
72584693201,1/26/2020,39.32,-120.13944,1798.3,TRUCKEE AIRPORT - CA US,39.3,34.6,9999.9,820.8,9.8,4.6,13.0,18.1,55.9,27.0,99.99,999.9,FLAG_MISSING_SLP | FLAG_MISSING_PRCP,False,True,False,False,False,False
72584693201,1/27/2020,39.32,-120.13944,1798.3,TRUCKEE AIRPORT - CA US,34.1,29.6,9999.9,825.8,10.0,2.5,8.0,999.9,46.9,27.0,0.0,999.9,FLAG_MISSING_SLP,False,False,False,False,False,False
72584693201,1/28/2020,39.32,-120.13944,1798.3,TRUCKEE AIRPORT - CA US,34.2,25.3,9999.9,825.5,10.0,3.9,13.0,22.0,43.0,25.0,0.0,999.9,FLAG_MISSING_SLP,False,False,False,False,False,False
72584693201,1/29/2020,39.32,-120.13944,1798.3,TRUCKEE AIRPORT - CA US,27.4,20.5,9999.9,825.4,10.0,0.8,7.0,999.9,44.6,15.8,0.0,999.9,FLAG_MISSING_SLP,True,False,False,False,False,False
72584693201,1/30/2020,39.32,-120.13944,1798.3,TRUCKEE AIRPORT - CA US,34.9,27.5,9999.9,825.2,10.0,0.7,4.1,999.9,50.0,28.4,99.99,999.9,FLAG_MISSING_SLP | FLAG_MISSING_PRCP,False,True,True,False,False,False
72584693201,1/31/2020,39.32,-120.13944,1798.3,TRUCKEE AIRPORT - CA US,33.6,28.7,9999.9,829.2,5.9,0.6,5.1,999.9,60.8,23.0,0.0,999.9,FLAG_MISSING_SLP,True,False,False,False,False,False
72584693201,2/1/2020,39.32,-120.13944,1798.3,TRUCKEE AIRPORT - CA US,30.3,25.2,9999.9,831.1,10.0,0.6,9.9,15.0,57.2,17.6,0.0,999.9,FLAG_MISSING_SLP,True,False,False,False,False,False
72584693201,2/2/2020,39.32,-120.13944,1798.3,TRUCKEE AIRPORT - CA US,34.0,18.5,9999.9,820.2,9.6,5.2,21.0,29.9,55.4,26.6,99.99,999.9,FLAG_MISSING_SLP | FLAG_MISSING_PRCP,False,False,True,False,False,False
72584693201,2/3/2020,39.32,-120.13944,1798.3,TRUCKEE AIRPORT - CA US,15.6,9.1,9999.9,816.4,9.6,3.1,20.0,26.0,26.6,3.2,99.99,1.2,FLAG_MISSING_SLP | FLAG_MISSING_PRCP,False,False,True,False,False,False
72584693201,2/4/2020,39.32,-120.13944,1798.3,TRUCKEE AIRPORT - CA US,14.6,0.0,9999.9,821.2,10.0,3.4,12.0,18.1,30.2,3.2,0.0,999.9,FLAG_MISSING_SLP,False,False,False,False,False,False
72584693201,2/5/2020,39.32,-120.13944,1798.3,TRUCKEE AIRPORT - CA US,26.6,14.5,9999.9,824.5,10.0,2.0,8.9,17.1,46.4,12.2,0.0,999.9,FLAG_MISSING_SLP,False,False,False,False,False,False
72584693201,2/6/2020,39.32,-120.13944,1798.3,TRUCKEE AIRPORT - CA US,31.8,25.7,9999.9,824.8,7.4,1.0,9.9,15.0,53.6,21.0,0.0,999.9,FLAG_MISSING_SLP,True,False,False,False,False,False
72584693201,2/7/2020,39.32,-120.13944,1798.3,TRUCKEE AIRPORT - CA US,32.3,17.8,9999.9,824.0,10.0,0.7,5.1,999.9,57.2,17.6,0.0,999.9,FLAG_MISSING_SLP,False,False,False,False,False,False
72584693201,2/8/2020,39.32,-120.13944,1798.3,TRUCKEE AIRPORT - CA US,34.4,19.8,9999.9,820.3,10.0,4.1,15.9,20.0,57.9,16.0,0.0,999.9,FLAG_MISSING_SLP,False,False,False,False,False,False
72584693201,2/9/2020,39.32,-120.13944,1798.3,TRUCKEE AIRPORT - CA US,30.0,16.0,9999.9,818.3,10.0,12.7,24.1,29.9,53.1,19.9,0.0,999.9,FLAG_MISSING_SLP,False,False,False,False,False,False
72584693201,2/10/2020,39.32,-120.13944,1798.3,TRUCKEE AIRPORT - CA US,28.0,11.7,9999.9,822.4,10.0,5.6,18.1,28.0,48.2,12.2,0.0,999.9,FLAG_MISSING_SLP,False,False,False,False,False,False
72584693201,2/11/2020,39.32,-120.13944,1798.3,TRUCKEE AIRPORT - CA US,30.0,13.8,9999.9,824.0,10.0,2.9,12.0,15.0,50.0,14.9,0.0,999.9,FLAG_MISSING_SLP,False,False,False,False,False,False
72584693201,2/12/2020,39.32,-120.13944,1798.3,TRUCKEE AIRPORT - CA US,30.8,16.0,9999.9,821.9,10.0,2.4,9.9,15.0,51.8,14.9,0.0,999.9,FLAG_MISSING_SLP,False,False,False,False,False,False
72584693201,2/13/2020,39.32,-120.13944,1798.3,TRUCKEE AIRPORT - CA US,30.0,16.1,9999.9,820.6,10.0,1.7,8.9,999.9,55.4,12.2,0.0,999.9,FLAG_MISSING_SLP,False,False,False,False,False,False
72584693201,2/14/2020,39.32,-120.13944,1798.3,TRUCKEE AIRPORT - CA US,32.2,20.0,9999.9,819.9,10.0,2.8,9.9,999.9,55.9,12.9,0.0,999.9,FLAG_MISSING_SLP,False,False,False,False,False,False
72584693201,2/15/2020,39.32,-120.13944,1798.3,TRUCKEE AIRPORT - CA US,33.9,21.2,9999.9,822.5,10.0,2.8,13.0,15.9,55.0,16.0,0.0,999.9,FLAG_MISSING_SLP,False,False,False,False,False,False
72584693201,2/16/2020,39.32,-120.13944,1798.3,TRUCKEE AIRPORT - CA US,40.6,26.4,9999.9,822.7,10.0,4.9,9.9,15.0,54.0,19.9,0.0,999.9,FLAG_MISSING_SLP,False,False,False,False,False,False
72584693201,2/17/2020,39.32,-120.13944,1798.3,TRUCKEE AIRPORT - CA US,33.6,20.4,9999.9,822.5,7.1,1.8,9.9,15.0,48.2,19.4,0.0,999.9,FLAG_MISSING_SLP,True,False,False,False,False,False
72584693201,2/18/2020,39.32,-120.13944,1798.3,TRUCKEE AIRPORT - CA US,29.2,11.3,9999.9,820.3,10.0,1.7,8.9,14.0,51.8,15.8,0.0,999.9,FLAG_MISSING_SLP,False,False,False,False,False,False
72584693201,2/19/2020,39.32,-120.13944,1798.3,TRUCKEE AIRPORT - CA US,30.8,17.0,9999.9,820.6,10.0,2.5,8.0,999.9,53.1,15.1,0.0,999.9,FLAG_MISSING_SLP,False,False,False,False,False,False
72584693201,2/20/2020,39.32,-120.13944,1798.3,TRUCKEE AIRPORT - CA US,31.0,14.3,9999.9,822.9,10.0,1.8,9.9,15.9,53.6,17.1,0.0,999.9,FLAG_MISSING_SLP,False,False,False,False,False,False
72584693201,2/21/2020,39.32,-120.13944,1798.3,TRUCKEE AIRPORT - CA US,32.8,18.4,9999.9,823.0,10.0,1.7,9.9,999.9,55.0,17.1,0.0,999.9,FLAG_MISSING_SLP,False,False,False,False,False,False
72584693201,2/22/2020,39.32,-120.13944,1798.3,TRUCKEE AIRPORT - CA US,35.2,19.1,9999.9,819.9,10.0,1.8,9.9,15.9,57.9,19.9,0.0,999.9,FLAG_MISSING_SLP,False,False,False,False,False,False
72584693201,2/23/2020,39.32,-120.13944,1798.3,TRUCKEE AIRPORT - CA US,34.0,20.0,9999.9,822.8,10.0,3.6,12.0,18.1,54.0,17.1,0.0,999.9,FLAG_MISSING_SLP,False,False,False,False,False,False
72584693201,2/24/2020,39.32,-120.13944,1798.3,TRUCKEE AIRPORT - CA US,32.7,18.1,9999.9,828.6,10.0,2.9,12.0,15.9,55.0,15.1,0.0,999.9,FLAG_MISSING_SLP,False,False,False,False,False,False
72584693201,2/25/2020,39.32,-120.13944,1798.3,TRUCKEE AIRPORT - CA US,29.0,12.3,9999.9,829.6,10.0,1.4,7.0,999.9,55.4,12.2,0.0,999.9,FLAG_MISSING_SLP,False,False,False,False,False,False
72584693201,2/26/2020,39.32,-120.13944,1798.3,TRUCKEE AIRPORT - CA US,36.6,17.5,9999.9,830.2,10.0,2.5,11.1,15.0,60.8,19.4,0.0,999.9,FLAG_MISSING_SLP,False,False,False,False,False,False
72584693201,2/27/2020,39.32,-120.13944,1798.3,TRUCKEE AIRPORT - CA US,36.1,21.7,9999.9,828.9,9.3,1.8,8.9,999.9,63.0,17.1,0.0,999.9,FLAG_MISSING_SLP,True,False,False,False,False,False
72584693201,2/28/2020,39.32,-120.13944,1798.3,TRUCKEE AIRPORT - CA US,37.4,20.1,9999.9,826.2,10.0,3.5,14.0,20.0,63.0,18.0,0.0,999.9,FLAG_MISSING_SLP,False,False,False,False,False,False
72584693201,2/29/2020,39.32,-120.13944,1798.3,TRUCKEE AIRPORT - CA US,42.9,22.1,9999.9,819.6,10.0,9.6,20.0,29.9,53.6,33.8,0.0,999.9,FLAG_MISSING_SLP,False,False,False,False,False,False
72584693201,3/1/2020,39.32,-120.13944,1798.3,TRUCKEE AIRPORT - CA US,30.0,19.0,9999.9,815.1,5.9,8.1,15.9,26.0,42.8,23.0,99.99,5.9,FLAG_MISSING_SLP | FLAG_MISSING_PRCP,False,False,True,False,False,False
72584693201,3/2/2020,39.32,-120.13944,1798.3,TRUCKEE AIRPORT - CA US,21.9,9.2,9999.9,820.4,10.0,5.7,15.0,22.0,39.2,5.0,0.0,2.0,FLAG_MISSING_SLP,False,False,False,False,False,False
72584693201,3/3/2020,39.32,-120.13944,1798.3,TRUCKEE AIRPORT - CA US,33.5,22.9,9999.9,823.3,10.0,3.1,15.0,19.0,55.4,17.6,0.0,999.9,FLAG_MISSING_SLP,False,False,False,False,False,False
72584693201,3/4/2020,39.32,-120.13944,1798.3,TRUCKEE AIRPORT - CA US,37.2,24.3,9999.9,823.7,9.9,1.4,8.0,999.9,62.6,19.4,0.0,999.9,FLAG_MISSING_SLP,False,False,False,False,False,False
72584693201,3/5/2020,39.32,-120.13944,1798.3,TRUCKEE AIRPORT - CA US,40.0,25.9,9999.9,824.0,9.8,3.1,12.0,20.0,64.9,19.0,0.0,999.9,FLAG_MISSING_SLP,False,False,False,False,False,False
72584693201,3/6/2020,39.32,-120.13944,1798.3,TRUCKEE AIRPORT - CA US,47.8,23.5,9999.9,819.6,10.0,9.1,22.9,28.9,63.0,21.0,0.0,999.9,FLAG_MISSING_SLP,False,False,False,False,False,False
72584693201,3/7/2020,39.32,-120.13944,1798.3,TRUCKEE AIRPORT - CA US,40.9,25.2,9999.9,812.7,8.5,14.0,22.9,33.0,53.6,33.8,99.99,999.9,FLAG_MISSING_SLP | FLAG_MISSING_PRCP,False,False,True,False,False,False
72584693201,3/8/2020,39.32,-120.13944,1798.3,TRUCKEE AIRPORT - CA US,35.0,26.5,9999.9,814.2,9.6,4.2,14.0,19.0,44.6,30.2,99.99,999.9,FLAG_MISSING_SLP | FLAG_MISSING_PRCP,False,False,True,False,False,False
72584693201,3/9/2020,39.32,-120.13944,1798.3,TRUCKEE AIRPORT - CA US,35.8,25.5,9999.9,818.2,9.9,4.2,12.0,18.1,48.2,26.6,99.99,999.9,FLAG_MISSING_SLP | FLAG_MISSING_PRCP,False,False,True,False,False,False
72584693201,3/10/2020,39.32,-120.13944,1798.3,TRUCKEE AIRPORT - CA US,37.5,26.8,9999.9,821.2,10.0,2.8,15.0,21.0,54.0,21.0,0.0,999.9,FLAG_MISSING_SLP,False,False,False,False,False,False
72584693201,3/11/2020,39.32,-120.13944,1798.3,TRUCKEE AIRPORT - CA US,37.8,25.2,9999.9,820.2,10.0,1.3,8.9,999.9,55.4,23.0,0.0,999.9,FLAG_MISSING_SLP,False,False,False,False,False,False
72584693201,3/12/2020,39.32,-120.13944,1798.3,TRUCKEE AIRPORT - CA US,36.0,28.0,9999.9,819.3,7.2,2.1,9.9,19.0,60.1,21.0,0.0,999.9,FLAG_MISSING_SLP,True,False,False,False,False,False
72584693201,3/13/2020,39.32,-120.13944,1798.3,TRUCKEE AIRPORT - CA US,37.5,18.6,9999.9,812.4,10.0,5.1,22.0,31.1,55.4,17.6,0.0,999.9,FLAG_MISSING_SLP,False,False,False,False,False,False
72584693201,3/14/2020,39.32,-120.13944,1798.3,TRUCKEE AIRPORT - CA US,35.0,29.6,9999.9,810.5,4.8,14.2,26.0,36.9,57.9,19.9,99.99,1.2,FLAG_MISSING_SLP | FLAG_MISSING_PRCP,False,True,True,False,False,False
72584693201,3/15/2020,39.32,-120.13944,1798.3,TRUCKEE AIRPORT - CA US,29.7,28.3,9999.9,811.0,0.9,7.1,18.1,28.0,34.0,26.1,99.99,26.0,FLAG_MISSING_SLP | FLAG_MISSING_PRCP,False,False,True,False,False,False
72584693201,3/16/2020,39.32,-120.13944,1798.3,TRUCKEE AIRPORT - CA US,27.8,26.7,9999.9,812.3,2.0,2.9,8.0,999.9,34.0,24.1,99.99,26.0,FLAG_MISSING_SLP | FLAG_MISSING_PRCP,False,False,True,False,False,False
72584693201,3/17/2020,39.32,-120.13944,1798.3,TRUCKEE AIRPORT - CA US,27.2,25.4,9999.9,810.6,3.7,1.4,6.0,999.9,34.0,21.0,99.99,29.1,FLAG_MISSING_SLP | FLAG_MISSING_PRCP,False,False,True,False,False,False
72584693201,3/18/2020,39.32,-120.13944,1798.3,TRUCKEE AIRPORT - CA US,25.6,21.5,9999.9,811.1,7.3,0.9,8.0,999.9,33.1,19.9,99.99,25.2,FLAG_MISSING_SLP | FLAG_MISSING_PRCP,False,False,True,False,False,False
72584693201,3/19/2020,39.32,-120.13944,1798.3,TRUCKEE AIRPORT - CA US,27.1,20.8,9999.9,813.4,9.1,1.9,7.0,999.9,35.6,17.6,99.99,25.2,FLAG_MISSING_SLP | FLAG_MISSING_PRCP,True,False,True,False,False,False
72584693201,3/20/2020,39.32,-120.13944,1798.3,TRUCKEE AIRPORT - CA US,26.3,20.5,9999.9,820.8,7.8,2.0,8.0,999.9,37.4,14.0,0.0,22.8,FLAG_MISSING_SLP,True,False,False,False,False,False
72584693201,3/21/2020,39.32,-120.13944,1798.3,TRUCKEE AIRPORT - CA US,27.0,21.9,9999.9,821.7,6.2,1.3,11.1,999.9,42.8,14.0,99.99,16.1,FLAG_MISSING_SLP | FLAG_MISSING_PRCP,True,False,True,False,False,False
72584693201,3/22/2020,39.32,-120.13944,1798.3,TRUCKEE AIRPORT - CA US,27.2,22.7,9999.9,821.1,4.8,0.7,6.0,999.9,50.0,14.0,0.0,9.8,FLAG_MISSING_SLP,True,False,False,False,False,False
72584693201,3/23/2020,39.32,-120.13944,1798.3,TRUCKEE AIRPORT - CA US,27.7,24.7,9999.9,817.7,6.5,2.8,11.1,15.9,50.0,18.0,99.99,9.8,FLAG_MISSING_SLP | FLAG_MISSING_PRCP,True,True,True,False,False,False
72584693201,3/24/2020,39.32,-120.13944,1798.3,TRUCKEE AIRPORT - CA US,33.7,27.1,9999.9,817.8,9.2,8.3,17.1,25.1,42.1,21.0,99.99,999.9,FLAG_MISSING_SLP | FLAG_MISSING_PRCP,False,False,True,False,False,False
72584693201,3/25/2020,39.32,-120.13944,1798.3,TRUCKEE AIRPORT - CA US,27.4,22.4,9999.9,815.0,5.5,5.8,14.0,25.1,32.0,12.0,99.99,11.8,FLAG_MISSING_SLP | FLAG_MISSING_PRCP,False,False,True,False,False,False
72584693201,3/26/2020,39.32,-120.13944,1798.3,TRUCKEE AIRPORT - CA US,20.9,16.0,9999.9,814.2,8.7,1.5,7.0,999.9,39.0,12.0,99.99,7.9,FLAG_MISSING_SLP | FLAG_MISSING_PRCP,False,False,True,False,False,False
72584693201,3/27/2020,39.32,-120.13944,1798.3,TRUCKEE AIRPORT - CA US,19.7,12.7,9999.9,816.8,10.0,3.2,14.0,17.1,39.9,6.1,99.99,7.1,FLAG_MISSING_SLP | FLAG_MISSING_PRCP,False,False,True,False,False,False
72584693201,3/28/2020,39.32,-120.13944,1798.3,TRUCKEE AIRPORT - CA US,27.8,20.7,9999.9,820.3,10.0,2.1,8.0,999.9,39.9,7.0,0.0,7.1,FLAG_MISSING_SLP,False,False,False,False,False,False
72584693201,3/29/2020,39.32,-120.13944,1798.3,TRUCKEE AIRPORT - CA US,33.4,28.3,9999.9,818.3,8.5,3.3,11.1,14.0,41.0,18.0,99.99,5.9,FLAG_MISSING_SLP | FLAG_MISSING_PRCP,False,False,True,False,False,False
72584693201,3/30/2020,39.32,-120.13944,1798.3,TRUCKEE AIRPORT - CA US,33.0,27.7,9999.9,821.3,10.0,4.2,13.0,17.1,44.1,27.0,0.0,5.1,FLAG_MISSING_SLP,False,False,False,False,False,False
72584693201,3/31/2020,39.32,-120.13944,1798.3,TRUCKEE AIRPORT - CA US,36.8,31.1,9999.9,823.8,10.0,7.3,13.0,17.1,46.0,33.1,99.99,3.9,FLAG_MISSING_SLP | FLAG_MISSING_PRCP,False,True,False,False,False,False
72584693201,4/1/2020,39.32,-120.13944,1798.3,TRUCKEE AIRPORT - CA US,38.2,29.1,9999.9,815.2,10.0,10.0,15.9,22.9,50.0,32.0,0.0,999.9,FLAG_SPARSE_STP_OBSERVATIONS | FLAG_MISSING_SLP,False,False,False,False,False,False
72584693201,4/2/2020,39.32,-120.13944,1798.3,TRUCKEE AIRPORT - CA US,29.2,16.5,9999.9,816.9,10.0,2.5,12.0,17.1,46.4,14.9,0.0,999.9,FLAG_MISSING_SLP,False,False,False,False,False,False
72584693201,4/3/2020,39.32,-120.13944,1798.3,TRUCKEE AIRPORT - CA US,32.9,15.0,9999.9,817.4,10.0,4.4,13.0,19.0,48.9,12.9,0.0,999.9,FLAG_MISSING_SLP,False,False,False,False,False,False
72584693201,4/4/2020,39.32,-120.13944,1798.3,TRUCKEE AIRPORT - CA US,31.5,22.6,9999.9,813.7,9.3,5.1,18.1,24.1,48.9,18.0,99.99,999.9,FLAG_MISSING_SLP | FLAG_MISSING_PRCP,False,False,True,False,False,False
72584693201,4/5/2020,39.32,-120.13944,1798.3,TRUCKEE AIRPORT - CA US,34.3,31.0,9999.9,807.4,7.8,8.9,17.1,25.1,43.0,23.0,99.99,2.0,FLAG_MISSING_SLP | FLAG_MISSING_PRCP,False,True,True,False,False,False
72584693201,4/6/2020,39.32,-120.13944,1798.3,TRUCKEE AIRPORT - CA US,29.4,27.0,9999.9,807.7,4.4,1.8,6.0,999.9,37.0,19.0,99.99,5.9,FLAG_MISSING_SLP | FLAG_MISSING_PRCP,True,False,True,False,False,False
72584693201,4/7/2020,39.32,-120.13944,1798.3,TRUCKEE AIRPORT - CA US,32.2,30.1,9999.9,816.3,5.2,0.4,4.1,999.9,46.4,28.4,99.99,2.0,FLAG_MISSING_SLP | FLAG_MISSING_PRCP,True,True,True,False,True,False
72584693201,4/8/2020,39.32,-120.13944,1798.3,TRUCKEE AIRPORT - CA US,34.4,29.2,9999.9,818.6,10.0,3.2,17.1,22.0,51.8,28.4,0.0,999.9,FLAG_MISSING_SLP,False,False,False,False,False,False
72584693201,4/9/2020,39.32,-120.13944,1798.3,TRUCKEE AIRPORT - CA US,41.5,28.8,9999.9,817.3,10.0,4.3,12.0,18.1,57.9,28.9,0.0,999.9,FLAG_MISSING_SLP,False,False,False,False,False,False
72584693201,4/10/2020,39.32,-120.13944,1798.3,TRUCKEE AIRPORT - CA US,37.0,31.6,9999.9,819.1,10.0,2.9,12.0,999.9,52.0,28.0,99.99,999.9,FLAG_MISSING_SLP | FLAG_MISSING_PRCP,False,True,False,False,False,False
72584693201,4/11/2020,39.32,-120.13944,1798.3,TRUCKEE AIRPORT - CA US,41.4,29.3,9999.9,818.6,10.0,4.4,13.0,21.0,62.6,26.1,0.0,999.9,FLAG_MISSING_SLP,False,False,False,False,False,False
72584693201,4/12/2020,39.32,-120.13944,1798.3,TRUCKEE AIRPORT - CA US,42.9,32.4,9999.9,818.6,10.0,3.5,14.0,21.0,64.9,26.1,0.0,999.9,FLAG_MISSING_SLP,False,False,False,False,False,False
72584693201,4/13/2020,39.32,-120.13944,1798.3,TRUCKEE AIRPORT - CA US,34.4,22.3,9999.9,820.4,7.9,2.5,8.9,999.9,53.6,21.2,0.0,999.9,FLAG_MISSING_SLP,True,False,False,False,False,False
72584693201,4/14/2020,39.32,-120.13944,1798.3,TRUCKEE AIRPORT - CA US,30.8,13.2,9999.9,825.5,10.0,3.3,12.0,17.1,53.6,15.8,0.0,999.9,FLAG_MISSING_SLP,False,False,False,False,False,False
72584693201,4/15/2020,39.32,-120.13944,1798.3,TRUCKEE AIRPORT - CA US,34.1,21.3,9999.9,825.1,10.0,1.9,8.9,14.0,59.0,18.0,0.0,999.9,FLAG_MISSING_SLP,False,False,False,False,False,False
72584693201,4/16/2020,39.32,-120.13944,1798.3,TRUCKEE AIRPORT - CA US,41.2,28.0,9999.9,818.9,10.0,3.1,13.0,19.0,57.2,23.0,0.0,999.9,FLAG_MISSING_SLP,False,False,False,False,False,False
72584693201,4/17/2020,39.32,-120.13944,1798.3,TRUCKEE AIRPORT - CA US,39.4,24.5,9999.9,817.7,10.0,3.1,12.0,15.9,60.1,24.1,0.0,999.9,FLAG_MISSING_SLP,False,False,False,False,False,False
72584693201,4/18/2020,39.32,-120.13944,1798.3,TRUCKEE AIRPORT - CA US,39.6,34.4,9999.9,818.2,6.3,3.4,15.0,20.0,60.1,25.0,99.99,999.9,FLAG_MISSING_SLP | FLAG_MISSING_PRCP,True,True,False,False,True,False
72584693201,4/19/2020,39.32,-120.13944,1798.3,TRUCKEE AIRPORT - CA US,36.0,30.7,9999.9,819.1,10.0,2.5,9.9,18.1,50.0,26.6,0.0,999.9,FLAG_MISSING_SLP,False,False,False,False,False,False
72584693201,4/20/2020,39.32,-120.13944,1798.3,TRUCKEE AIRPORT - CA US,33.4,27.1,9999.9,819.7,8.7,1.9,8.0,999.9,51.8,24.8,0.0,999.9,FLAG_MISSING_SLP,True,False,False,False,False,False
72584693201,4/21/2020,39.32,-120.13944,1798.3,TRUCKEE AIRPORT - CA US,32.0,29.7,9999.9,821.9,7.3,1.6,9.9,999.9,44.6,15.8,0.0,999.9,FLAG_MISSING_SLP,True,False,False,False,False,False
72584693201,4/22/2020,39.32,-120.13944,1798.3,TRUCKEE AIRPORT - CA US,38.1,33.1,9999.9,826.9,6.8,2.5,14.0,18.1,64.0,26.1,0.0,999.9,FLAG_MISSING_SLP,True,False,False,False,False,False
72584693201,4/23/2020,39.32,-120.13944,1798.3,TRUCKEE AIRPORT - CA US,48.6,35.0,9999.9,826.5,9.2,4.5,13.0,18.1,66.2,32.0,0.0,999.9,FLAG_MISSING_SLP,True,False,False,False,False,False
72584693201,4/24/2020,39.32,-120.13944,1798.3,TRUCKEE AIRPORT - CA US,45.3,33.9,9999.9,825.5,8.6,3.1,12.0,18.1,68.0,30.2,0.0,999.9,FLAG_MISSING_SLP,True,False,False,False,False,False
72584693201,4/25/2020,39.32,-120.13944,1798.3,TRUCKEE AIRPORT - CA US,44.1,34.4,9999.9,824.9,8.6,2.8,14.0,15.9,69.8,30.2,0.0,999.9,FLAG_MISSING_SLP,True,False,False,False,False,False
72584693201,4/26/2020,39.32,-120.13944,1798.3,TRUCKEE AIRPORT - CA US,46.5,32.3,9999.9,822.7,9.4,3.9,12.0,18.1,66.2,26.6,0.0,999.9,FLAG_MISSING_SLP,True,False,False,False,False,False
72584693201,4/27/2020,39.32,-120.13944,1798.3,TRUCKEE AIRPORT - CA US,44.6,29.9,9999.9,823.2,10.0,4.4,11.1,17.1,68.0,26.6,0.0,999.9,FLAG_MISSING_SLP,False,False,False,False,False,False
72584693201,4/28/2020,39.32,-120.13944,1798.3,TRUCKEE AIRPORT - CA US,44.5,38.0,9999.9,825.8,8.0,1.4,9.9,15.0,71.1,28.9,0.0,999.9,FLAG_MISSING_SLP,True,False,False,False,False,False
72584693201,4/29/2020,39.32,-120.13944,1798.3,TRUCKEE AIRPORT - CA US,50.8,37.8,9999.9,823.9,7.0,2.7,13.0,18.1,79.0,34.0,0.0,999.9,FLAG_MISSING_SLP,True,False,False,False,False,False
72584693201,4/30/2020,39.32,-120.13944,1798.3,TRUCKEE AIRPORT - CA US,49.9,36.7,9999.9,822.0,8.7,4.6,19.0,25.1,66.2,32.0,0.0,999.9,FLAG_MISSING_SLP,True,False,False,False,False,False
72584693201,5/1/2020,39.32,-120.13944,1798.3,TRUCKEE AIRPORT - CA US,46.1,30.0,9999.9,821.4,9.9,4.0,12.0,18.1,64.4,28.4,0.0,999.9,FLAG_MISSING_SLP,False,False,False,False,False,False
72584693201,5/2/2020,39.32,-120.13944,1798.3,TRUCKEE AIRPORT - CA US,45.2,29.3,9999.9,821.3,10.0,5.6,18.1,26.0,60.8,24.8,0.0,999.9,FLAG_MISSING_SLP,True,False,False,False,False,False
72584693201,5/3/2020,39.32,-120.13944,1798.3,TRUCKEE AIRPORT - CA US,43.1,27.1,9999.9,821.6,10.0,5.5,14.0,22.9,57.2,28.4,0.0,999.9,FLAG_MISSING_SLP,False,False,False,False,False,False
72584693201,5/4/2020,39.32,-120.13944,1798.3,TRUCKEE AIRPORT - CA US,37.5,20.8,9999.9,824.5,10.0,3.0,14.0,18.1,66.2,21.2,0.0,999.9,FLAG_MISSING_SLP,False,False,False,False,False,False
72584693201,5/5/2020,39.32,-120.13944,1798.3,TRUCKEE AIRPORT - CA US,39.6,22.6,9999.9,824.5,10.0,3.0,19.0,22.9,68.0,23.0,0.0,999.9,FLAG_MISSING_SLP,False,False,False,False,False,False
72584693201,5/6/2020,39.32,-120.13944,1798.3,TRUCKEE AIRPORT - CA US,40.2,24.7,9999.9,823.9,10.0,3.1,9.9,15.0,69.1,28.0,0.0,999.9,FLAG_MISSING_SLP,False,False,False,False,False,False
72584693201,5/7/2020,39.32,-120.13944,1798.3,TRUCKEE AIRPORT - CA US,47.7,23.3,9999.9,825.0,10.0,3.7,11.1,14.0,73.0,26.1,0.0,999.9,FLAG_MISSING_SLP,False,False,False,False,False,False
72584693201,5/8/2020,39.32,-120.13944,1798.3,TRUCKEE AIRPORT - CA US,51.9,25.9,9999.9,822.5,10.0,2.9,8.9,15.0,77.0,28.4,0.0,999.9,FLAG_MISSING_SLP,False,False,False,False,False,False
72584693201,5/9/2020,39.32,-120.13944,1798.3,TRUCKEE AIRPORT - CA US,54.1,30.4,9999.9,821.7,10.0,2.9,11.1,14.0,77.0,32.0,0.0,999.9,FLAG_MISSING_SLP,False,False,False,False,False,False
72584693201,5/10/2020,39.32,-120.13944,1798.3,TRUCKEE AIRPORT - CA US,53.7,34.0,9999.9,820.1,10.0,5.0,15.9,22.0,73.4,32.0,0.0,999.9,FLAG_MISSING_SLP,True,False,False,False,False,False
72584693201,5/11/2020,39.32,-120.13944,1798.3,TRUCKEE AIRPORT - CA US,54.6,28.0,9999.9,817.5,10.0,8.5,20.0,31.1,73.9,34.0,0.0,999.9,FLAG_MISSING_SLP,False,False,False,False,False,False
72584693201,5/12/2020,39.32,-120.13944,1798.3,TRUCKEE AIRPORT - CA US,44.4,31.9,9999.9,815.3,10.0,11.4,21.0,33.0,62.1,39.9,99.99,999.9,FLAG_MISSING_SLP | FLAG_MISSING_PRCP,False,True,False,False,False,False
72584693201,5/13/2020,39.32,-120.13944,1798.3,TRUCKEE AIRPORT - CA US,41.2,30.0,9999.9,817.4,10.0,6.7,15.9,22.0,50.0,33.8,99.99,999.9,FLAG_MISSING_SLP | FLAG_MISSING_PRCP,False,True,False,False,False,False
72584693201,5/14/2020,39.32,-120.13944,1798.3,TRUCKEE AIRPORT - CA US,39.8,33.7,9999.9,819.5,9.5,5.0,11.1,19.0,48.2,35.6,99.99,999.9,FLAG_MISSING_SLP | FLAG_MISSING_PRCP,False,True,False,False,False,False
72584693201,5/15/2020,39.32,-120.13944,1798.3,TRUCKEE AIRPORT - CA US,44.8,33.9,9999.9,821.2,9.7,3.4,12.0,19.0,62.6,28.4,99.99,999.9,FLAG_MISSING_SLP | FLAG_MISSING_PRCP,True,True,False,False,False,False
72584693201,5/16/2020,39.32,-120.13944,1798.3,TRUCKEE AIRPORT - CA US,50.1,35.5,9999.9,819.9,9.3,5.3,20.0,24.1,66.2,32.0,0.0,999.9,FLAG_MISSING_SLP,True,False,False,False,False,False
72584693201,5/17/2020,39.32,-120.13944,1798.3,TRUCKEE AIRPORT - CA US,50.9,35.2,9999.9,814.5,9.5,14.6,25.1,32.1,69.1,37.9,99.99,999.9,FLAG_MISSING_SLP | FLAG_MISSING_PRCP,False,True,False,False,False,False
72584693201,5/18/2020,39.32,-120.13944,1798.3,TRUCKEE AIRPORT - CA US,40.0,35.8,9999.9,813.4,7.9,8.1,17.1,25.1,46.4,33.8,99.99,999.9,FLAG_MISSING_SLP | FLAG_MISSING_PRCP,False,True,True,False,False,False
72584693201,5/19/2020,39.32,-120.13944,1798.3,TRUCKEE AIRPORT - CA US,38.9,31.3,9999.9,816.0,10.0,4.9,17.1,26.0,48.2,33.8,99.99,999.9,FLAG_MISSING_SLP | FLAG_MISSING_PRCP,False,True,False,False,False,False
72584693201,5/20/2020,39.32,-120.13944,1798.3,TRUCKEE AIRPORT - CA US,41.7,33.8,9999.9,820.1,9.8,5.7,15.9,20.0,53.6,32.0,99.99,999.9,FLAG_MISSING_SLP | FLAG_MISSING_PRCP,False,True,False,False,False,False
72584693201,5/21/2020,39.32,-120.13944,1798.3,TRUCKEE AIRPORT - CA US,42.5,31.6,9999.9,821.5,6.5,4.4,15.0,22.9,62.6,28.0,0.0,999.9,FLAG_MISSING_SLP,True,False,False,False,False,False
72584693201,5/22/2020,39.32,-120.13944,1798.3,TRUCKEE AIRPORT - CA US,49.1,30.6,9999.9,816.9,10.0,9.2,15.9,22.0,64.9,28.0,0.0,999.9,FLAG_MISSING_SLP,False,False,False,False,False,False
72584693201,5/23/2020,39.32,-120.13944,1798.3,TRUCKEE AIRPORT - CA US,40.9,22.6,9999.9,819.4,10.0,2.7,8.0,15.0,64.4,21.2,0.0,999.9,FLAG_MISSING_SLP,False,False,False,False,False,False
72584693201,5/24/2020,39.32,-120.13944,1798.3,TRUCKEE AIRPORT - CA US,50.4,30.3,9999.9,821.7,9.2,2.7,8.9,14.0,71.6,28.4,0.0,999.9,FLAG_MISSING_SLP,True,False,False,False,False,False
72584693201,5/25/2020,39.32,-120.13944,1798.3,TRUCKEE AIRPORT - CA US,54.2,32.7,9999.9,822.7,10.0,2.5,13.0,15.9,78.8,32.0,0.0,999.9,FLAG_MISSING_SLP,False,False,False,False,False,False
72584693201,5/26/2020,39.32,-120.13944,1798.3,TRUCKEE AIRPORT - CA US,61.2,43.3,9999.9,822.7,8.6,3.6,12.0,22.0,82.0,36.0,0.0,999.9,FLAG_MISSING_SLP,True,False,False,False,False,False
72584693201,5/27/2020,39.32,-120.13944,1798.3,TRUCKEE AIRPORT - CA US,61.0,42.4,9999.9,823.3,8.9,3.7,18.1,999.9,80.6,37.4,0.0,999.9,FLAG_MISSING_SLP,True,False,False,False,False,False
72584693201,5/28/2020,39.32,-120.13944,1798.3,TRUCKEE AIRPORT - CA US,59.9,34.9,9999.9,823.7,9.8,3.5,12.0,17.1,84.2,35.6,0.0,999.9,FLAG_MISSING_SLP,False,False,False,False,False,False
72584693201,5/29/2020,39.32,-120.13944,1798.3,TRUCKEE AIRPORT - CA US,60.1,35.8,9999.9,822.3,10.0,3.6,9.9,999.9,84.2,35.6,0.0,999.9,FLAG_MISSING_SLP,False,False,False,False,False,False
72584693201,5/30/2020,39.32,-120.13944,1798.3,TRUCKEE AIRPORT - CA US,54.5,43.2,9999.9,817.4,10.0,6.9,14.0,29.9,77.0,44.6,99.99,999.9,FLAG_MISSING_SLP | FLAG_MISSING_PRCP,False,True,False,False,True,False
72584693201,5/31/2020,39.32,-120.13944,1798.3,TRUCKEE AIRPORT - CA US,48.6,35.9,9999.9,818.9,9.2,4.1,15.0,19.0,68.0,30.2,99.99,999.9,FLAG_MISSING_SLP | FLAG_MISSING_PRCP,True,True,False,False,True,False
72584693201,6/1/2020,39.32,-120.13944,1798.3,TRUCKEE AIRPORT - CA US,54.9,39.3,9999.9,820.3,10.0,4.5,11.1,15.9,72.0,37.9,0.0,999.9,FLAG_MISSING_SLP,False,False,False,False,False,False
72584693201,6/2/2020,39.32,-120.13944,1798.3,TRUCKEE AIRPORT - CA US,53.8,41.2,9999.9,824.3,7.1,2.2,8.9,15.9,78.8,37.4,0.0,999.9,FLAG_MISSING_SLP,True,False,False,False,False,False
72584693201,6/3/2020,39.32,-120.13944,1798.3,TRUCKEE AIRPORT - CA US,60.5,37.5,9999.9,825.2,9.9,5.8,19.0,26.0,80.6,35.6,0.0,999.9,FLAG_MISSING_SLP,True,False,False,False,False,False
72584693201,6/4/2020,39.32,-120.13944,1798.3,TRUCKEE AIRPORT - CA US,58.2,33.8,9999.9,821.9,10.0,4.5,15.9,22.0,80.6,35.6,0.0,999.9,FLAG_MISSING_SLP,False,False,False,False,False,False
72584693201,6/5/2020,39.32,-120.13944,1798.3,TRUCKEE AIRPORT - CA US,59.5,31.3,9999.9,816.1,10.0,5.8,20.0,26.0,78.8,35.6,0.0,999.9,FLAG_MISSING_SLP,False,False,False,False,False,False
72584693201,6/6/2020,39.32,-120.13944,1798.3,TRUCKEE AIRPORT - CA US,54.3,33.2,9999.9,813.9,10.0,10.8,24.1,34.0,78.1,43.0,0.0,999.9,FLAG_MISSING_SLP,False,False,False,False,False,False
72584693201,6/7/2020,39.32,-120.13944,1798.3,TRUCKEE AIRPORT - CA US,39.3,28.0,9999.9,816.9,9.6,8.9,24.1,28.9,60.1,30.0,99.99,999.9,FLAG_MISSING_SLP | FLAG_MISSING_PRCP,False,True,True,False,True,False
72584693201,6/8/2020,39.32,-120.13944,1798.3,TRUCKEE AIRPORT - CA US,36.1,30.5,9999.9,823.3,8.7,1.0,7.0,17.1,60.1,26.1,99.99,999.9,FLAG_MISSING_SLP | FLAG_MISSING_PRCP,False,True,True,False,False,False
72584693201,6/9/2020,39.32,-120.13944,1798.3,TRUCKEE AIRPORT - CA US,48.8,31.7,9999.9,826.3,8.8,2.4,9.9,999.9,69.8,30.2,0.0,999.9,FLAG_MISSING_SLP,True,False,False,False,False,False
72584693201,6/10/2020,39.32,-120.13944,1798.3,TRUCKEE AIRPORT - CA US,48.4,40.5,9999.9,826.3,6.5,2.2,12.0,19.0,75.2,33.8,0.0,999.9,FLAG_MISSING_SLP,True,False,False,False,False,False
72584693201,6/11/2020,39.32,-120.13944,1798.3,TRUCKEE AIRPORT - CA US,56.7,35.1,9999.9,824.1,9.0,4.3,15.0,22.9,75.2,33.8,0.0,999.9,FLAG_MISSING_SLP,True,False,False,False,False,False
72584693201,6/12/2020,39.32,-120.13944,1798.3,TRUCKEE AIRPORT - CA US,56.4,35.8,9999.9,821.2,10.0,7.2,21.0,28.0,71.6,39.2,0.0,999.9,FLAG_MISSING_SLP,False,False,False,False,False,False
72584693201,6/13/2020,39.32,-120.13944,1798.3,TRUCKEE AIRPORT - CA US,43.0,30.6,9999.9,818.8,9.7,6.3,15.9,25.1,55.4,33.8,99.99,999.9,FLAG_MISSING_SLP | FLAG_MISSING_PRCP,False,True,False,False,True,False
72584693201,6/14/2020,39.32,-120.13944,1798.3,TRUCKEE AIRPORT - CA US,45.2,31.5,9999.9,820.4,7.9,3.9,13.0,15.9,69.8,26.6,0.0,999.9,FLAG_MISSING_SLP,True,False,False,False,False,False
72584693201,6/15/2020,39.32,-120.13944,1798.3,TRUCKEE AIRPORT - CA US,50.7,34.9,9999.9,821.5,10.0,5.1,13.0,21.0,71.1,30.9,0.0,999.9,FLAG_MISSING_SLP,False,False,False,False,False,False
72584693201,6/16/2020,39.32,-120.13944,1798.3,TRUCKEE AIRPORT - CA US,52.6,34.4,9999.9,818.6,10.0,7.8,17.1,25.1,62.6,32.0,99.99,999.9,FLAG_MISSING_SLP | FLAG_MISSING_PRCP,False,True,False,False,False,False
72584693201,6/17/2020,39.32,-120.13944,1798.3,TRUCKEE AIRPORT - CA US,45.5,26.5,9999.9,822.1,9.6,5.4,15.0,22.9,66.2,28.4,0.0,999.9,FLAG_MISSING_SLP,False,False,False,False,False,False
72584693201,6/18/2020,39.32,-120.13944,1798.3,TRUCKEE AIRPORT - CA US,50.2,22.0,9999.9,822.9,10.0,2.8,8.9,18.1,73.4,28.4,0.0,999.9,FLAG_MISSING_SLP,False,False,False,False,False,False
72584693201,6/19/2020,39.32,-120.13944,1798.3,TRUCKEE AIRPORT - CA US,52.2,29.3,9999.9,822.0,10.0,2.1,8.0,999.9,75.0,28.9,0.0,999.9,FLAG_MISSING_SLP,False,False,False,False,False,False
72584693201,6/20/2020,39.32,-120.13944,1798.3,TRUCKEE AIRPORT - CA US,61.0,37.7,9999.9,822.8,10.0,4.2,14.0,19.0,82.9,34.0,0.0,999.9,FLAG_MISSING_SLP,True,False,False,False,False,False
72584693201,6/21/2020,39.32,-120.13944,1798.3,TRUCKEE AIRPORT - CA US,59.7,35.0,9999.9,823.1,10.0,3.7,12.0,15.9,80.6,32.0,0.0,999.9,FLAG_MISSING_SLP,False,False,False,False,False,False
72584693201,6/22/2020,39.32,-120.13944,1798.3,TRUCKEE AIRPORT - CA US,61.5,42.5,9999.9,823.9,9.9,2.8,12.0,999.9,87.8,41.0,0.0,999.9,FLAG_MISSING_SLP,False,False,False,False,False,False
72584693201,6/23/2020,39.32,-120.13944,1798.3,TRUCKEE AIRPORT - CA US,66.7,48.2,9999.9,823.5,9.1,3.2,13.0,17.1,87.8,44.6,0.0,999.9,FLAG_MISSING_SLP,True,False,False,False,False,False
72584693201,6/24/2020,39.32,-120.13944,1798.3,TRUCKEE AIRPORT - CA US,59.7,49.8,9999.9,821.7,8.2,3.1,11.1,18.1,84.2,41.0,99.99,999.9,FLAG_MISSING_SLP | FLAG_MISSING_PRCP,True,True,False,False,True,False
72584693201,6/25/2020,39.32,-120.13944,1798.3,TRUCKEE AIRPORT - CA US,63.7,47.3,9999.9,819.8,10.0,2.3,12.0,15.9,84.2,42.8,0.0,999.9,FLAG_MISSING_SLP,False,False,False,False,False,False
72584693201,6/26/2020,39.32,-120.13944,1798.3,TRUCKEE AIRPORT - CA US,64.5,43.0,9999.9,822.0,10.0,2.7,15.0,20.0,87.8,42.8,99.99,999.9,FLAG_MISSING_SLP | FLAG_MISSING_PRCP,False,True,False,False,False,False
72584693201,6/27/2020,39.32,-120.13944,1798.3,TRUCKEE AIRPORT - CA US,67.7,45.6,9999.9,821.4,10.0,6.0,18.1,28.0,86.0,46.4,0.0,999.9,FLAG_MISSING_SLP,False,False,False,False,False,False
72584693201,6/28/2020,39.32,-120.13944,1798.3,TRUCKEE AIRPORT - CA US,63.9,31.0,9999.9,813.9,9.9,9.5,20.0,27.0,84.0,52.0,0.0,999.9,FLAG_MISSING_SLP,False,False,False,False,False,False
72584693201,6/29/2020,39.32,-120.13944,1798.3,TRUCKEE AIRPORT - CA US,49.8,31.1,9999.9,815.9,10.0,4.9,13.0,22.0,66.2,28.4,0.0,999.9,FLAG_MISSING_SLP,False,False,False,False,False,False
72584693201,6/30/2020,39.32,-120.13944,1798.3,TRUCKEE AIRPORT - CA US,51.9,31.1,9999.9,820.6,10.0,4.8,12.0,18.1,71.6,32.0,0.0,999.9,FLAG_MISSING_SLP,False,False,False,False,False,False
72584693201,7/1/2020,39.32,-120.13944,1798.3,TRUCKEE AIRPORT - CA US,53.9,34.1,9999.9,818.7,9.4,4.0,14.0,20.0,75.2,32.0,0.0,999.9,FLAG_MISSING_SLP,True,False,False,False,False,False
72584693201,7/2/2020,39.32,-120.13944,1798.3,TRUCKEE AIRPORT - CA US,55.3,35.4,9999.9,819.0,10.0,4.1,14.0,18.1,77.0,33.8,0.0,999.9,FLAG_MISSING_SLP,False,False,False,False,False,False
72584693201,7/3/2020,39.32,-120.13944,1798.3,TRUCKEE AIRPORT - CA US,58.4,36.5,9999.9,821.8,8.9,5.2,13.0,19.0,78.8,33.8,0.0,999.9,FLAG_MISSING_SLP,True,False,False,False,False,False
72584693201,7/4/2020,39.32,-120.13944,1798.3,TRUCKEE AIRPORT - CA US,56.9,31.1,9999.9,824.6,10.0,3.5,9.9,19.0,77.0,33.8,0.0,999.9,FLAG_MISSING_SLP,False,False,False,False,False,False
72584693201,7/5/2020,39.32,-120.13944,1798.3,TRUCKEE AIRPORT - CA US,56.8,30.6,9999.9,824.7,10.0,4.0,12.0,19.0,80.6,32.0,0.0,999.9,FLAG_MISSING_SLP,False,False,False,False,False,False
72584693201,7/6/2020,39.32,-120.13944,1798.3,TRUCKEE AIRPORT - CA US,58.5,32.7,9999.9,822.2,10.0,4.6,14.0,22.9,80.6,32.0,0.0,999.9,FLAG_MISSING_SLP,False,False,False,False,False,False
72584693201,7/7/2020,39.32,-120.13944,1798.3,TRUCKEE AIRPORT - CA US,57.0,22.0,9999.9,820.8,10.0,4.2,11.1,21.0,75.2,28.4,0.0,999.9,FLAG_MISSING_SLP,False,False,False,False,False,False
72584693201,7/8/2020,39.32,-120.13944,1798.3,TRUCKEE AIRPORT - CA US,57.1,30.0,9999.9,821.0,10.0,4.1,12.0,17.1,78.8,32.0,0.0,999.9,FLAG_MISSING_SLP,False,False,False,False,False,False
72584693201,7/9/2020,39.32,-120.13944,1798.3,TRUCKEE AIRPORT - CA US,59.3,34.4,9999.9,821.1,10.0,4.3,12.0,22.0,82.0,35.1,0.0,999.9,FLAG_MISSING_SLP,False,False,False,False,False,False
72584693201,7/10/2020,39.32,-120.13944,1798.3,TRUCKEE AIRPORT - CA US,60.3,31.5,9999.9,824.5,10.0,2.9,12.0,18.1,86.0,33.8,0.0,999.9,FLAG_MISSING_SLP,False,False,False,False,False,False
72584693201,7/11/2020,39.32,-120.13944,1798.3,TRUCKEE AIRPORT - CA US,62.5,33.6,9999.9,826.4,10.0,4.6,12.0,21.0,86.0,37.4,0.0,999.9,FLAG_MISSING_SLP,False,False,False,False,False,False
72584693201,7/12/2020,39.32,-120.13944,1798.3,TRUCKEE AIRPORT - CA US,65.1,31.3,9999.9,825.3,9.9,5.3,17.1,20.0,86.0,37.4,0.0,999.9,FLAG_MISSING_SLP,False,False,False,False,False,False
72584693201,7/13/2020,39.32,-120.13944,1798.3,TRUCKEE AIRPORT - CA US,62.4,30.9,9999.9,821.4,10.0,5.3,18.1,24.1,84.2,35.6,0.0,999.9,FLAG_MISSING_SLP,False,False,False,False,False,False
72584693201,7/14/2020,39.32,-120.13944,1798.3,TRUCKEE AIRPORT - CA US,62.7,37.7,9999.9,821.8,10.0,3.2,9.9,17.1,84.2,39.2,0.0,999.9,FLAG_MISSING_SLP,False,False,False,False,False,False
72584693201,7/15/2020,39.32,-120.13944,1798.3,TRUCKEE AIRPORT - CA US,67.1,42.9,9999.9,822.4,9.2,3.3,11.1,15.0,89.6,44.6,0.0,999.9,FLAG_MISSING_SLP,True,False,False,False,False,False
72584693201,7/16/2020,39.32,-120.13944,1798.3,TRUCKEE AIRPORT - CA US,67.5,44.1,9999.9,821.8,9.6,3.0,11.1,17.1,89.6,46.4,0.0,999.9,FLAG_MISSING_SLP,False,False,False,False,False,False
72584693201,7/17/2020,39.32,-120.13944,1798.3,TRUCKEE AIRPORT - CA US,66.4,46.2,9999.9,822.8,10.0,3.5,17.1,21.0,87.8,44.6,0.0,999.9,FLAG_MISSING_SLP,True,False,False,False,False,False
72584693201,7/18/2020,39.32,-120.13944,1798.3,TRUCKEE AIRPORT - CA US,65.8,38.2,9999.9,824.2,10.0,3.6,13.0,18.1,87.8,39.2,0.0,999.9,FLAG_MISSING_SLP,False,False,False,False,False,False
72584693201,7/19/2020,39.32,-120.13944,1798.3,TRUCKEE AIRPORT - CA US,67.1,43.0,9999.9,824.3,10.0,3.2,12.0,17.1,93.0,44.1,0.0,999.9,FLAG_MISSING_SLP,False,False,False,False,False,False
72584693201,7/20/2020,39.32,-120.13944,1798.3,TRUCKEE AIRPORT - CA US,66.5,43.4,9999.9,824.1,10.0,3.5,13.0,20.0,87.8,44.6,0.0,999.9,FLAG_MISSING_SLP,False,False,False,False,False,False
72584693201,7/21/2020,39.32,-120.13944,1798.3,TRUCKEE AIRPORT - CA US,62.5,43.8,9999.9,822.2,9.6,3.9,19.0,27.0,87.8,42.8,99.99,999.9,FLAG_MISSING_SLP | FLAG_MISSING_PRCP,False,True,False,False,True,False
72584693201,7/22/2020,39.32,-120.13944,1798.3,TRUCKEE AIRPORT - CA US,66.0,47.3,9999.9,819.0,9.7,4.8,14.0,21.0,80.6,44.6,99.99,999.9,FLAG_MISSING_SLP | FLAG_MISSING_PRCP,False,True,False,False,True,False
72584693201,7/23/2020,39.32,-120.13944,1798.3,TRUCKEE AIRPORT - CA US,54.2,45.7,9999.9,820.1,8.5,2.5,13.0,999.9,77.0,39.2,0.0,999.9,FLAG_MISSING_SLP,True,False,False,False,False,False
72584693201,7/24/2020,39.32,-120.13944,1798.3,TRUCKEE AIRPORT - CA US,59.0,41.8,9999.9,820.9,9.5,4.4,15.0,20.0,80.6,37.4,0.0,999.9,FLAG_MISSING_SLP,False,False,False,False,False,False
72584693201,7/25/2020,39.32,-120.13944,1798.3,TRUCKEE AIRPORT - CA US,62.4,43.1,9999.9,822.1,9.7,3.7,14.0,18.1,84.9,42.1,0.0,999.9,FLAG_MISSING_SLP,False,False,False,False,False,False
72584693201,7/26/2020,39.32,-120.13944,1798.3,TRUCKEE AIRPORT - CA US,62.1,44.8,9999.9,823.3,9.3,3.6,15.0,22.0,86.0,41.0,99.99,999.9,FLAG_MISSING_SLP | FLAG_MISSING_PRCP,True,True,False,False,True,False
72584693201,7/27/2020,39.32,-120.13944,1798.3,TRUCKEE AIRPORT - CA US,63.1,40.8,9999.9,823.4,10.0,3.1,13.0,20.0,84.2,44.6,99.99,999.9,FLAG_MISSING_SLP | FLAG_MISSING_PRCP,False,True,False,False,True,False
72584693201,7/28/2020,39.32,-120.13944,1798.3,TRUCKEE AIRPORT - CA US,57.8,45.7,9999.9,823.2,7.9,1.9,9.9,15.9,84.2,39.2,99.99,999.9,FLAG_MISSING_SLP | FLAG_MISSING_PRCP,True,True,False,False,False,False
72584693201,7/29/2020,39.32,-120.13944,1798.3,TRUCKEE AIRPORT - CA US,60.5,39.4,9999.9,822.7,10.0,3.1,12.0,17.1,84.2,41.0,0.0,999.9,FLAG_MISSING_SLP,False,False,False,False,False,False
72584693201,7/30/2020,39.32,-120.13944,1798.3,TRUCKEE AIRPORT - CA US,63.8,35.5,9999.9,824.0,10.0,3.9,14.0,18.1,86.0,41.0,0.0,999.9,FLAG_MISSING_SLP,False,False,False,False,False,False
72584693201,7/31/2020,39.32,-120.13944,1798.3,TRUCKEE AIRPORT - CA US,61.7,34.6,9999.9,999.9,10.0,2.8,13.0,18.1,86.0,37.4,0.0,999.9,FLAG_MISSING_SLP,False,False,False,False,False,False
72584693201,8/1/2020,39.32,-120.13944,1798.3,TRUCKEE AIRPORT - CA US,62.6,30.3,9999.9,825.2,10.0,4.0,13.0,19.0,86.0,35.6,0.0,999.9,FLAG_MISSING_SLP,False,False,False,False,False,False
72584693201,8/2/2020,39.32,-120.13944,1798.3,TRUCKEE AIRPORT - CA US,59.9,29.2,9999.9,825.4,10.0,2.7,11.1,15.9,84.2,37.4,0.0,999.9,FLAG_MISSING_SLP,False,False,False,False,False,False
72584693201,8/3/2020,39.32,-120.13944,1798.3,TRUCKEE AIRPORT - CA US,60.0,29.4,9999.9,825.7,10.0,3.6,12.0,18.1,82.4,35.6,0.0,999.9,FLAG_MISSING_SLP,False,False,False,False,False,False
72584693201,8/4/2020,39.32,-120.13944,1798.3,TRUCKEE AIRPORT - CA US,59.9,35.2,9999.9,824.0,10.0,2.9,13.0,19.0,84.2,37.4,0.0,999.9,FLAG_MISSING_SLP,False,False,False,False,False,False
72584693201,8/5/2020,39.32,-120.13944,1798.3,TRUCKEE AIRPORT - CA US,62.2,35.4,9999.9,821.2,10.0,4.2,14.0,22.9,80.6,37.4,0.0,999.9,FLAG_MISSING_SLP,False,False,False,False,False,False
72584693201,8/6/2020,39.32,-120.13944,1798.3,TRUCKEE AIRPORT - CA US,58.0,34.3,9999.9,819.7,10.0,4.2,13.0,19.0,78.8,35.6,0.0,999.9,FLAG_MISSING_SLP,False,False,False,False,False,False
72584693201,8/7/2020,39.32,-120.13944,1798.3,TRUCKEE AIRPORT - CA US,58.1,37.7,9999.9,820.9,9.9,3.6,13.0,17.1,82.4,35.6,0.0,999.9,FLAG_MISSING_SLP,False,False,False,False,False,False
72584693201,8/8/2020,39.32,-120.13944,1798.3,TRUCKEE AIRPORT - CA US,61.7,47.5,9999.9,823.0,8.3,3.1,15.0,21.0,84.2,33.8,99.99,999.9,FLAG_MISSING_SLP | FLAG_MISSING_PRCP,True,True,False,False,False,False
72584693201,8/9/2020,39.32,-120.13944,1798.3,TRUCKEE AIRPORT - CA US,64.2,48.1,9999.9,823.8,7.7,3.3,18.1,24.1,87.8,42.8,99.99,999.9,FLAG_MISSING_SLP | FLAG_MISSING_PRCP,True,True,False,False,False,False
72584693201,8/10/2020,39.32,-120.13944,1798.3,TRUCKEE AIRPORT - CA US,65.7,45.4,9999.9,823.4,9.6,2.7,11.1,17.1,89.6,44.6,0.0,999.9,FLAG_MISSING_SLP,True,False,False,False,False,False
72584693201,8/11/2020,39.32,-120.13944,1798.3,TRUCKEE AIRPORT - CA US,64.5,39.7,9999.9,822.3,10.0,6.1,20.0,25.1,84.2,44.6,99.99,999.9,FLAG_MISSING_SLP | FLAG_MISSING_PRCP,False,True,False,False,False,False
72584693201,8/12/2020,39.32,-120.13944,1798.3,TRUCKEE AIRPORT - CA US,59.9,32.7,9999.9,822.8,10.0,4.5,13.0,20.0,80.6,33.8,0.0,999.9,FLAG_MISSING_SLP,False,False,False,False,False,False
72584693201,8/13/2020,39.32,-120.13944,1798.3,TRUCKEE AIRPORT - CA US,60.6,34.4,9999.9,824.1,10.0,5.3,15.9,22.9,84.0,37.0,0.0,999.9,FLAG_MISSING_SLP,False,False,False,False,False,False
72584693201,8/14/2020,39.32,-120.13944,1798.3,TRUCKEE AIRPORT - CA US,65.4,39.4,9999.9,825.7,10.0,3.1,15.0,20.0,87.8,44.6,0.0,999.9,FLAG_MISSING_SLP,False,False,False,False,False,False
72584693201,8/15/2020,39.32,-120.13944,1798.3,TRUCKEE AIRPORT - CA US,70.2,42.0,9999.9,825.8,10.0,3.6,12.0,20.0,89.6,46.4,0.0,999.9,FLAG_MISSING_SLP,False,False,False,False,False,False
72584693201,8/16/2020,39.32,-120.13944,1798.3,TRUCKEE AIRPORT - CA US,72.3,44.0,9999.9,826.3,10.0,2.1,8.9,999.9,93.0,48.9,0.0,999.9,FLAG_MISSING_SLP,False,False,False,False,False,False
72584693201,8/17/2020,39.32,-120.13944,1798.3,TRUCKEE AIRPORT - CA US,71.5,44.7,9999.9,827.6,9.4,4.0,12.0,17.1,91.4,51.8,0.0,999.9,FLAG_MISSING_SLP,False,False,False,False,False,False
72584693201,8/18/2020,39.32,-120.13944,1798.3,TRUCKEE AIRPORT - CA US,70.6,47.5,9999.9,827.8,9.7,4.0,11.1,20.0,91.4,50.0,0.0,999.9,FLAG_MISSING_SLP,False,False,False,False,False,False
72584693201,8/19/2020,39.32,-120.13944,1798.3,TRUCKEE AIRPORT - CA US,66.2,44.2,9999.9,825.4,7.8,3.3,14.0,19.0,84.2,44.6,0.0,999.9,FLAG_MISSING_SLP,False,False,False,False,False,False
72584693201,8/20/2020,39.32,-120.13944,1798.3,TRUCKEE AIRPORT - CA US,61.5,32.1,9999.9,822.8,7.1,4.2,13.0,18.1,86.0,37.4,0.0,999.9,FLAG_MISSING_SLP,False,False,False,False,False,False
72584693201,8/21/2020,39.32,-120.13944,1798.3,TRUCKEE AIRPORT - CA US,64.5,30.9,9999.9,821.3,6.2,4.0,15.0,21.0,86.0,39.2,0.0,999.9,FLAG_MISSING_SLP,False,False,False,False,False,False
72584693201,8/22/2020,39.32,-120.13944,1798.3,TRUCKEE AIRPORT - CA US,62.8,27.8,9999.9,822.5,5.4,3.6,13.0,17.1,87.8,35.6,0.0,999.9,FLAG_MISSING_SLP,False,False,False,False,False,False
72584693201,8/23/2020,39.32,-120.13944,1798.3,TRUCKEE AIRPORT - CA US,68.2,31.3,9999.9,822.8,5.2,3.3,11.1,17.1,91.0,39.0,0.0,999.9,FLAG_MISSING_SLP,False,False,False,False,False,False
72584693201,8/24/2020,39.32,-120.13944,1798.3,TRUCKEE AIRPORT - CA US,69.6,47.5,9999.9,822.3,6.6,4.9,15.0,22.9,91.9,50.0,99.99,999.9,FLAG_MISSING_SLP | FLAG_MISSING_PRCP,True,True,False,False,False,False
72584693201,8/25/2020,39.32,-120.13944,1798.3,TRUCKEE AIRPORT - CA US,64.1,43.1,9999.9,821.1,7.2,3.3,11.1,19.0,84.0,45.0,0.0,999.9,FLAG_MISSING_SLP,False,False,False,False,False,False
72584693201,8/26/2020,39.32,-120.13944,1798.3,TRUCKEE AIRPORT - CA US,61.7,45.1,9999.9,820.2,8.5,3.6,13.0,17.1,82.4,39.2,0.0,999.9,FLAG_MISSING_SLP,True,False,False,False,False,False
72584693201,8/27/2020,39.32,-120.13944,1798.3,TRUCKEE AIRPORT - CA US,60.3,40.5,9999.9,819.3,9.4,3.0,13.0,18.1,80.6,35.6,0.0,999.9,FLAG_MISSING_SLP,True,False,False,False,False,False
72584693201,8/28/2020,39.32,-120.13944,1798.3,TRUCKEE AIRPORT - CA US,60.6,39.3,9999.9,820.4,9.3,2.7,11.1,15.0,84.0,39.0,0.0,999.9,FLAG_MISSING_SLP,False,False,False,False,False,False
72584693201,8/29/2020,39.32,-120.13944,1798.3,TRUCKEE AIRPORT - CA US,64.3,42.0,9999.9,821.0,9.5,2.2,8.0,14.0,88.0,43.0,0.0,999.9,FLAG_MISSING_SLP,False,False,False,False,False,False
72584693201,8/30/2020,39.32,-120.13944,1798.3,TRUCKEE AIRPORT - CA US,64.0,39.8,9999.9,821.3,8.1,3.5,13.0,18.1,89.1,41.0,0.0,999.9,FLAG_MISSING_SLP,False,False,False,False,False,False
72584693201,8/31/2020,39.32,-120.13944,1798.3,TRUCKEE AIRPORT - CA US,59.2,33.9,9999.9,820.7,5.5,3.5,14.0,17.1,82.4,37.4,0.0,999.9,FLAG_MISSING_SLP,False,False,False,False,False,False
72584693201,9/1/2020,39.32,-120.13944,1798.3,TRUCKEE AIRPORT - CA US,61.9,38.6,9999.9,823.9,8.3,3.4,12.0,15.9,80.6,39.2,0.0,999.9,FLAG_MISSING_SLP,False,False,False,False,False,False
72584693201,9/2/2020,39.32,-120.13944,1798.3,TRUCKEE AIRPORT - CA US,62.2,30.7,9999.9,825.5,10.0,2.1,11.1,18.1,89.6,37.4,0.0,999.9,FLAG_MISSING_SLP,False,False,False,False,False,False
72584693201,9/3/2020,39.32,-120.13944,1798.3,TRUCKEE AIRPORT - CA US,65.1,41.3,9999.9,826.0,9.0,2.3,11.1,15.9,91.4,44.6,0.0,999.9,FLAG_MISSING_SLP,False,False,False,False,False,False
72584693201,9/4/2020,39.32,-120.13944,1798.3,TRUCKEE AIRPORT - CA US,67.8,36.2,9999.9,825.8,10.0,3.2,14.0,17.1,93.2,44.6,0.0,999.9,FLAG_MISSING_SLP,False,False,False,False,False,False
72584693201,9/5/2020,39.32,-120.13944,1798.3,TRUCKEE AIRPORT - CA US,68.7,38.2,9999.9,827.5,9.9,2.1,11.1,15.0,91.4,44.6,0.0,999.9,FLAG_MISSING_SLP,False,False,False,False,False,False
72584693201,9/6/2020,39.32,-120.13944,1798.3,TRUCKEE AIRPORT - CA US,67.9,37.4,9999.9,829.7,10.0,2.2,11.1,18.1,87.8,46.4,0.0,999.9,FLAG_MISSING_SLP,False,False,False,False,False,False
72584693201,9/7/2020,39.32,-120.13944,1798.3,TRUCKEE AIRPORT - CA US,65.0,36.3,9999.9,826.3,9.6,2.6,14.0,20.0,89.1,41.0,0.0,999.9,FLAG_MISSING_SLP,False,False,False,False,False,False
72584693201,9/8/2020,39.32,-120.13944,1798.3,TRUCKEE AIRPORT - CA US,59.5,28.7,9999.9,821.5,8.5,4.0,9.9,14.0,84.2,42.8,0.0,999.9,FLAG_MISSING_SLP,False,False,False,False,False,False
72584693201,9/9/2020,39.32,-120.13944,1798.3,TRUCKEE AIRPORT - CA US,52.1,13.7,9999.9,821.8,10.0,3.7,12.0,18.1,75.2,28.4,0.0,999.9,FLAG_MISSING_SLP,False,False,False,False,False,False
72584693201,9/10/2020,39.32,-120.13944,1798.3,TRUCKEE AIRPORT - CA US,51.0,17.8,9999.9,823.7,8.2,1.9,9.9,999.9,73.4,24.8,0.0,999.9,FLAG_MISSING_SLP,False,False,False,False,False,False
72584693201,9/11/2020,39.32,-120.13944,1798.3,TRUCKEE AIRPORT - CA US,53.2,32.5,9999.9,825.4,5.9,2.7,11.1,14.0,80.6,30.9,0.0,999.9,FLAG_MISSING_SLP,False,False,False,False,False,False
72584693201,9/12/2020,39.32,-120.13944,1798.3,TRUCKEE AIRPORT - CA US,56.3,29.0,9999.9,824.2,6.5,2.9,12.0,15.9,84.2,33.8,0.0,999.9,FLAG_MISSING_SLP,False,False,False,False,False,False
72584693201,9/13/2020,39.32,-120.13944,1798.3,TRUCKEE AIRPORT - CA US,58.0,27.4,9999.9,823.4,4.0,2.8,14.0,18.1,82.4,33.8,0.0,999.9,FLAG_MISSING_SLP,False,False,False,False,False,False
72584693201,9/14/2020,39.32,-120.13944,1798.3,TRUCKEE AIRPORT - CA US,56.4,23.5,9999.9,824.2,6.7,3.1,15.0,21.0,80.6,33.8,0.0,999.9,FLAG_MISSING_SLP,False,False,False,False,False,False
72584693201,9/15/2020,39.32,-120.13944,1798.3,TRUCKEE AIRPORT - CA US,56.1,27.2,9999.9,826.4,4.7,3.5,13.0,18.1,80.6,33.8,0.0,999.9,FLAG_MISSING_SLP,False,False,False,False,False,False
72584693201,9/16/2020,39.32,-120.13944,1798.3,TRUCKEE AIRPORT - CA US,54.2,29.9,9999.9,826.3,5.4,2.4,15.0,19.0,84.0,34.0,0.0,999.9,FLAG_MISSING_SLP,False,False,False,False,False,False
72584693201,9/18/2020,39.32,-120.13944,1798.3,TRUCKEE AIRPORT - CA US,61.9,30.7,9999.9,821.4,7.7,11.1,20.0,29.9,69.8,48.2,99.99,999.9,FLAG_MISSING_SLP | FLAG_MISSING_PRCP,False,True,False,False,False,False
72584693201,9/19/2020,39.32,-120.13944,1798.3,TRUCKEE AIRPORT - CA US,50.0,34.0,9999.9,821.6,9.9,2.6,15.0,21.0,73.4,28.4,0.0,999.9,FLAG_MISSING_SLP,True,False,False,False,False,False
72584693201,9/20/2020,39.32,-120.13944,1798.3,TRUCKEE AIRPORT - CA US,53.7,32.0,9999.9,821.9,9.2,2.2,9.9,14.0,78.8,26.6,0.0,999.9,FLAG_MISSING_SLP,False,False,False,False,False,False
72584693201,9/21/2020,39.32,-120.13944,1798.3,TRUCKEE AIRPORT - CA US,54.6,29.8,9999.9,821.9,8.5,4.0,15.0,19.0,81.0,30.0,0.0,999.9,FLAG_MISSING_SLP,False,False,False,False,False,False
72584693201,9/22/2020,39.32,-120.13944,1798.3,TRUCKEE AIRPORT - CA US,62.1,30.5,9999.9,822.8,10.0,6.8,15.0,21.0,79.0,33.1,0.0,999.9,FLAG_MISSING_SLP,False,False,False,False,False,False
72584693201,9/23/2020,39.32,-120.13944,1798.3,TRUCKEE AIRPORT - CA US,57.4,29.4,9999.9,825.4,10.0,4.9,13.0,21.0,77.0,33.8,0.0,999.9,FLAG_MISSING_SLP,False,False,False,False,False,False
72584693201,9/24/2020,39.32,-120.13944,1798.3,TRUCKEE AIRPORT - CA US,56.0,25.7,9999.9,823.8,10.0,4.8,15.0,21.0,73.4,33.8,0.0,999.9,FLAG_MISSING_SLP,False,False,False,False,False,False
72584693201,9/25/2020,39.32,-120.13944,1798.3,TRUCKEE AIRPORT - CA US,53.9,30.7,9999.9,822.3,10.0,3.7,14.0,18.1,75.2,32.0,0.0,999.9,FLAG_MISSING_SLP,False,False,False,False,False,False
72584693201,9/26/2020,39.32,-120.13944,1798.3,TRUCKEE AIRPORT - CA US,54.3,34.8,9999.9,823.9,10.0,3.3,12.0,17.1,78.8,35.6,0.0,999.9,FLAG_MISSING_SLP,False,False,False,False,False,False
72584693201,9/27/2020,39.32,-120.13944,1798.3,TRUCKEE AIRPORT - CA US,53.6,36.1,9999.9,825.5,10.0,3.3,13.0,17.1,73.4,33.8,0.0,999.9,FLAG_MISSING_SLP,False,False,False,False,False,False
72584693201,9/28/2020,39.32,-120.13944,1798.3,TRUCKEE AIRPORT - CA US,52.3,26.0,9999.9,827.7,10.0,2.8,9.9,15.0,75.2,28.4,0.0,999.9,FLAG_MISSING_SLP,False,False,False,False,False,False
72584693201,9/29/2020,39.32,-120.13944,1798.3,TRUCKEE AIRPORT - CA US,54.3,24.1,9999.9,827.4,9.7,2.3,13.0,15.9,80.6,32.0,0.0,999.9,FLAG_MISSING_SLP,False,False,False,False,False,False
72584693201,9/30/2020,39.32,-120.13944,1798.3,TRUCKEE AIRPORT - CA US,55.7,31.4,9999.9,829.2,7.7,2.1,8.0,999.9,84.2,35.6,0.0,999.9,FLAG_MISSING_SLP,False,False,False,False,False,False
72584693201,10/1/2020,39.32,-120.13944,1798.3,TRUCKEE AIRPORT - CA US,55.2,26.2,9999.9,828.9,6.0,2.1,8.9,15.0,82.4,32.0,0.0,999.9,FLAG_MISSING_SLP,False,False,False,False,False,False
72584693201,10/2/2020,39.32,-120.13944,1798.3,TRUCKEE AIRPORT - CA US,54.8,22.7,9999.9,827.5,10.0,0.9,7.0,999.9,82.4,33.8,0.0,999.9,FLAG_MISSING_SLP,False,False,False,False,False,False
72584693201,10/3/2020,39.32,-120.13944,1798.3,TRUCKEE AIRPORT - CA US,55.6,22.1,9999.9,825.3,10.0,1.9,9.9,14.0,80.6,30.2,0.0,999.9,FLAG_MISSING_SLP,False,False,False,False,False,False
72584693201,10/4/2020,39.32,-120.13944,1798.3,TRUCKEE AIRPORT - CA US,51.2,25.1,9999.9,825.0,8.6,2.0,14.0,15.9,78.8,32.0,0.0,999.9,FLAG_MISSING_SLP,False,False,False,False,False,False
72584693201,10/5/2020,39.32,-120.13944,1798.3,TRUCKEE AIRPORT - CA US,51.4,18.9,9999.9,826.2,10.0,2.2,12.0,999.9,78.8,26.6,0.0,999.9,FLAG_MISSING_SLP,False,False,False,False,False,False
72584693201,10/7/2020,39.32,-120.13944,1798.3,TRUCKEE AIRPORT - CA US,49.7,19.1,9999.9,823.3,10.0,2.1,12.0,17.1,78.8,32.0,0.0,999.9,FLAG_MISSING_SLP,False,False,False,False,False,False
72584693201,10/8/2020,39.32,-120.13944,1798.3,TRUCKEE AIRPORT - CA US,47.8,19.9,9999.9,821.3,10.0,2.8,9.9,999.9,71.6,28.0,0.0,999.9,FLAG_MISSING_SLP,False,False,False,False,False,False
72584693201,10/9/2020,39.32,-120.13944,1798.3,TRUCKEE AIRPORT - CA US,46.1,22.1,9999.9,820.6,10.0,2.5,12.0,15.9,73.4,26.1,0.0,999.9,FLAG_MISSING_SLP,False,False,False,False,False,False
72584693201,10/10/2020,39.32,-120.13944,1798.3,TRUCKEE AIRPORT - CA US,44.2,28.0,9999.9,819.7,10.0,5.0,19.0,26.0,62.6,28.4,0.0,999.9,FLAG_MISSING_SLP,False,False,False,False,False,False
72584693201,10/11/2020,39.32,-120.13944,1798.3,TRUCKEE AIRPORT - CA US,48.4,33.8,9999.9,822.4,10.0,3.7,9.9,15.9,69.8,26.6,0.0,999.9,FLAG_MISSING_SLP,False,False,False,False,False,False
72584693201,10/12/2020,39.32,-120.13944,1798.3,TRUCKEE AIRPORT - CA US,48.1,24.8,9999.9,826.6,10.0,2.4,11.1,15.9,73.4,26.6,0.0,999.9,FLAG_MISSING_SLP,False,False,False,False,False,False
72584693201,10/13/2020,39.32,-120.13944,1798.3,TRUCKEE AIRPORT - CA US,49.6,22.0,9999.9,826.7,10.0,2.6,13.0,17.1,75.2,24.8,0.0,999.9,FLAG_MISSING_SLP,False,False,False,False,False,False
72584693201,10/14/2020,39.32,-120.13944,1798.3,TRUCKEE AIRPORT - CA US,49.6,29.9,9999.9,828.1,10.0,2.5,12.0,999.9,75.2,24.8,0.0,999.9,FLAG_MISSING_SLP,False,False,False,False,False,False
72584693201,10/15/2020,39.32,-120.13944,1798.3,TRUCKEE AIRPORT - CA US,47.9,27.3,9999.9,828.9,9.8,2.1,8.9,999.9,71.6,23.0,0.0,999.9,FLAG_MISSING_SLP,False,False,False,False,False,False
72584693201,10/16/2020,39.32,-120.13944,1798.3,TRUCKEE AIRPORT - CA US,43.6,21.9,9999.9,829.3,10.0,1.5,8.0,999.9,69.8,24.8,0.0,999.9,FLAG_MISSING_SLP,False,False,False,False,False,False
72584693201,10/18/2020,39.32,-120.13944,1798.3,TRUCKEE AIRPORT - CA US,50.7,25.3,9999.9,824.7,10.0,2.9,8.9,17.1,75.2,26.6,0.0,999.9,FLAG_MISSING_SLP,False,False,False,False,False,False
72584693201,10/19/2020,39.32,-120.13944,1798.3,TRUCKEE AIRPORT - CA US,49.0,26.7,9999.9,824.6,10.0,2.3,8.9,999.9,73.4,26.6,0.0,999.9,FLAG_MISSING_SLP,False,False,False,False,False,False
72584693201,10/20/2020,39.32,-120.13944,1798.3,TRUCKEE AIRPORT - CA US,47.3,24.4,9999.9,823.3,10.0,1.0,5.1,999.9,75.2,24.8,0.0,999.9,FLAG_MISSING_SLP,False,False,False,False,False,False
72584693201,10/21/2020,39.32,-120.13944,1798.3,TRUCKEE AIRPORT - CA US,47.9,22.9,9999.9,820.2,10.0,3.3,12.0,19.0,73.4,23.0,0.0,999.9,FLAG_MISSING_SLP,False,False,False,False,False,False
72584693201,10/22/2020,39.32,-120.13944,1798.3,TRUCKEE AIRPORT - CA US,44.4,22.5,9999.9,818.3,10.0,2.7,9.9,999.9,62.6,24.8,0.0,999.9,FLAG_SPARSE_STP_OBSERVATIONS | FLAG_MISSING_SLP,False,False,False,False,False,False
72584693201,10/23/2020,39.32,-120.13944,1798.3,TRUCKEE AIRPORT - CA US,38.5,22.8,9999.9,999.9,10.0,1.7,14.0,17.1,66.2,17.6,0.0,999.9,FLAG_MISSING_SLP,False,False,False,False,False,False
72584693201,10/24/2020,39.32,-120.13944,1798.3,TRUCKEE AIRPORT - CA US,41.0,24.3,9999.9,820.2,10.0,2.7,12.0,15.0,64.4,19.4,0.0,999.9,FLAG_MISSING_SLP,False,False,False,False,False,False
72584693201,10/25/2020,39.32,-120.13944,1798.3,TRUCKEE AIRPORT - CA US,35.6,19.4,9999.9,817.9,10.0,3.4,17.1,22.9,55.4,21.2,0.0,999.9,FLAG_MISSING_SLP,False,False,False,False,False,False
72584693201,10/26/2020,39.32,-120.13944,1798.3,TRUCKEE AIRPORT - CA US,28.6,-2.2,9999.9,824.4,10.0,5.7,14.0,20.0,48.2,8.6,0.0,999.9,FLAG_MISSING_SLP,False,False,False,False,False,False
72584693201,10/27/2020,39.32,-120.13944,1798.3,TRUCKEE AIRPORT - CA US,35.5,0.7,9999.9,826.4,10.0,2.7,9.9,999.9,60.8,17.6,0.0,999.9,FLAG_MISSING_SLP,False,False,False,False,False,False
72584693201,11/1/2020,39.32,-120.13944,1798.3,TRUCKEE AIRPORT - CA US,41.3,16.2,9999.9,829.0,10.0,0.2,4.1,999.9,69.8,21.2,0.0,999.9,FLAG_MISSING_SLP,False,False,False,False,False,False
72584693201,11/2/2020,39.32,-120.13944,1798.3,TRUCKEE AIRPORT - CA US,43.0,16.6,9999.9,828.2,10.0,0.9,5.1,999.9,71.6,21.2,0.0,999.9,FLAG_MISSING_SLP,False,False,False,False,False,False
72584693201,11/3/2020,39.32,-120.13944,1798.3,TRUCKEE AIRPORT - CA US,42.9,17.3,9999.9,825.3,10.0,2.1,11.1,14.0,69.8,21.9,0.0,999.9,FLAG_MISSING_SLP,False,False,False,False,False,False
72584693201,11/4/2020,39.32,-120.13944,1798.3,TRUCKEE AIRPORT - CA US,42.5,18.5,9999.9,827.3,10.0,1.8,8.0,999.9,69.8,21.2,0.0,999.9,FLAG_MISSING_SLP,False,False,False,False,False,False
72584693201,11/5/2020,39.32,-120.13944,1798.3,TRUCKEE AIRPORT - CA US,41.1,18.9,9999.9,829.2,10.0,0.8,12.0,999.9,68.0,21.0,0.0,999.9,FLAG_MISSING_SLP,False,False,False,False,False,False
72584693201,11/6/2020,39.32,-120.13944,1798.3,TRUCKEE AIRPORT - CA US,44.9,23.8,9999.9,814.0,9.9,6.8,18.1,25.1,60.8,33.8,0.0,999.9,FLAG_MISSING_SLP,False,False,False,False,False,False
72584693201,11/7/2020,39.32,-120.13944,1798.3,TRUCKEE AIRPORT - CA US,26.5,18.6,9999.9,806.3,10.0,4.1,11.1,18.1,35.6,12.2,0.0,999.9,FLAG_MISSING_SLP,False,False,False,False,False,False
72584693201,11/8/2020,39.32,-120.13944,1798.3,TRUCKEE AIRPORT - CA US,28.0,20.3,9999.9,806.2,7.0,6.8,13.0,21.0,39.0,16.0,99.99,3.9,FLAG_MISSING_SLP | FLAG_MISSING_PRCP,False,False,True,False,False,False
72584693201,11/9/2020,39.32,-120.13944,1798.3,TRUCKEE AIRPORT - CA US,18.3,10.3,9999.9,815.8,10.0,1.5,7.0,999.9,33.8,-0.4,0.0,2.0,FLAG_MISSING_SLP,False,False,False,False,False,False
72584693201,11/10/2020,39.32,-120.13944,1798.3,TRUCKEE AIRPORT - CA US,23.6,16.0,9999.9,822.4,10.0,2.2,9.9,999.9,46.4,6.8,0.0,999.9,FLAG_MISSING_SLP,False,False,False,False,False,False
72584693201,11/11/2020,39.32,-120.13944,1798.3,TRUCKEE AIRPORT - CA US,29.8,14.4,9999.9,819.5,10.0,3.0,11.1,19.0,50.0,6.1,0.0,999.9,FLAG_MISSING_SLP,False,False,False,False,False,False
72584693201,11/12/2020,39.32,-120.13944,1798.3,TRUCKEE AIRPORT - CA US,25.8,11.6,9999.9,819.7,10.0,2.7,15.0,999.9,50.0,5.9,0.0,999.9,FLAG_MISSING_SLP,False,False,False,False,False,False
72584693201,11/13/2020,39.32,-120.13944,1798.3,TRUCKEE AIRPORT - CA US,33.6,18.7,9999.9,818.0,8.4,8.8,21.0,31.1,39.2,21.2,99.99,999.9,FLAG_MISSING_SLP | FLAG_MISSING_PRCP,False,False,True,False,False,False
72584693201,11/14/2020,39.32,-120.13944,1798.3,TRUCKEE AIRPORT - CA US,35.4,26.0,9999.9,821.4,9.6,4.9,26.0,35.9,50.0,23.0,99.99,999.9,FLAG_MISSING_SLP | FLAG_MISSING_PRCP,True,True,False,False,False,False
72584693201,11/15/2020,39.32,-120.13944,1798.3,TRUCKEE AIRPORT - CA US,37.6,20.7,9999.9,825.6,10.0,3.1,8.9,999.9,55.4,24.8,0.0,999.9,FLAG_MISSING_SLP,False,False,False,False,False,False
72584693201,11/16/2020,39.32,-120.13944,1798.3,TRUCKEE AIRPORT - CA US,32.0,26.7,9999.9,826.5,8.8,0.5,8.0,999.9,60.8,21.2,0.0,999.9,FLAG_MISSING_SLP,True,False,False,False,False,False
72584693201,11/17/2020,39.32,-120.13944,1798.3,TRUCKEE AIRPORT - CA US,47.9,20.1,9999.9,817.7,10.0,15.3,34.0,44.1,55.4,28.4,0.0,999.9,FLAG_MISSING_SLP,False,False,False,False,False,False
72584693201,11/18/2020,39.32,-120.13944,1798.3,TRUCKEE AIRPORT - CA US,36.9,33.4,9999.9,816.2,6.0,11.3,22.0,35.9,44.6,33.8,99.99,999.9,FLAG_MISSING_SLP | FLAG_MISSING_PRCP,False,True,True,False,False,False
72584693201,11/19/2020,39.32,-120.13944,1798.3,TRUCKEE AIRPORT - CA US,35.1,25.8,9999.9,822.8,9.2,4.0,11.1,18.1,44.6,19.9,99.99,999.9,FLAG_MISSING_SLP | FLAG_MISSING_PRCP,False,True,True,False,False,False
72584693201,11/20/2020,39.32,-120.13944,1798.3,TRUCKEE AIRPORT - CA US,28.6,24.9,9999.9,826.4,7.0,1.0,6.0,999.9,43.0,15.1,0.0,999.9,FLAG_MISSING_SLP,True,False,False,False,False,False
72584693201,11/21/2020,39.32,-120.13944,1798.3,TRUCKEE AIRPORT - CA US,30.2,25.9,9999.9,827.2,6.8,1.1,7.0,999.9,43.0,15.1,0.0,999.9,FLAG_MISSING_SLP,True,False,False,False,False,False
72584693201,11/22/2020,39.32,-120.13944,1798.3,TRUCKEE AIRPORT - CA US,30.4,22.4,9999.9,822.7,6.1,1.2,8.9,18.1,53.6,19.4,0.0,999.9,FLAG_MISSING_SLP,True,False,False,False,False,False
72584693201,11/23/2020,39.32,-120.13944,1798.3,TRUCKEE AIRPORT - CA US,34.2,26.3,9999.9,817.3,6.9,1.6,15.9,22.9,55.0,18.0,99.99,999.9,FLAG_MISSING_SLP | FLAG_MISSING_PRCP,True,True,True,False,False,False
72584693201,11/24/2020,39.32,-120.13944,1798.3,TRUCKEE AIRPORT - CA US,29.6,22.2,9999.9,821.0,9.5,0.0,2.9,999.9,48.2,15.8,0.0,999.9,FLAG_MISSING_SLP,False,False,False,False,False,False
72584693201,11/25/2020,39.32,-120.13944,1798.3,TRUCKEE AIRPORT - CA US,34.1,23.9,9999.9,819.8,10.0,6.0,19.0,25.1,50.0,15.1,0.0,999.9,FLAG_MISSING_SLP,False,False,False,False,False,False
72584693201,11/26/2020,39.32,-120.13944,1798.3,TRUCKEE AIRPORT - CA US,27.1,16.0,9999.9,823.5,10.0,2.8,11.1,999.9,39.2,12.2,99.99,999.9,FLAG_MISSING_SLP | FLAG_MISSING_PRCP,False,False,True,False,False,False
72584693201,11/27/2020,39.32,-120.13944,1798.3,TRUCKEE AIRPORT - CA US,23.8,13.5,9999.9,826.9,10.0,0.9,6.0,999.9,42.8,10.0,0.0,999.9,FLAG_MISSING_SLP,False,False,False,False,False,False
72584693201,11/28/2020,39.32,-120.13944,1798.3,TRUCKEE AIRPORT - CA US,26.3,17.1,9999.9,826.0,10.0,0.6,5.1,999.9,53.6,10.9,0.0,999.9,FLAG_MISSING_SLP,False,False,False,False,False,False
72584693201,11/29/2020,39.32,-120.13944,1798.3,TRUCKEE AIRPORT - CA US,28.6,18.3,9999.9,825.9,10.0,0.7,2.9,999.9,55.0,10.9,0.0,999.9,FLAG_MISSING_SLP,False,False,False,False,False,False
72584693201,11/30/2020,39.32,-120.13944,1798.3,TRUCKEE AIRPORT - CA US,31.5,17.8,9999.9,826.2,10.0,2.1,12.0,14.0,55.9,10.9,0.0,999.9,FLAG_MISSING_SLP,False,False,False,False,False,False
72584693201,12/1/2020,39.32,-120.13944,1798.3,TRUCKEE AIRPORT - CA US,29.1,18.4,9999.9,827.1,10.0,1.8,7.0,999.9,55.9,12.9,0.0,999.9,FLAG_MISSING_SLP,False,False,False,False,False,False
72584693201,12/2/2020,39.32,-120.13944,1798.3,TRUCKEE AIRPORT - CA US,27.8,20.5,9999.9,826.5,8.5,1.1,8.9,999.9,48.0,12.9,0.0,999.9,FLAG_MISSING_SLP,True,False,False,False,False,False
72584693201,12/3/2020,39.32,-120.13944,1798.3,TRUCKEE AIRPORT - CA US,27.8,19.0,9999.9,826.6,10.0,0.6,6.0,999.9,53.6,10.9,0.0,999.9,FLAG_MISSING_SLP,False,False,False,False,False,False
72584693201,12/4/2020,39.32,-120.13944,1798.3,TRUCKEE AIRPORT - CA US,31.3,21.7,9999.9,828.3,9.7,1.1,6.0,999.9,55.0,10.9,0.0,999.9,FLAG_MISSING_SLP,True,False,False,False,False,False
72584693201,12/5/2020,39.32,-120.13944,1798.3,TRUCKEE AIRPORT - CA US,29.4,19.1,9999.9,826.9,9.7,1.1,8.9,999.9,55.4,12.9,0.0,999.9,FLAG_MISSING_SLP,True,False,False,False,False,False
72584693201,12/6/2020,39.32,-120.13944,1798.3,TRUCKEE AIRPORT - CA US,35.3,19.1,9999.9,826.3,10.0,1.9,8.0,999.9,57.0,12.9,0.0,999.9,FLAG_MISSING_SLP,False,False,False,False,False,False
72584693201,12/7/2020,39.32,-120.13944,1798.3,TRUCKEE AIRPORT - CA US,30.9,20.3,9999.9,827.6,10.0,3.8,8.9,14.0,50.0,17.6,0.0,999.9,FLAG_MISSING_SLP,False,False,False,False,False,False
72584693201,12/8/2020,39.32,-120.13944,1798.3,TRUCKEE AIRPORT - CA US,27.5,16.3,9999.9,829.9,10.0,0.6,7.0,999.9,51.8,12.2,0.0,999.9,FLAG_MISSING_SLP,False,False,False,False,False,False
72584693201,12/9/2020,39.32,-120.13944,1798.3,TRUCKEE AIRPORT - CA US,27.8,15.8,9999.9,824.6,10.0,0.2,5.1,999.9,55.4,12.0,0.0,999.9,FLAG_MISSING_SLP,False,False,False,False,False,False
72584693201,12/10/2020,39.32,-120.13944,1798.3,TRUCKEE AIRPORT - CA US,31.3,18.7,9999.9,820.1,10.0,2.1,11.1,15.9,50.0,14.9,0.0,999.9,FLAG_MISSING_SLP,True,False,False,False,False,False
72584693201,12/11/2020,39.32,-120.13944,1798.3,TRUCKEE AIRPORT - CA US,30.0,10.6,9999.9,818.9,9.9,4.2,15.0,22.9,51.1,14.0,0.0,999.9,FLAG_MISSING_SLP,False,False,False,False,False,False
72584693201,12/12/2020,39.32,-120.13944,1798.3,TRUCKEE AIRPORT - CA US,34.5,25.9,9999.9,818.1,9.1,4.4,9.9,18.1,45.0,19.9,99.99,999.9,FLAG_MISSING_SLP | FLAG_MISSING_PRCP,False,True,True,False,False,False
72584693201,12/13/2020,39.32,-120.13944,1798.3,TRUCKEE AIRPORT - CA US,29.4,24.8,9999.9,821.0,8.3,3.7,12.0,17.1,39.9,18.0,99.99,999.9,FLAG_MISSING_SLP | FLAG_MISSING_PRCP,False,False,True,False,False,False
72584693201,12/14/2020,39.32,-120.13944,1798.3,TRUCKEE AIRPORT - CA US,29.6,27.3,9999.9,819.6,6.5,0.9,11.1,17.1,39.0,19.0,99.99,3.1,FLAG_MISSING_SLP | FLAG_MISSING_PRCP,False,False,True,False,False,False
72584693201,12/15/2020,39.32,-120.13944,1798.3,TRUCKEE AIRPORT - CA US,25.3,23.5,9999.9,825.0,7.8,0.0,5.1,999.9,35.6,19.4,0.0,2.0,FLAG_MISSING_SLP,True,False,False,False,False,False
72584693201,12/16/2020,39.32,-120.13944,1798.3,TRUCKEE AIRPORT - CA US,28.4,27.1,9999.9,825.1,3.7,0.4,4.1,999.9,35.6,21.0,0.0,1.2,FLAG_MISSING_SLP,True,False,False,False,False,False
72584693201,12/17/2020,39.32,-120.13944,1798.3,TRUCKEE AIRPORT - CA US,35.0,28.7,9999.9,816.5,8.0,7.5,19.0,34.0,41.0,21.0,99.99,3.9,FLAG_MISSING_SLP | FLAG_MISSING_PRCP,True,False,True,False,False,False
72584693201,12/18/2020,39.32,-120.13944,1798.3,TRUCKEE AIRPORT - CA US,24.7,20.2,9999.9,823.7,8.3,1.0,5.1,999.9,37.4,8.6,0.0,3.9,FLAG_MISSING_SLP,True,False,False,False,False,False
72584693201,12/19/2020,39.32,-120.13944,1798.3,TRUCKEE AIRPORT - CA US,23.6,21.2,9999.9,829.0,5.1,0.3,4.1,999.9,41.0,8.6,0.0,3.1,FLAG_MISSING_SLP,True,False,False,False,False,False
72584693201,12/20/2020,39.32,-120.13944,1798.3,TRUCKEE AIRPORT - CA US,26.6,21.8,9999.9,829.5,5.4,0.2,4.1,999.9,44.6,12.0,0.0,2.0,FLAG_MISSING_SLP,True,False,False,False,False,False
72584693201,12/21/2020,39.32,-120.13944,1798.3,TRUCKEE AIRPORT - CA US,24.9,21.6,9999.9,825.4,5.9,0.0,4.1,999.9,48.2,12.0,0.0,2.0,FLAG_MISSING_SLP,True,False,False,False,False,False
72584693201,12/22/2020,39.32,-120.13944,1798.3,TRUCKEE AIRPORT - CA US,34.4,17.6,9999.9,819.8,10.0,3.6,22.0,28.9,53.1,12.0,99.99,2.0,FLAG_MISSING_SLP | FLAG_MISSING_PRCP,False,True,False,False,False,False
72584693201,12/23/2020,39.32,-120.13944,1798.3,TRUCKEE AIRPORT - CA US,19.0,12.1,9999.9,826.7,10.0,0.8,5.1,999.9,35.6,3.2,0.0,1.2,FLAG_MISSING_SLP,False,False,False,False,False,False
72584693201,12/24/2020,39.32,-120.13944,1798.3,TRUCKEE AIRPORT - CA US,18.4,12.0,9999.9,828.0,9.6,0.1,4.1,999.9,39.2,7.0,0.0,1.2,FLAG_MISSING_SLP,False,False,False,False,False,False
72584693201,12/25/2020,39.32,-120.13944,1798.3,TRUCKEE AIRPORT - CA US,21.8,16.8,9999.9,823.1,10.0,0.2,6.0,999.9,30.2,14.0,0.0,999.9,FLAG_MISSING_SLP,False,False,False,False,False,False
72584693201,12/26/2020,39.32,-120.13944,1798.3,TRUCKEE AIRPORT - CA US,33.6,30.5,9999.9,818.8,6.5,12.6,22.9,32.1,37.4,28.9,99.99,3.1,FLAG_MISSING_SLP | FLAG_MISSING_PRCP,False,True,True,False,False,False
72584693201,12/27/2020,39.32,-120.13944,1798.3,TRUCKEE AIRPORT - CA US,23.8,21.8,9999.9,819.2,5.3,0.3,4.1,999.9,35.1,16.0,0.0,2.0,FLAG_MISSING_SLP,True,False,False,False,False,False
72584693201,12/28/2020,39.32,-120.13944,1798.3,TRUCKEE AIRPORT - CA US,24.4,21.4,9999.9,811.5,8.9,0.3,4.1,999.9,33.1,15.1,99.99,2.0,FLAG_MISSING_SLP | FLAG_MISSING_PRCP,False,False,True,False,False,False
72584693201,12/29/2020,39.32,-120.13944,1798.3,TRUCKEE AIRPORT - CA US,18.4,13.8,9999.9,820.4,8.8,0.6,5.1,999.9,33.8,3.2,0.0,2.0,FLAG_MISSING_SLP,True,False,False,False,False,False
72584693201,12/30/2020,39.32,-120.13944,1798.3,TRUCKEE AIRPORT - CA US,21.5,15.3,9999.9,826.8,9.6,1.0,7.0,999.9,42.8,12.0,0.0,2.0,FLAG_MISSING_SLP,False,False,False,False,False,False
72584693201,1/1/2021,39.32,-120.13944,1798.3,TRUCKEE AIRPORT - CA US,23.1,18.8,9999.9,821.9,6.3,0.2,4.1,999.9,35.6,5.9,0.0,5.1,FLAG_SPARSE_STP_OBSERVATIONS | FLAG_MISSING_SLP,True,False,False,False,False,False
72584693201,1/2/2021,39.32,-120.13944,1798.3,TRUCKEE AIRPORT - CA US,32.6,25.4,9999.9,822.3,10.0,4.2,12.0,15.9,42.8,21.9,0.0,3.9,FLAG_MISSING_SLP,False,False,False,False,False,False
72584693201,1/3/2021,39.32,-120.13944,1798.3,TRUCKEE AIRPORT - CA US,35.9,30.1,9999.9,822.9,10.0,3.3,12.0,22.0,44.1,19.9,99.99,2.0,FLAG_MISSING_SLP | FLAG_MISSING_PRCP,False,True,False,False,False,False
72584693201,1/4/2021,39.32,-120.13944,1798.3,TRUCKEE AIRPORT - CA US,35.0,31.2,9999.9,820.1,8.5,7.7,26.0,31.1,44.1,26.1,99.99,1.2,FLAG_MISSING_SLP | FLAG_MISSING_PRCP,False,True,False,False,False,False
72584693201,1/5/2021,39.32,-120.13944,1798.3,TRUCKEE AIRPORT - CA US,28.5,22.3,9999.9,822.9,9.3,3.7,19.0,34.0,44.6,15.8,99.99,1.2,FLAG_MISSING_SLP | FLAG_MISSING_PRCP,False,False,True,False,False,False
72584693201,1/6/2021,39.32,-120.13944,1798.3,TRUCKEE AIRPORT - CA US,27.9,19.2,9999.9,824.4,10.0,2.6,14.0,27.0,46.4,14.9,0.0,2.0,FLAG_MISSING_SLP,True,False,False,False,False,False
72584693201,1/7/2021,39.32,-120.13944,1798.3,TRUCKEE AIRPORT - CA US,26.3,18.8,9999.9,824.9,10.0,1.4,4.1,999.9,42.8,12.2,0.0,2.0,FLAG_MISSING_SLP,False,False,False,False,False,False
72584693201,1/8/2021,39.32,-120.13944,1798.3,TRUCKEE AIRPORT - CA US,30.6,22.5,9999.9,823.4,10.0,3.7,15.9,22.9,42.8,19.4,0.0,999.9,FLAG_MISSING_SLP,False,False,False,False,False,False
72584693201,1/9/2021,39.32,-120.13944,1798.3,TRUCKEE AIRPORT - CA US,26.5,21.1,9999.9,825.7,8.4,0.6,7.0,999.9,45.0,12.9,0.0,2.0,FLAG_MISSING_SLP,True,False,False,False,False,False
72584693201,1/10/2021,39.32,-120.13944,1798.3,TRUCKEE AIRPORT - CA US,29.2,22.3,9999.9,825.0,10.0,1.4,8.0,999.9,44.6,17.6,0.0,999.9,FLAG_MISSING_SLP,False,False,False,False,False,False
72584693201,1/11/2021,39.32,-120.13944,1798.3,TRUCKEE AIRPORT - CA US,30.2,25.2,9999.9,825.8,9.3,0.7,7.0,999.9,50.0,18.0,0.0,999.9,FLAG_MISSING_SLP,True,False,False,False,False,False
72584693201,1/12/2021,39.32,-120.13944,1798.3,TRUCKEE AIRPORT - CA US,35.5,23.0,9999.9,825.3,10.0,2.3,8.9,999.9,51.1,18.0,0.0,999.9,FLAG_MISSING_SLP,False,False,False,False,False,False
72584693201,1/13/2021,39.32,-120.13944,1798.3,TRUCKEE AIRPORT - CA US,40.9,34.1,9999.9,828.8,10.0,3.8,9.9,17.1,52.0,28.9,99.99,999.9,FLAG_MISSING_SLP | FLAG_MISSING_PRCP,False,True,False,False,False,False
72584693201,1/14/2021,39.32,-120.13944,1798.3,TRUCKEE AIRPORT - CA US,31.0,26.0,9999.9,831.8,6.2,0.3,4.1,999.9,55.4,12.2,0.0,1.2,FLAG_MISSING_SLP,True,False,False,False,False,False
72584693201,1/15/2021,39.32,-120.13944,1798.3,TRUCKEE AIRPORT - CA US,33.0,24.3,9999.9,831.6,10.0,1.0,8.9,999.9,59.0,19.9,0.0,999.9,FLAG_MISSING_SLP,False,False,False,False,False,False
72584693201,1/16/2021,39.32,-120.13944,1798.3,TRUCKEE AIRPORT - CA US,36.4,27.8,9999.9,827.9,10.0,1.1,6.0,999.9,62.1,19.0,0.0,999.9,FLAG_MISSING_SLP,False,False,False,False,False,False
72584693201,1/17/2021,39.32,-120.13944,1798.3,TRUCKEE AIRPORT - CA US,35.1,27.3,9999.9,827.5,10.0,0.7,4.1,999.9,55.4,21.0,0.0,999.9,FLAG_MISSING_SLP,False,False,False,False,False,False
72584693201,1/18/2021,39.32,-120.13944,1798.3,TRUCKEE AIRPORT - CA US,34.2,23.9,9999.9,823.9,10.0,3.0,15.0,21.0,57.0,19.9,0.0,999.9,FLAG_MISSING_SLP,False,False,False,False,False,False
72584693201,1/19/2021,39.32,-120.13944,1798.3,TRUCKEE AIRPORT - CA US,30.9,12.5,9999.9,820.5,10.0,11.0,20.0,28.9,48.0,21.0,0.0,999.9,FLAG_MISSING_SLP,False,False,False,False,False,False
72584693201,1/20/2021,39.32,-120.13944,1798.3,TRUCKEE AIRPORT - CA US,28.7,13.7,9999.9,822.6,10.0,3.9,17.1,27.0,51.8,15.8,0.0,999.9,FLAG_MISSING_SLP,False,False,False,False,False,False
72584693201,1/21/2021,39.32,-120.13944,1798.3,TRUCKEE AIRPORT - CA US,29.1,18.8,9999.9,820.6,10.0,1.8,14.0,999.9,50.0,15.8,0.0,999.9,FLAG_MISSING_SLP,False,False,False,False,False,False
72584693201,1/22/2021,39.32,-120.13944,1798.3,TRUCKEE AIRPORT - CA US,35.4,19.6,9999.9,813.2,9.7,9.2,15.9,24.1,42.8,30.9,0.0,999.9,FLAG_MISSING_SLP,False,False,False,False,False,False
72584693201,1/23/2021,39.32,-120.13944,1798.3,TRUCKEE AIRPORT - CA US,28.7,22.7,9999.9,811.7,8.3,3.3,8.9,999.9,45.0,21.9,99.99,1.2,FLAG_MISSING_SLP | FLAG_MISSING_PRCP,False,False,True,False,False,False
72584693201,1/24/2021,39.32,-120.13944,1798.3,TRUCKEE AIRPORT - CA US,21.1,16.3,9999.9,812.7,9.4,2.3,8.0,11.1,33.8,8.6,99.99,999.9,FLAG_MISSING_SLP | FLAG_MISSING_PRCP,True,False,True,False,False,False
72584693201,1/25/2021,39.32,-120.13944,1798.3,TRUCKEE AIRPORT - CA US,25.4,20.7,9999.9,805.5,6.8,3.1,8.0,999.9,36.0,8.1,99.99,1.2,FLAG_MISSING_SLP | FLAG_MISSING_PRCP,False,False,True,False,False,False
72584693201,1/26/2021,39.32,-120.13944,1798.3,TRUCKEE AIRPORT - CA US,19.5,12.0,9999.9,808.9,8.8,3.4,15.0,21.0,28.4,3.2,99.99,1.2,FLAG_MISSING_SLP | FLAG_MISSING_PRCP,False,False,True,False,False,False
72584693201,1/27/2021,39.32,-120.13944,1798.3,TRUCKEE AIRPORT - CA US,29.1,23.4,9999.9,806.5,3.9,14.0,26.0,39.0,32.0,9.0,99.99,7.1,FLAG_MISSING_SLP | FLAG_MISSING_PRCP,False,False,True,False,False,False
72584693201,1/28/2021,39.32,-120.13944,1798.3,TRUCKEE AIRPORT - CA US,31.6,30.1,9999.9,807.8,1.4,9.0,17.1,27.0,32.0,26.1,99.99,22.8,FLAG_MISSING_SLP | FLAG_MISSING_PRCP,False,False,True,False,False,False
72584693201,1/29/2021,39.32,-120.13944,1798.3,TRUCKEE AIRPORT - CA US,27.8,26.6,9999.9,808.2,2.7,0.2,2.9,999.9,30.2,23.0,99.99,29.9,FLAG_MISSING_SLP | FLAG_MISSING_PRCP,True,False,True,False,False,False
72584693201,1/30/2021,39.32,-120.13944,1798.3,TRUCKEE AIRPORT - CA US,24.9,18.2,9999.9,816.4,9.8,2.7,8.0,999.9,37.4,14.9,0.0,26.0,FLAG_MISSING_SLP,False,False,False,False,False,False
72584693201,1/31/2021,39.32,-120.13944,1798.3,TRUCKEE AIRPORT - CA US,30.2,24.7,9999.9,999.9,7.0,1.7,7.0,999.9,44.6,15.8,0.0,24.0,FLAG_MISSING_SLP,True,False,False,False,False,False
72584693201,2/1/2021,39.32,-120.13944,1798.3,TRUCKEE AIRPORT - CA US,37.1,28.0,9999.9,819.3,8.8,9.7,22.0,34.0,46.9,19.9,0.0,18.1,FLAG_MISSING_SLP,True,False,False,False,False,False
72584693201,2/2/2021,39.32,-120.13944,1798.3,TRUCKEE AIRPORT - CA US,37.7,28.6,9999.9,818.1,9.4,12.2,22.0,33.0,48.0,32.0,99.99,9.8,FLAG_MISSING_SLP | FLAG_MISSING_PRCP,False,False,True,False,False,False
72584693201,2/3/2021,39.32,-120.13944,1798.3,TRUCKEE AIRPORT - CA US,30.9,23.4,9999.9,818.8,8.3,6.1,14.0,22.9,39.9,21.0,99.99,9.1,FLAG_MISSING_SLP | FLAG_MISSING_PRCP,False,False,True,False,False,False
72584693201,2/4/2021,39.32,-120.13944,1798.3,TRUCKEE AIRPORT - CA US,21.6,16.1,9999.9,823.5,8.8,1.6,8.9,999.9,35.6,10.4,0.0,9.1,FLAG_MISSING_SLP,False,False,False,False,False,False
72584693201,2/5/2021,39.32,-120.13944,1798.3,TRUCKEE AIRPORT - CA US,23.7,15.4,9999.9,826.5,8.1,1.1,7.0,999.9,48.2,6.8,0.0,9.1,FLAG_MISSING_SLP,True,False,False,False,False,False
72584693201,2/6/2021,39.32,-120.13944,1798.3,TRUCKEE AIRPORT - CA US,25.5,15.6,9999.9,824.1,9.2,0.6,4.1,999.9,52.0,7.0,0.0,9.1,FLAG_MISSING_SLP,True,False,False,False,False,False
72584693201,2/7/2021,39.32,-120.13944,1798.3,TRUCKEE AIRPORT - CA US,26.1,16.3,9999.9,821.1,9.6,0.6,4.1,999.9,50.0,8.6,0.0,7.9,FLAG_MISSING_SLP,True,False,False,False,False,False
72584693201,2/8/2021,39.32,-120.13944,1798.3,TRUCKEE AIRPORT - CA US,25.3,12.8,9999.9,817.8,10.0,0.3,5.1,999.9,53.1,10.0,0.0,7.1,FLAG_MISSING_SLP,False,False,False,False,False,False
72584693201,2/9/2021,39.32,-120.13944,1798.3,TRUCKEE AIRPORT - CA US,36.7,27.4,9999.9,817.5,10.0,3.4,15.0,999.9,44.6,30.9,0.0,7.1,FLAG_MISSING_SLP,False,False,False,False,False,False
72584693201,2/10/2021,39.32,-120.13944,1798.3,TRUCKEE AIRPORT - CA US,36.4,31.8,9999.9,819.0,9.1,1.2,8.0,999.9,48.2,30.2,99.99,999.9,FLAG_MISSING_SLP | FLAG_MISSING_PRCP,True,True,False,False,False,False
72584693201,2/11/2021,39.32,-120.13944,1798.3,TRUCKEE AIRPORT - CA US,32.3,28.0,9999.9,819.8,8.2,3.7,13.0,18.1,44.6,23.0,99.99,999.9,FLAG_MISSING_SLP | FLAG_MISSING_PRCP,False,True,False,False,False,False
72584693201,2/12/2021,39.32,-120.13944,1798.3,TRUCKEE AIRPORT - CA US,31.7,29.1,9999.9,814.2,5.5,3.4,15.0,22.0,42.8,21.2,99.99,999.9,FLAG_MISSING_SLP | FLAG_MISSING_PRCP,True,True,True,False,False,False
72584693201,2/13/2021,39.32,-120.13944,1798.3,TRUCKEE AIRPORT - CA US,33.2,29.8,9999.9,814.7,6.1,2.1,12.0,22.0,39.2,32.0,99.99,11.0,FLAG_MISSING_SLP | FLAG_MISSING_PRCP,False,False,True,False,False,False
72584693201,2/14/2021,39.32,-120.13944,1798.3,TRUCKEE AIRPORT - CA US,25.8,21.5,9999.9,816.4,8.4,1.4,7.0,999.9,37.0,16.0,99.99,7.9,FLAG_MISSING_SLP | FLAG_MISSING_PRCP,False,False,True,False,False,False
72584693201,2/15/2021,39.32,-120.13944,1798.3,TRUCKEE AIRPORT - CA US,35.5,31.5,9999.9,816.6,9.0,4.7,15.0,27.0,42.8,32.0,99.99,7.1,FLAG_MISSING_SLP | FLAG_MISSING_PRCP,False,True,True,False,False,False
72584693201,2/16/2021,39.32,-120.13944,1798.3,TRUCKEE AIRPORT - CA US,31.1,23.6,9999.9,817.7,9.3,3.8,14.0,19.0,37.4,19.4,99.99,999.9,FLAG_MISSING_SLP | FLAG_MISSING_PRCP,False,True,True,False,False,False
72584693201,2/17/2021,39.32,-120.13944,1798.3,TRUCKEE AIRPORT - CA US,22.6,13.0,9999.9,820.5,9.8,3.2,12.0,999.9,35.6,6.8,0.0,7.1,FLAG_MISSING_SLP,True,False,False,False,False,False
72584693201,2/18/2021,39.32,-120.13944,1798.3,TRUCKEE AIRPORT - CA US,18.2,9.9,9999.9,825.5,9.7,1.4,7.0,999.9,35.1,5.0,99.99,7.1,FLAG_MISSING_SLP | FLAG_MISSING_PRCP,False,False,True,False,False,False
72584693201,2/19/2021,39.32,-120.13944,1798.3,TRUCKEE AIRPORT - CA US,35.8,26.4,9999.9,824.2,9.8,6.7,19.0,28.9,44.6,30.2,99.99,999.9,FLAG_MISSING_SLP | FLAG_MISSING_PRCP,False,False,True,False,False,False
72584693201,2/20/2021,39.32,-120.13944,1798.3,TRUCKEE AIRPORT - CA US,31.4,22.8,9999.9,820.5,8.2,9.3,15.9,26.0,37.4,24.8,99.99,999.9,FLAG_MISSING_SLP | FLAG_MISSING_PRCP,False,False,True,False,False,False
72584693201,2/21/2021,39.32,-120.13944,1798.3,TRUCKEE AIRPORT - CA US,24.4,15.7,9999.9,828.8,10.0,1.9,8.9,999.9,42.8,10.4,0.0,999.9,FLAG_MISSING_SLP,False,False,False,False,False,False
72584693201,2/22/2021,39.32,-120.13944,1798.3,TRUCKEE AIRPORT - CA US,30.4,19.7,9999.9,830.2,10.0,2.5,7.0,999.9,53.6,14.9,0.0,3.1,FLAG_MISSING_SLP,False,False,False,False,False,False
72584693201,2/23/2021,39.32,-120.13944,1798.3,TRUCKEE AIRPORT - CA US,32.9,20.0,9999.9,826.0,10.0,2.0,8.0,999.9,55.0,12.9,0.0,5.1,FLAG_MISSING_SLP,True,False,False,False,False,False
72584693201,2/24/2021,39.32,-120.13944,1798.3,TRUCKEE AIRPORT - CA US,26.3,11.5,9999.9,824.0,10.0,2.3,11.1,999.9,48.2,8.6,0.0,3.9,FLAG_MISSING_SLP,False,False,False,False,False,False
72584693201,2/25/2021,39.32,-120.13944,1798.3,TRUCKEE AIRPORT - CA US,23.1,6.5,9999.9,826.5,10.0,3.3,13.0,15.9,48.2,6.8,0.0,3.9,FLAG_MISSING_SLP,False,False,False,False,False,False
72584693201,2/26/2021,39.32,-120.13944,1798.3,TRUCKEE AIRPORT - CA US,27.0,11.9,9999.9,821.9,10.0,4.7,21.0,27.0,44.6,8.6,0.0,3.1,FLAG_MISSING_SLP,False,False,False,False,False,False
72584693201,2/27/2021,39.32,-120.13944,1798.3,TRUCKEE AIRPORT - CA US,26.4,15.5,9999.9,818.5,10.0,4.9,11.1,18.1,37.4,12.2,0.0,2.0,FLAG_MISSING_SLP,False,False,False,False,False,False
72584693201,2/28/2021,39.32,-120.13944,1798.3,TRUCKEE AIRPORT - CA US,25.5,11.5,9999.9,823.3,10.0,2.5,8.9,15.0,45.0,9.0,0.0,2.0,FLAG_MISSING_SLP,False,False,False,False,False,False
72584693201,3/1/2021,39.32,-120.13944,1798.3,TRUCKEE AIRPORT - CA US,30.0,15.4,9999.9,823.0,10.0,3.8,14.0,18.1,46.4,14.0,0.0,2.0,FLAG_MISSING_SLP,False,False,False,False,False,False
72584693201,3/2/2021,39.32,-120.13944,1798.3,TRUCKEE AIRPORT - CA US,29.8,16.6,9999.9,819.6,10.0,1.4,9.9,999.9,52.0,12.0,0.0,1.2,FLAG_MISSING_SLP,False,False,False,False,False,False
72584693201,3/3/2021,39.32,-120.13944,1798.3,TRUCKEE AIRPORT - CA US,31.1,18.8,9999.9,814.3,10.0,0.6,6.0,999.9,54.0,15.1,0.0,999.9,FLAG_MISSING_SLP,False,False,False,False,False,False
72584693201,3/4/2021,39.32,-120.13944,1798.3,TRUCKEE AIRPORT - CA US,33.7,18.5,9999.9,819.7,10.0,3.0,12.0,15.9,50.0,15.1,0.0,999.9,FLAG_MISSING_SLP,False,False,False,False,False,False
72584693201,3/5/2021,39.32,-120.13944,1798.3,TRUCKEE AIRPORT - CA US,34.2,20.4,9999.9,823.9,10.0,3.4,15.9,25.1,54.0,16.0,0.0,999.9,FLAG_MISSING_SLP,False,False,False,False,False,False
72584693201,3/6/2021,39.32,-120.13944,1798.3,TRUCKEE AIRPORT - CA US,38.2,20.0,9999.9,816.4,9.0,12.6,35.9,47.0,48.2,30.2,99.99,3.1,FLAG_MISSING_SLP | FLAG_MISSING_PRCP,False,False,True,False,False,False
72584693201,3/7/2021,39.32,-120.13944,1798.3,TRUCKEE AIRPORT - CA US,32.6,21.7,9999.9,818.9,10.0,2.1,8.9,15.9,51.8,19.4,0.0,999.9,FLAG_MISSING_SLP,False,False,False,False,False,False
72584693201,3/8/2021,39.32,-120.13944,1798.3,TRUCKEE AIRPORT - CA US,34.4,24.1,9999.9,817.0,9.6,10.5,18.1,29.9,48.2,28.4,99.99,999.9,FLAG_MISSING_SLP | FLAG_MISSING_PRCP,False,False,True,False,False,False
72584693201,3/9/2021,39.32,-120.13944,1798.3,TRUCKEE AIRPORT - CA US,27.8,19.3,9999.9,817.8,8.1,4.8,12.0,20.0,33.8,17.6,99.99,3.1,FLAG_MISSING_SLP | FLAG_MISSING_PRCP,False,False,True,False,True,False
72584693201,3/10/2021,39.32,-120.13944,1798.3,TRUCKEE AIRPORT - CA US,28.4,21.6,9999.9,811.9,6.9,4.7,13.0,17.1,37.0,12.9,99.99,2.0,FLAG_MISSING_SLP | FLAG_MISSING_PRCP,False,False,True,False,False,False
72584693201,3/11/2021,39.32,-120.13944,1798.3,TRUCKEE AIRPORT - CA US,22.9,16.0,9999.9,814.4,10.0,2.7,8.0,999.9,33.8,10.4,99.99,999.9,FLAG_MISSING_SLP | FLAG_MISSING_PRCP,False,False,True,False,False,False
72584693201,3/12/2021,39.32,-120.13944,1798.3,TRUCKEE AIRPORT - CA US,29.9,20.7,9999.9,819.8,7.7,6.1,15.0,20.0,41.0,15.8,99.99,1.2,FLAG_MISSING_SLP | FLAG_MISSING_PRCP,False,False,True,False,False,False
72584693201,3/13/2021,39.32,-120.13944,1798.3,TRUCKEE AIRPORT - CA US,28.6,12.7,9999.9,823.0,10.0,1.4,8.0,999.9,51.8,10.9,0.0,999.9,FLAG_MISSING_SLP,False,False,False,False,False,False
72584693201,3/14/2021,39.32,-120.13944,1798.3,TRUCKEE AIRPORT - CA US,32.6,21.6,9999.9,822.2,10.0,4.3,20.0,28.9,53.1,10.9,0.0,999.9,FLAG_MISSING_SLP,False,False,False,False,False,False
72584693201,3/15/2021,39.32,-120.13944,1798.3,TRUCKEE AIRPORT - CA US,29.2,18.7,9999.9,812.0,7.5,7.5,19.0,32.1,53.1,19.0,99.99,2.0,FLAG_MISSING_SLP | FLAG_MISSING_PRCP,False,False,True,False,False,False
72584693201,3/16/2021,39.32,-120.13944,1798.3,TRUCKEE AIRPORT - CA US,31.7,23.4,9999.9,814.5,10.0,3.2,13.0,999.9,44.6,21.2,99.99,999.9,FLAG_MISSING_SLP | FLAG_MISSING_PRCP,False,False,True,False,False,False
72584693201,3/17/2021,39.32,-120.13944,1798.3,TRUCKEE AIRPORT - CA US,28.3,19.7,9999.9,818.1,10.0,1.3,14.0,17.1,48.2,15.8,0.0,999.9,FLAG_MISSING_SLP,False,False,False,False,False,False
72584693201,3/18/2021,39.32,-120.13944,1798.3,TRUCKEE AIRPORT - CA US,42.4,21.8,9999.9,818.9,9.8,9.5,17.1,25.1,50.0,37.0,99.99,999.9,FLAG_MISSING_SLP | FLAG_MISSING_PRCP,False,True,False,False,False,False
72584693201,3/19/2021,39.32,-120.13944,1798.3,TRUCKEE AIRPORT - CA US,38.3,33.1,9999.9,819.5,9.3,8.5,17.1,26.0,52.0,28.0,99.99,999.9,FLAG_MISSING_SLP | FLAG_MISSING_PRCP,False,True,True,False,False,False
72584693201,3/20/2021,39.32,-120.13944,1798.3,TRUCKEE AIRPORT - CA US,32.3,24.9,9999.9,819.7,9.4,5.7,13.0,17.1,46.0,23.0,99.99,999.9,FLAG_MISSING_SLP | FLAG_MISSING_PRCP,False,True,True,False,False,False
72584693201,3/21/2021,39.32,-120.13944,1798.3,TRUCKEE AIRPORT - CA US,30.4,19.2,9999.9,823.2,10.0,4.2,36.9,999.9,50.0,17.1,99.99,999.9,FLAG_MISSING_SLP | FLAG_MISSING_PRCP,False,False,True,False,False,False
72584693201,3/22/2021,39.32,-120.13944,1798.3,TRUCKEE AIRPORT - CA US,32.9,23.2,9999.9,821.3,10.0,4.2,12.0,17.1,48.0,14.0,99.99,999.9,FLAG_MISSING_SLP | FLAG_MISSING_PRCP,False,False,True,False,False,False
72584693201,3/23/2021,39.32,-120.13944,1798.3,TRUCKEE AIRPORT - CA US,31.4,22.5,9999.9,818.8,9.5,9.5,21.0,32.1,44.1,21.9,99.99,999.9,FLAG_MISSING_SLP | FLAG_MISSING_PRCP,False,False,True,False,False,False
72584693201,3/24/2021,39.32,-120.13944,1798.3,TRUCKEE AIRPORT - CA US,30.6,13.0,9999.9,820.2,10.0,5.3,19.0,29.9,51.8,17.1,0.0,999.9,FLAG_MISSING_SLP,False,False,False,False,False,False
72584693201,3/25/2021,39.32,-120.13944,1798.3,TRUCKEE AIRPORT - CA US,35.8,21.4,9999.9,810.8,10.0,4.8,12.0,19.0,52.0,15.1,0.0,999.9,FLAG_MISSING_SLP,False,False,False,False,False,False
72584693201,3/26/2021,39.32,-120.13944,1798.3,TRUCKEE AIRPORT - CA US,35.1,17.9,9999.9,816.2,10.0,6.4,12.0,17.1,50.0,19.9,0.0,999.9,FLAG_MISSING_SLP,False,False,False,False,False,False
72584693201,3/27/2021,39.32,-120.13944,1798.3,TRUCKEE AIRPORT - CA US,36.5,15.7,9999.9,826.0,10.0,1.9,11.1,15.0,62.6,19.4,0.0,999.9,FLAG_MISSING_SLP,False,False,False,False,False,False
72584693201,3/28/2021,39.32,-120.13944,1798.3,TRUCKEE AIRPORT - CA US,41.4,22.3,9999.9,827.9,10.0,3.2,15.0,20.0,63.0,18.0,0.0,999.9,FLAG_MISSING_SLP,False,False,False,False,False,False
72584693201,3/29/2021,39.32,-120.13944,1798.3,TRUCKEE AIRPORT - CA US,43.4,21.8,9999.9,821.1,10.0,5.3,12.0,17.1,64.9,21.9,0.0,999.9,FLAG_MISSING_SLP,False,False,False,False,False,False
72584693201,3/30/2021,39.32,-120.13944,1798.3,TRUCKEE AIRPORT - CA US,35.6,14.6,9999.9,821.1,10.0,4.2,12.0,15.0,61.0,17.1,0.0,999.9,FLAG_MISSING_SLP,False,False,False,False,False,False
72584693201,3/31/2021,39.32,-120.13944,1798.3,TRUCKEE AIRPORT - CA US,37.2,10.8,9999.9,826.4,10.0,3.0,13.0,20.0,62.6,16.0,0.0,999.9,FLAG_MISSING_SLP,False,False,False,False,False,False
72584693201,4/1/2021,39.32,-120.13944,1798.3,TRUCKEE AIRPORT - CA US,42.2,18.9,9999.9,822.5,10.0,3.4,12.0,20.0,64.9,16.0,0.0,999.9,FLAG_MISSING_SLP,False,False,False,False,False,False
72584693201,4/2/2021,39.32,-120.13944,1798.3,TRUCKEE AIRPORT - CA US,44.8,20.7,9999.9,820.5,10.0,4.6,17.1,21.0,64.9,19.9,0.0,999.9,FLAG_MISSING_SLP,False,False,False,False,False,False
72584693201,4/3/2021,39.32,-120.13944,1798.3,TRUCKEE AIRPORT - CA US,47.3,22.3,9999.9,822.7,10.0,4.5,12.0,20.0,66.9,21.0,0.0,999.9,FLAG_MISSING_SLP,False,False,False,False,False,False
72584693201,4/4/2021,39.32,-120.13944,1798.3,TRUCKEE AIRPORT - CA US,46.1,21.3,9999.9,823.2,10.0,3.7,14.0,19.0,69.1,26.1,0.0,999.9,FLAG_MISSING_SLP,False,False,False,False,False,False
72584693201,4/5/2021,39.32,-120.13944,1798.3,TRUCKEE AIRPORT - CA US,45.4,23.4,9999.9,819.2,10.0,6.2,15.0,21.0,66.0,28.0,0.0,999.9,FLAG_MISSING_SLP,False,False,False,False,False,False
72584693201,4/6/2021,39.32,-120.13944,1798.3,TRUCKEE AIRPORT - CA US,40.4,25.6,9999.9,819.4,8.6,2.9,11.1,14.0,62.6,23.0,0.0,999.9,FLAG_MISSING_SLP,True,False,False,False,False,False
72584693201,4/7/2021,39.32,-120.13944,1798.3,TRUCKEE AIRPORT - CA US,41.2,25.5,9999.9,821.7,9.3,4.5,15.0,22.0,66.0,23.0,0.0,999.9,FLAG_MISSING_SLP,True,False,False,False,False,False
72584693201,4/8/2021,39.32,-120.13944,1798.3,TRUCKEE AIRPORT - CA US,37.7,19.6,9999.9,822.3,10.0,3.1,13.0,17.1,61.0,19.0,0.0,999.9,FLAG_MISSING_SLP,False,False,False,False,False,False
72584693201,4/9/2021,39.32,-120.13944,1798.3,TRUCKEE AIRPORT - CA US,40.8,24.5,9999.9,821.9,8.9,4.2,13.0,21.0,62.6,21.0,0.0,999.9,FLAG_MISSING_SLP,True,False,False,False,False,False
72584693201,4/10/2021,39.32,-120.13944,1798.3,TRUCKEE AIRPORT - CA US,41.8,23.9,9999.9,821.0,10.0,3.8,14.0,19.0,64.4,21.0,0.0,999.9,FLAG_MISSING_SLP,False,False,False,False,False,False
72584693201,4/11/2021,39.32,-120.13944,1798.3,TRUCKEE AIRPORT - CA US,42.3,23.5,9999.9,818.3,9.9,2.4,11.1,15.0,66.0,21.0,0.0,999.9,FLAG_MISSING_SLP,False,False,False,False,False,False
72584693201,4/12/2021,39.32,-120.13944,1798.3,TRUCKEE AIRPORT - CA US,42.0,18.8,9999.9,817.1,10.0,2.6,9.9,999.9,62.6,21.2,0.0,999.9,FLAG_MISSING_SLP,False,False,False,False,False,False
72584693201,4/13/2021,39.32,-120.13944,1798.3,TRUCKEE AIRPORT - CA US,40.6,25.3,9999.9,813.2,9.3,5.9,14.0,24.1,64.0,21.9,99.99,999.9,FLAG_MISSING_SLP | FLAG_MISSING_PRCP,False,False,True,False,False,False
72584693201,4/14/2021,39.32,-120.13944,1798.3,TRUCKEE AIRPORT - CA US,33.2,29.2,9999.9,814.5,7.1,1.5,8.9,999.9,55.9,25.0,99.99,3.1,FLAG_MISSING_SLP | FLAG_MISSING_PRCP,False,True,True,False,False,False
72584693201,4/15/2021,39.32,-120.13944,1798.3,TRUCKEE AIRPORT - CA US,34.1,26.1,9999.9,818.2,7.7,2.3,9.9,999.9,48.2,21.2,0.0,999.9,FLAG_MISSING_SLP,True,False,False,False,False,False
72584693201,4/16/2021,39.32,-120.13944,1798.3,TRUCKEE AIRPORT - CA US,38.4,25.1,9999.9,819.9,9.0,2.6,11.1,17.1,54.0,21.9,0.0,999.9,FLAG_MISSING_SLP,True,False,False,False,False,False
72584693201,4/17/2021,39.32,-120.13944,1798.3,TRUCKEE AIRPORT - CA US,39.4,18.6,9999.9,822.0,10.0,5.0,14.0,22.9,57.0,19.9,0.0,999.9,FLAG_MISSING_SLP,False,False,False,False,False,False
72584693201,4/18/2021,39.32,-120.13944,1798.3,TRUCKEE AIRPORT - CA US,41.3,15.7,9999.9,825.2,10.0,2.7,15.0,21.0,66.2,21.2,0.0,999.9,FLAG_MISSING_SLP,False,False,False,False,False,False
72584693201,4/19/2021,39.32,-120.13944,1798.3,TRUCKEE AIRPORT - CA US,47.5,24.1,9999.9,824.1,10.0,4.1,15.9,20.0,68.0,21.9,0.0,999.9,FLAG_MISSING_SLP,False,False,False,False,False,False
72584693201,4/20/2021,39.32,-120.13944,1798.3,TRUCKEE AIRPORT - CA US,45.5,27.6,9999.9,818.7,9.2,4.6,15.0,20.0,64.4,24.8,0.0,999.9,FLAG_MISSING_SLP,True,False,False,False,False,False
72584693201,4/21/2021,39.32,-120.13944,1798.3,TRUCKEE AIRPORT - CA US,46.3,24.5,9999.9,814.3,10.0,3.7,11.1,15.9,57.2,26.6,99.99,999.9,FLAG_MISSING_SLP | FLAG_MISSING_PRCP,False,True,False,False,False,False
72584693201,4/22/2021,39.32,-120.13944,1798.3,TRUCKEE AIRPORT - CA US,42.7,20.6,9999.9,816.1,10.0,4.5,15.0,21.0,61.0,21.0,0.0,999.9,FLAG_MISSING_SLP,False,False,False,False,False,False
72584693201,4/23/2021,39.32,-120.13944,1798.3,TRUCKEE AIRPORT - CA US,42.5,28.0,9999.9,817.3,9.1,4.1,17.1,22.0,64.0,23.0,0.0,999.9,FLAG_MISSING_SLP,True,False,False,False,False,False
72584693201,4/24/2021,39.32,-120.13944,1798.3,TRUCKEE AIRPORT - CA US,46.0,28.2,9999.9,999.9,10.0,11.0,19.0,29.9,64.9,25.0,99.99,999.9,FLAG_MISSING_SLP | FLAG_MISSING_PRCP,False,True,False,False,False,False
72584693201,4/25/2021,39.32,-120.13944,1798.3,TRUCKEE AIRPORT - CA US,38.4,25.8,9999.9,810.9,10.0,12.1,17.1,24.1,42.8,28.4,99.99,999.9,FLAG_SPARSE_STP_OBSERVATIONS | FLAG_MISSING_SLP | FLAG_MISSING_PRCP,False,True,True,False,False,False
72584693201,4/26/2021,39.32,-120.13944,1798.3,TRUCKEE AIRPORT - CA US,31.8,21.8,9999.9,811.6,8.9,6.0,12.0,19.0,44.6,14.0,99.99,999.9,FLAG_MISSING_SLP | FLAG_MISSING_PRCP,False,True,True,False,False,False
72584693201,4/27/2021,39.32,-120.13944,1798.3,TRUCKEE AIRPORT - CA US,35.5,24.0,9999.9,816.4,10.0,5.6,15.9,21.0,50.0,23.0,99.99,999.9,FLAG_MISSING_SLP | FLAG_MISSING_PRCP,False,False,True,False,False,False
72584693201,4/28/2021,39.32,-120.13944,1798.3,TRUCKEE AIRPORT - CA US,40.4,18.9,9999.9,825.5,10.0,3.2,13.0,18.1,66.2,17.6,0.0,999.9,FLAG_MISSING_SLP,False,False,False,False,False,False
72584693201,4/29/2021,39.32,-120.13944,1798.3,TRUCKEE AIRPORT - CA US,50.5,23.8,9999.9,828.5,10.0,3.3,13.0,15.9,78.8,26.6,0.0,999.9,FLAG_MISSING_SLP,False,False,False,False,False,False
72584693201,4/30/2021,39.32,-120.13944,1798.3,TRUCKEE AIRPORT - CA US,52.7,33.3,9999.9,827.7,10.0,3.5,12.0,18.1,81.0,28.0,0.0,999.9,FLAG_MISSING_SLP,False,False,False,False,False,False
72584693201,5/1/2021,39.32,-120.13944,1798.3,TRUCKEE AIRPORT - CA US,53.1,21.7,9999.9,819.9,10.0,5.9,19.0,24.1,69.8,28.4,0.0,999.9,FLAG_MISSING_SLP,False,False,False,False,False,False
72584693201,5/2/2021,39.32,-120.13944,1798.3,TRUCKEE AIRPORT - CA US,46.3,30.5,9999.9,818.4,10.0,4.3,12.0,20.0,70.0,32.0,0.0,999.9,FLAG_MISSING_SLP,False,False,False,False,False,False
72584693201,5/3/2021,39.32,-120.13944,1798.3,TRUCKEE AIRPORT - CA US,44.4,22.9,9999.9,819.8,10.0,4.2,9.9,15.0,64.4,23.0,0.0,999.9,FLAG_MISSING_SLP,False,False,False,False,False,False
72584693201,5/4/2021,39.32,-120.13944,1798.3,TRUCKEE AIRPORT - CA US,48.7,23.7,9999.9,821.3,10.0,3.6,12.0,20.0,71.6,23.0,0.0,999.9,FLAG_MISSING_SLP,False,False,False,False,False,False
72584693201,5/5/2021,39.32,-120.13944,1798.3,TRUCKEE AIRPORT - CA US,50.5,31.7,9999.9,822.2,9.5,4.0,14.0,18.1,77.0,30.0,0.0,999.9,FLAG_MISSING_SLP,True,False,False,False,False,False
72584693201,5/6/2021,39.32,-120.13944,1798.3,TRUCKEE AIRPORT - CA US,54.2,35.3,9999.9,821.6,10.0,6.0,19.0,26.0,79.0,30.0,0.0,999.9,FLAG_MISSING_SLP,False,False,False,False,False,False
72584693201,5/7/2021,39.32,-120.13944,1798.3,TRUCKEE AIRPORT - CA US,52.8,24.6,9999.9,819.8,10.0,6.8,15.0,21.0,64.4,33.8,0.0,999.9,FLAG_MISSING_SLP,False,False,False,False,False,False
72584693201,5/8/2021,39.32,-120.13944,1798.3,TRUCKEE AIRPORT - CA US,45.8,20.7,9999.9,822.4,10.0,4.4,13.0,15.9,64.4,23.0,0.0,999.9,FLAG_MISSING_SLP,False,False,False,False,False,False
72584693201,5/9/2021,39.32,-120.13944,1798.3,TRUCKEE AIRPORT - CA US,47.3,23.0,9999.9,820.8,10.0,3.1,13.0,18.1,64.9,24.1,0.0,999.9,FLAG_MISSING_SLP,False,False,False,False,False,False
72584693201,5/10/2021,39.32,-120.13944,1798.3,TRUCKEE AIRPORT - CA US,48.4,25.4,9999.9,819.7,10.0,4.6,15.0,20.0,70.0,28.0,0.0,999.9,FLAG_MISSING_SLP,False,False,False,False,False,False
72584693201,5/11/2021,39.32,-120.13944,1798.3,TRUCKEE AIRPORT - CA US,46.9,17.2,9999.9,821.1,10.0,3.1,11.1,15.0,71.6,24.8,0.0,999.9,FLAG_MISSING_SLP,False,False,False,False,False,False
72584693201,5/12/2021,39.32,-120.13944,1798.3,TRUCKEE AIRPORT - CA US,51.7,27.8,9999.9,822.4,10.0,2.6,9.9,18.1,73.9,28.0,0.0,999.9,FLAG_MISSING_SLP,False,False,False,False,False,False
72584693201,5/13/2021,39.32,-120.13944,1798.3,TRUCKEE AIRPORT - CA US,52.5,31.0,9999.9,823.8,10.0,2.8,11.1,22.0,77.0,32.0,0.0,999.9,FLAG_MISSING_SLP,False,False,False,False,False,False
72584693201,5/14/2021,39.32,-120.13944,1798.3,TRUCKEE AIRPORT - CA US,52.4,30.3,9999.9,821.6,10.0,4.3,17.1,22.9,75.2,30.2,0.0,999.9,FLAG_MISSING_SLP,False,False,False,False,False,False
72584693201,5/15/2021,39.32,-120.13944,1798.3,TRUCKEE AIRPORT - CA US,47.1,29.5,9999.9,816.8,10.0,4.5,14.0,22.9,71.6,30.2,99.99,999.9,FLAG_MISSING_SLP | FLAG_MISSING_PRCP,False,True,False,False,False,False
72584693201,5/16/2021,39.32,-120.13944,1798.3,TRUCKEE AIRPORT - CA US,47.1,38.5,9999.9,817.3,9.7,3.7,13.0,17.1,77.0,30.9,99.99,999.9,FLAG_MISSING_SLP | FLAG_MISSING_PRCP,False,True,False,False,True,False
72584693201,5/17/2021,39.32,-120.13944,1798.3,TRUCKEE AIRPORT - CA US,51.7,39.4,9999.9,820.0,6.4,4.7,15.0,22.0,71.6,37.4,99.99,999.9,FLAG_MISSING_SLP | FLAG_MISSING_PRCP,True,True,False,False,True,False
72584693201,5/18/2021,39.32,-120.13944,1798.3,TRUCKEE AIRPORT - CA US,51.3,33.3,9999.9,821.5,9.4,5.9,15.9,26.0,68.0,30.2,0.0,999.9,FLAG_MISSING_SLP,True,False,False,False,False,False
72584693201,5/19/2021,39.32,-120.13944,1798.3,TRUCKEE AIRPORT - CA US,52.4,25.4,9999.9,817.2,10.0,10.1,22.0,29.9,71.1,32.0,0.0,999.9,FLAG_MISSING_SLP,False,False,False,False,False,False
72584693201,5/20/2021,39.32,-120.13944,1798.3,TRUCKEE AIRPORT - CA US,37.3,25.1,9999.9,814.4,8.7,5.8,12.0,21.0,55.4,30.2,99.99,999.9,FLAG_MISSING_SLP | FLAG_MISSING_PRCP,False,False,True,False,False,False
72584693201,5/21/2021,39.32,-120.13944,1798.3,TRUCKEE AIRPORT - CA US,32.0,28.8,9999.9,815.6,8.2,2.0,8.9,999.9,43.0,28.0,99.99,1.2,FLAG_MISSING_SLP | FLAG_MISSING_PRCP,False,False,True,False,False,False
72584693201,5/22/2021,39.32,-120.13944,1798.3,TRUCKEE AIRPORT - CA US,36.5,32.5,9999.9,817.8,9.0,3.0,11.1,18.1,46.4,32.0,99.99,999.9,FLAG_MISSING_SLP | FLAG_MISSING_PRCP,False,True,True,False,False,False
72584693201,5/23/2021,39.32,-120.13944,1798.3,TRUCKEE AIRPORT - CA US,43.7,32.9,9999.9,820.7,10.0,5.3,17.1,21.0,55.4,33.8,99.99,999.9,FLAG_MISSING_SLP | FLAG_MISSING_PRCP,False,True,False,False,False,False
72584693201,5/24/2021,39.32,-120.13944,1798.3,TRUCKEE AIRPORT - CA US,44.8,31.3,9999.9,824.0,8.2,4.1,14.0,19.0,66.2,26.6,0.0,999.9,FLAG_MISSING_SLP,True,False,False,False,False,False
72584693201,5/25/2021,39.32,-120.13944,1798.3,TRUCKEE AIRPORT - CA US,52.0,30.8,9999.9,821.6,10.0,7.8,18.1,28.0,69.1,28.9,0.0,999.9,FLAG_MISSING_SLP,False,False,False,False,False,False
72584693201,5/26/2021,39.32,-120.13944,1798.3,TRUCKEE AIRPORT - CA US,44.9,25.4,9999.9,822.6,10.0,3.6,14.0,19.0,69.8,24.8,0.0,999.9,FLAG_MISSING_SLP,False,False,False,False,False,False
72584693201,5/27/2021,39.32,-120.13944,1798.3,TRUCKEE AIRPORT - CA US,49.2,23.0,9999.9,823.2,10.0,4.7,14.0,19.0,72.0,27.0,0.0,999.9,FLAG_MISSING_SLP,False,False,False,False,False,False
72584693201,5/28/2021,39.32,-120.13944,1798.3,TRUCKEE AIRPORT - CA US,51.3,29.3,9999.9,822.7,10.0,3.5,15.0,24.1,75.0,30.0,0.0,999.9,FLAG_MISSING_SLP,False,False,False,False,False,False
72584693201,5/29/2021,39.32,-120.13944,1798.3,TRUCKEE AIRPORT - CA US,56.6,36.8,9999.9,820.2,8.4,2.2,8.0,14.0,75.2,33.8,0.0,999.9,FLAG_MISSING_SLP,True,False,False,False,False,False
72584693201,5/30/2021,39.32,-120.13944,1798.3,TRUCKEE AIRPORT - CA US,57.7,31.7,9999.9,821.4,10.0,2.1,12.0,15.9,78.8,33.8,0.0,999.9,FLAG_MISSING_SLP,False,False,False,False,False,False
72584693201,5/31/2021,39.32,-120.13944,1798.3,TRUCKEE AIRPORT - CA US,60.1,29.7,9999.9,823.5,10.0,2.2,11.1,15.9,82.4,35.6,0.0,999.9,FLAG_MISSING_SLP,False,False,False,False,False,False
72584693201,6/1/2021,39.32,-120.13944,1798.3,TRUCKEE AIRPORT - CA US,63.7,33.3,9999.9,824.7,10.0,2.7,13.0,20.0,84.2,35.6,0.0,999.9,FLAG_MISSING_SLP,False,False,False,False,False,False
72584693201,6/2/2021,39.32,-120.13944,1798.3,TRUCKEE AIRPORT - CA US,65.4,38.8,9999.9,822.9,10.0,3.9,13.0,17.1,87.8,41.0,0.0,999.9,FLAG_MISSING_SLP,False,False,False,False,False,False
72584693201,6/3/2021,39.32,-120.13944,1798.3,TRUCKEE AIRPORT - CA US,65.6,39.0,9999.9,821.2,10.0,4.1,14.0,22.0,89.6,42.8,0.0,999.9,FLAG_MISSING_SLP,False,False,False,False,False,False
72584693201,6/4/2021,39.32,-120.13944,1798.3,TRUCKEE AIRPORT - CA US,64.8,34.9,9999.9,821.7,10.0,4.2,15.0,18.1,84.2,39.2,0.0,999.9,FLAG_MISSING_SLP,False,False,False,False,False,False
72584693201,6/5/2021,39.32,-120.13944,1798.3,TRUCKEE AIRPORT - CA US,61.6,33.3,9999.9,821.6,10.0,5.9,15.9,22.0,88.0,36.0,0.0,999.9,FLAG_MISSING_SLP,False,False,False,False,False,False
72584693201,6/6/2021,39.32,-120.13944,1798.3,TRUCKEE AIRPORT - CA US,58.6,29.1,9999.9,818.2,10.0,7.2,20.0,32.1,78.8,33.8,0.0,999.9,FLAG_MISSING_SLP,False,False,False,False,False,False
72584693201,6/7/2021,39.32,-120.13944,1798.3,TRUCKEE AIRPORT - CA US,57.0,28.8,9999.9,815.7,10.0,8.1,18.1,25.1,71.6,37.4,0.0,999.9,FLAG_MISSING_SLP,False,False,False,False,False,False
72584693201,6/8/2021,39.32,-120.13944,1798.3,TRUCKEE AIRPORT - CA US,52.2,25.3,9999.9,815.8,10.0,9.6,19.0,27.0,71.1,42.1,0.0,999.9,FLAG_MISSING_SLP,False,False,False,False,False,False
72584693201,6/9/2021,39.32,-120.13944,1798.3,TRUCKEE AIRPORT - CA US,45.1,29.9,9999.9,819.3,10.0,7.3,15.9,22.0,57.2,32.0,0.0,999.9,FLAG_MISSING_SLP,False,False,False,False,False,False
72584693201,6/10/2021,39.32,-120.13944,1798.3,TRUCKEE AIRPORT - CA US,42.1,20.2,9999.9,822.3,10.0,4.8,15.9,22.0,62.6,23.0,0.0,999.9,FLAG_MISSING_SLP,False,False,False,False,False,False
72584693201,6/11/2021,39.32,-120.13944,1798.3,TRUCKEE AIRPORT - CA US,48.8,22.1,9999.9,821.6,10.0,4.4,12.0,20.0,69.8,28.4,0.0,999.9,FLAG_MISSING_SLP,False,False,False,False,False,False
72584693201,6/12/2021,39.32,-120.13944,1798.3,TRUCKEE AIRPORT - CA US,57.4,31.0,9999.9,821.4,10.0,5.3,13.0,21.0,77.0,37.4,0.0,999.9,FLAG_MISSING_SLP,False,False,False,False,False,False
72584693201,6/13/2021,39.32,-120.13944,1798.3,TRUCKEE AIRPORT - CA US,60.0,39.2,9999.9,820.4,10.0,5.6,15.9,26.0,77.0,37.4,0.0,999.9,FLAG_MISSING_SLP,True,False,False,False,False,False
72584693201,6/14/2021,39.32,-120.13944,1798.3,TRUCKEE AIRPORT - CA US,62.1,43.6,9999.9,821.4,10.0,9.7,22.0,28.0,80.1,44.1,0.0,999.9,FLAG_MISSING_SLP,False,False,False,False,False,False
72584693201,6/15/2021,39.32,-120.13944,1798.3,TRUCKEE AIRPORT - CA US,60.4,37.3,9999.9,823.3,10.0,10.2,19.0,25.1,77.0,50.0,0.0,999.9,FLAG_MISSING_SLP,False,False,False,False,False,False
72584693201,6/16/2021,39.32,-120.13944,1798.3,TRUCKEE AIRPORT - CA US,59.0,27.1,9999.9,825.3,10.0,3.0,12.0,15.9,86.0,32.0,0.0,999.9,FLAG_MISSING_SLP,False,False,False,False,False,False
72584693201,6/18/2021,39.32,-120.13944,1798.3,TRUCKEE AIRPORT - CA US,67.9,34.9,9999.9,821.5,10.0,3.7,12.0,18.1,89.6,41.0,0.0,999.9,FLAG_MISSING_SLP,False,False,False,False,False,False
72584693201,6/19/2021,39.32,-120.13944,1798.3,TRUCKEE AIRPORT - CA US,68.6,38.5,9999.9,820.8,10.0,3.5,12.0,17.1,87.8,44.6,0.0,999.9,FLAG_MISSING_SLP,False,False,False,False,False,False
72584693201,6/20/2021,39.32,-120.13944,1798.3,TRUCKEE AIRPORT - CA US,67.8,37.3,9999.9,821.3,10.0,4.1,14.0,22.0,87.8,42.8,0.0,999.9,FLAG_MISSING_SLP,False,False,False,False,False,False
72584693201,6/21/2021,39.32,-120.13944,1798.3,TRUCKEE AIRPORT - CA US,66.0,31.9,9999.9,822.3,10.0,4.0,15.9,22.0,84.2,41.0,0.0,999.9,FLAG_MISSING_SLP,False,False,False,False,False,False
72584693201,6/22/2021,39.32,-120.13944,1798.3,TRUCKEE AIRPORT - CA US,65.5,33.2,9999.9,820.9,10.0,4.3,12.0,19.0,80.6,46.4,0.0,999.9,FLAG_MISSING_SLP,False,False,False,False,False,False
72584693201,6/23/2021,39.32,-120.13944,1798.3,TRUCKEE AIRPORT - CA US,61.5,36.0,9999.9,820.2,10.0,4.7,12.0,22.9,80.6,35.6,0.0,999.9,FLAG_MISSING_SLP,False,False,False,False,False,False
72584693201,6/24/2021,39.32,-120.13944,1798.3,TRUCKEE AIRPORT - CA US,58.3,42.5,9999.9,822.5,10.0,4.0,14.0,19.0,75.2,41.0,0.0,999.9,FLAG_MISSING_SLP,False,False,False,False,False,False
72584693201,6/25/2021,39.32,-120.13944,1798.3,TRUCKEE AIRPORT - CA US,58.1,45.8,9999.9,823.7,8.0,2.8,8.0,999.9,82.4,39.2,99.99,999.9,FLAG_MISSING_SLP | FLAG_MISSING_PRCP,True,True,False,False,False,False
72584693201,6/26/2021,39.32,-120.13944,1798.3,TRUCKEE AIRPORT - CA US,64.5,44.3,9999.9,823.8,9.1,2.5,11.1,14.0,87.8,41.0,0.0,999.9,FLAG_MISSING_SLP,True,False,False,False,False,False
72584693201,6/27/2021,39.32,-120.13944,1798.3,TRUCKEE AIRPORT - CA US,69.6,40.8,9999.9,822.4,10.0,3.3,9.9,15.9,89.6,46.4,0.0,999.9,FLAG_MISSING_SLP,False,False,False,False,False,False
72584693201,6/28/2021,39.32,-120.13944,1798.3,TRUCKEE AIRPORT - CA US,70.3,44.0,9999.9,820.4,10.0,2.8,14.0,21.0,91.4,46.4,0.0,999.9,FLAG_MISSING_SLP,False,False,False,False,False,False
72584693201,6/29/2021,39.32,-120.13944,1798.3,TRUCKEE AIRPORT - CA US,68.3,43.3,9999.9,820.4,10.0,3.7,12.0,19.0,91.4,48.2,0.0,999.9,FLAG_MISSING_SLP,False,False,False,False,False,False
72584693201,6/30/2021,39.32,-120.13944,1798.3,TRUCKEE AIRPORT - CA US,69.2,43.0,9999.9,820.7,10.0,5.5,14.0,20.0,86.0,46.4,0.0,999.9,FLAG_MISSING_SLP,False,False,False,False,False,False
72584693201,7/1/2021,39.32,-120.13944,1798.3,TRUCKEE AIRPORT - CA US,68.3,44.2,9999.9,821.8,10.0,4.5,15.0,20.0,87.8,44.6,0.0,999.9,FLAG_MISSING_SLP,False,False,False,False,False,False
72584693201,7/2/2021,39.32,-120.13944,1798.3,TRUCKEE AIRPORT - CA US,69.3,42.6,9999.9,822.2,10.0,3.5,12.0,15.9,87.8,48.2,0.0,999.9,FLAG_MISSING_SLP,False,False,False,False,False,False
72584693201,7/3/2021,39.32,-120.13944,1798.3,TRUCKEE AIRPORT - CA US,66.8,47.0,9999.9,822.8,10.0,3.4,11.1,22.0,89.6,46.4,99.99,999.9,FLAG_MISSING_SLP | FLAG_MISSING_PRCP,False,True,False,False,True,False
72584693201,7/4/2021,39.32,-120.13944,1798.3,TRUCKEE AIRPORT - CA US,64.2,51.5,9999.9,823.7,10.0,2.7,14.0,21.0,84.2,51.8,99.99,999.9,FLAG_MISSING_SLP | FLAG_MISSING_PRCP,False,True,False,False,True,False
72584693201,7/5/2021,39.32,-120.13944,1798.3,TRUCKEE AIRPORT - CA US,64.3,41.8,9999.9,824.1,10.0,2.8,13.0,19.0,87.8,42.8,0.0,999.9,FLAG_MISSING_SLP,False,False,False,False,False,False
72584693201,7/6/2021,39.32,-120.13944,1798.3,TRUCKEE AIRPORT - CA US,69.2,43.6,9999.9,824.0,10.0,4.2,15.0,22.0,91.9,45.0,0.0,999.9,FLAG_MISSING_SLP,False,False,False,False,False,False
72584693201,7/7/2021,39.32,-120.13944,1798.3,TRUCKEE AIRPORT - CA US,66.2,37.8,9999.9,823.1,10.0,4.5,15.0,22.0,87.8,44.6,0.0,999.9,FLAG_MISSING_SLP,False,False,False,False,False,False
72584693201,7/8/2021,39.32,-120.13944,1798.3,TRUCKEE AIRPORT - CA US,65.6,33.7,9999.9,821.9,10.0,4.1,15.9,22.9,89.6,42.8,0.0,999.9,FLAG_MISSING_SLP,False,False,False,False,False,False
72584693201,7/9/2021,39.32,-120.13944,1798.3,TRUCKEE AIRPORT - CA US,69.0,37.2,9999.9,824.5,10.0,3.1,12.0,19.0,91.4,46.4,0.0,999.9,FLAG_MISSING_SLP,False,False,False,False,False,False
72584693201,7/10/2021,39.32,-120.13944,1798.3,TRUCKEE AIRPORT - CA US,73.2,43.3,9999.9,826.6,10.0,3.8,14.0,20.0,93.2,50.0,0.0,999.9,FLAG_MISSING_SLP,False,False,False,False,False,False
72584693201,7/11/2021,39.32,-120.13944,1798.3,TRUCKEE AIRPORT - CA US,70.7,42.6,9999.9,825.5,10.0,3.7,13.0,21.0,93.2,50.0,0.0,999.9,FLAG_MISSING_SLP,False,False,False,False,False,False
72584693201,7/12/2021,39.32,-120.13944,1798.3,TRUCKEE AIRPORT - CA US,70.1,34.6,9999.9,823.5,10.0,4.4,15.0,22.9,96.1,48.0,0.0,999.9,FLAG_MISSING_SLP,False,False,False,False,False,False
72584693201,7/13/2021,39.32,-120.13944,1798.3,TRUCKEE AIRPORT - CA US,70.3,32.0,9999.9,822.6,10.0,4.6,15.0,20.0,91.4,46.4,0.0,999.9,FLAG_MISSING_SLP,False,False,False,False,False,False
72584693201,7/14/2021,39.32,-120.13944,1798.3,TRUCKEE AIRPORT - CA US,69.0,33.6,9999.9,822.6,10.0,4.0,13.0,22.0,87.8,44.6,0.0,999.9,FLAG_MISSING_SLP,False,False,False,False,False,False
72584693201,7/15/2021,39.32,-120.13944,1798.3,TRUCKEE AIRPORT - CA US,67.7,34.8,9999.9,822.5,10.0,6.2,17.1,20.0,82.4,41.0,0.0,999.9,FLAG_MISSING_SLP,False,False,False,False,False,False
72584693201,7/16/2021,39.32,-120.13944,1798.3,TRUCKEE AIRPORT - CA US,59.7,29.9,9999.9,822.0,10.0,3.0,11.1,20.0,82.4,35.6,0.0,999.9,FLAG_MISSING_SLP,False,False,False,False,False,False
72584693201,7/17/2021,39.32,-120.13944,1798.3,TRUCKEE AIRPORT - CA US,61.9,27.3,9999.9,822.7,10.0,4.0,14.0,21.0,86.0,33.8,0.0,999.9,FLAG_MISSING_SLP,False,False,False,False,False,False
72584693201,7/18/2021,39.32,-120.13944,1798.3,TRUCKEE AIRPORT - CA US,65.7,36.9,9999.9,825.0,10.0,3.6,15.0,22.0,89.1,39.0,0.0,999.9,FLAG_MISSING_SLP,False,False,False,False,False,False
72584693201,7/19/2021,39.32,-120.13944,1798.3,TRUCKEE AIRPORT - CA US,69.7,41.4,9999.9,826.1,10.0,3.4,12.0,18.1,93.0,48.9,0.0,999.9,FLAG_MISSING_SLP,False,False,False,False,False,False
72584693201,7/20/2021,39.32,-120.13944,1798.3,TRUCKEE AIRPORT - CA US,66.4,41.8,9999.9,825.7,10.0,4.5,15.0,22.0,84.2,46.4,0.0,999.9,FLAG_MISSING_SLP,False,False,False,False,False,False
72584693201,7/21/2021,39.32,-120.13944,1798.3,TRUCKEE AIRPORT - CA US,65.1,35.5,9999.9,823.1,10.0,5.5,14.0,25.1,84.2,39.2,0.0,999.9,FLAG_MISSING_SLP,False,False,False,False,False,False
72584693201,7/22/2021,39.32,-120.13944,1798.3,TRUCKEE AIRPORT - CA US,62.2,31.6,9999.9,822.8,10.0,4.5,17.1,24.1,84.2,41.0,0.0,999.9,FLAG_MISSING_SLP,False,False,False,False,False,False
72584693201,7/23/2021,39.32,-120.13944,1798.3,TRUCKEE AIRPORT - CA US,64.8,33.8,9999.9,825.3,9.5,4.4,15.0,22.0,89.6,42.8,0.0,999.9,FLAG_MISSING_SLP,False,False,False,False,False,False
72584693201,7/24/2021,39.32,-120.13944,1798.3,TRUCKEE AIRPORT - CA US,67.9,36.5,9999.9,825.3,8.4,3.9,14.0,20.0,91.4,44.6,0.0,999.9,FLAG_MISSING_SLP,False,False,False,False,False,False
72584693201,7/25/2021,39.32,-120.13944,1798.3,TRUCKEE AIRPORT - CA US,67.9,38.5,9999.9,823.8,7.3,3.5,14.0,20.0,93.9,46.0,0.0,999.9,FLAG_MISSING_SLP,False,False,False,False,False,False
72584693201,7/26/2021,39.32,-120.13944,1798.3,TRUCKEE AIRPORT - CA US,71.4,48.5,9999.9,822.0,7.0,4.1,12.0,25.1,93.0,48.9,99.99,999.9,FLAG_MISSING_SLP | FLAG_MISSING_PRCP,False,True,False,False,False,False
72584693201,7/27/2021,39.32,-120.13944,1798.3,TRUCKEE AIRPORT - CA US,65.9,47.7,9999.9,824.2,8.7,3.7,18.1,24.1,91.9,57.0,99.99,999.9,FLAG_MISSING_SLP | FLAG_MISSING_PRCP,False,True,False,False,False,False
72584693201,7/28/2021,39.32,-120.13944,1798.3,TRUCKEE AIRPORT - CA US,63.9,34.7,9999.9,826.9,10.0,4.1,17.1,27.0,84.2,37.4,0.0,999.9,FLAG_MISSING_SLP,False,False,False,False,False,False
72584693201,7/29/2021,39.32,-120.13944,1798.3,TRUCKEE AIRPORT - CA US,67.2,40.3,9999.9,825.4,7.5,2.3,8.0,15.0,87.8,42.8,0.0,999.9,FLAG_MISSING_SLP,False,False,False,False,False,False
72584693201,7/30/2021,39.32,-120.13944,1798.3,TRUCKEE AIRPORT - CA US,65.9,45.9,9999.9,824.4,10.0,4.2,20.0,26.0,90.0,45.0,99.99,999.9,FLAG_MISSING_SLP | FLAG_MISSING_PRCP,False,True,False,False,False,False
72584693201,7/31/2021,39.32,-120.13944,1798.3,TRUCKEE AIRPORT - CA US,69.6,46.8,9999.9,825.3,10.0,3.9,11.1,15.9,84.9,52.0,0.0,999.9,FLAG_MISSING_SLP,False,False,False,False,False,False
72584693201,8/1/2021,39.32,-120.13944,1798.3,TRUCKEE AIRPORT - CA US,66.9,36.1,9999.9,826.9,10.0,2.8,11.1,18.1,84.2,44.6,0.0,999.9,FLAG_MISSING_SLP,False,False,False,False,False,False
72584693201,8/2/2021,39.32,-120.13944,1798.3,TRUCKEE AIRPORT - CA US,66.3,35.4,9999.9,827.5,10.0,3.9,13.0,22.0,89.6,42.8,0.0,999.9,FLAG_MISSING_SLP,False,False,False,False,False,False
72584693201,8/3/2021,39.32,-120.13944,1798.3,TRUCKEE AIRPORT - CA US,67.3,34.4,9999.9,826.8,10.0,4.0,15.9,21.0,89.6,42.8,0.0,999.9,FLAG_MISSING_SLP,False,False,False,False,False,False
72584693201,8/4/2021,39.32,-120.13944,1798.3,TRUCKEE AIRPORT - CA US,68.5,31.3,9999.9,824.9,10.0,4.7,17.1,25.1,91.4,44.6,0.0,999.9,FLAG_MISSING_SLP,False,False,False,False,False,False
72584693201,8/5/2021,39.32,-120.13944,1798.3,TRUCKEE AIRPORT - CA US,66.9,26.1,9999.9,822.9,10.0,9.0,22.9,31.1,86.0,42.8,0.0,999.9,FLAG_MISSING_SLP,False,False,False,False,False,False
72584693201,8/6/2021,39.32,-120.13944,1798.3,TRUCKEE AIRPORT - CA US,57.4,21.4,9999.9,824.2,6.6,2.6,14.0,22.0,80.6,35.6,0.0,999.9,FLAG_MISSING_SLP,False,False,False,False,False,False
72584693201,8/7/2021,39.32,-120.13944,1798.3,TRUCKEE AIRPORT - CA US,62.0,32.5,9999.9,823.1,1.9,2.8,13.0,21.0,87.8,37.4,0.0,999.9,FLAG_MISSING_SLP,False,False,False,False,False,False
72584693201,8/8/2021,39.32,-120.13944,1798.3,TRUCKEE AIRPORT - CA US,62.1,30.1,9999.9,821.7,5.4,3.9,15.9,20.0,82.4,39.2,0.0,999.9,FLAG_MISSING_SLP,False,False,False,False,False,False
72584693201,8/9/2021,39.32,-120.13944,1798.3,TRUCKEE AIRPORT - CA US,62.3,33.5,9999.9,822.3,10.0,3.2,9.9,19.0,86.0,37.4,0.0,999.9,FLAG_MISSING_SLP,False,False,False,False,False,False
72584693201,8/10/2021,39.32,-120.13944,1798.3,TRUCKEE AIRPORT - CA US,66.3,37.3,9999.9,823.8,8.4,3.3,13.0,15.9,87.8,42.8,0.0,999.9,FLAG_MISSING_SLP,False,False,False,False,False,False
72584693201,8/11/2021,39.32,-120.13944,1798.3,TRUCKEE AIRPORT - CA US,67.4,38.1,9999.9,825.3,8.1,3.2,13.0,17.1,89.6,42.8,0.0,999.9,FLAG_MISSING_SLP,False,False,False,False,False,False
72584693201,8/12/2021,39.32,-120.13944,1798.3,TRUCKEE AIRPORT - CA US,67.6,38.2,9999.9,825.2,7.3,3.7,14.0,22.9,91.4,44.6,0.0,999.9,FLAG_MISSING_SLP,False,False,False,False,False,False
72584693201,8/13/2021,39.32,-120.13944,1798.3,TRUCKEE AIRPORT - CA US,68.7,43.3,9999.9,826.1,9.3,3.0,12.0,17.1,91.9,43.0,0.0,999.9,FLAG_MISSING_SLP,False,False,False,False,False,False
72584693201,8/14/2021,39.32,-120.13944,1798.3,TRUCKEE AIRPORT - CA US,68.2,46.9,9999.9,827.9,8.8,2.1,11.1,14.0,93.2,51.8,0.0,999.9,FLAG_MISSING_SLP,False,False,False,False,False,False
72584693201,8/15/2021,39.32,-120.13944,1798.3,TRUCKEE AIRPORT - CA US,70.2,40.8,9999.9,827.4,7.8,2.6,9.9,15.9,95.0,48.9,0.0,999.9,FLAG_MISSING_SLP,False,False,False,False,False,False
72584693201,8/16/2021,39.32,-120.13944,1798.3,TRUCKEE AIRPORT - CA US,70.5,41.2,9999.9,823.0,4.4,3.4,15.0,22.9,91.4,46.4,0.0,999.9,FLAG_MISSING_SLP,False,False,False,False,False,False
72584693201,8/17/2021,39.32,-120.13944,1798.3,TRUCKEE AIRPORT - CA US,67.5,35.6,9999.9,818.2,5.0,6.6,21.0,26.0,87.8,44.6,0.0,999.9,FLAG_MISSING_SLP,False,False,False,False,False,False
72584693201,8/18/2021,39.32,-120.13944,1798.3,TRUCKEE AIRPORT - CA US,54.5,34.2,9999.9,818.0,7.3,4.4,12.0,19.0,75.2,35.6,0.0,999.9,FLAG_MISSING_SLP,False,False,False,False,False,False
72584693201,8/19/2021,39.32,-120.13944,1798.3,TRUCKEE AIRPORT - CA US,52.5,27.5,9999.9,821.2,9.9,3.6,12.0,17.1,73.4,32.0,0.0,999.9,FLAG_MISSING_SLP,False,False,False,False,False,False
72584693201,8/20/2021,39.32,-120.13944,1798.3,TRUCKEE AIRPORT - CA US,55.6,30.5,9999.9,820.1,8.8,3.3,14.0,18.1,78.8,33.8,0.0,999.9,FLAG_MISSING_SLP,False,False,False,False,False,False
72584693201,8/21/2021,39.32,-120.13944,1798.3,TRUCKEE AIRPORT - CA US,58.8,34.0,9999.9,816.3,2.9,6.2,17.1,28.9,82.0,36.0,0.0,999.9,FLAG_MISSING_SLP,False,False,False,False,False,False
72584693201,8/22/2021,39.32,-120.13944,1798.3,TRUCKEE AIRPORT - CA US,53.1,34.3,9999.9,817.8,3.7,2.8,12.0,18.1,77.0,33.8,0.0,999.9,FLAG_MISSING_SLP,False,False,False,False,False,False
72584693201,8/23/2021,39.32,-120.13944,1798.3,TRUCKEE AIRPORT - CA US,56.7,34.2,9999.9,818.3,3.1,3.6,13.0,27.0,79.0,34.0,0.0,999.9,FLAG_MISSING_SLP,False,False,False,False,False,False
72584693201,8/24/2021,39.32,-120.13944,1798.3,TRUCKEE AIRPORT - CA US,56.0,33.4,9999.9,820.0,2.8,4.2,14.0,22.9,77.0,32.0,0.0,999.9,FLAG_MISSING_SLP,False,False,False,False,False,False
72584693201,8/25/2021,39.32,-120.13944,1798.3,TRUCKEE AIRPORT - CA US,57.0,31.0,9999.9,822.1,5.4,4.9,15.0,21.0,75.2,35.6,0.0,999.9,FLAG_MISSING_SLP,False,False,False,False,False,False
72584693201,8/26/2021,39.32,-120.13944,1798.3,TRUCKEE AIRPORT - CA US,56.1,23.4,9999.9,823.6,6.3,3.4,12.0,15.9,82.4,32.0,0.0,999.9,FLAG_MISSING_SLP,False,False,False,False,False,False
72584693201,8/27/2021,39.32,-120.13944,1798.3,TRUCKEE AIRPORT - CA US,58.9,30.1,9999.9,821.3,7.3,2.3,9.9,999.9,84.2,32.0,0.0,999.9,FLAG_MISSING_SLP,False,False,False,False,False,False
72584693201,8/28/2021,39.32,-120.13944,1798.3,TRUCKEE AIRPORT - CA US,60.9,30.4,9999.9,820.4,6.5,2.9,9.9,999.9,86.0,35.6,0.0,999.9,FLAG_MISSING_SLP,False,False,False,False,False,False
72584693201,8/29/2021,39.32,-120.13944,1798.3,TRUCKEE AIRPORT - CA US,63.1,29.4,9999.9,821.6,5.2,2.9,15.9,22.9,87.8,37.4,0.0,999.9,FLAG_MISSING_SLP,False,False,False,False,False,False
72584693201,8/30/2021,39.32,-120.13944,1798.3,TRUCKEE AIRPORT - CA US,62.4,24.3,9999.9,820.6,10.0,4.7,15.9,25.1,86.0,35.6,0.0,999.9,FLAG_MISSING_SLP,False,False,False,False,False,False
72584693201,8/31/2021,39.32,-120.13944,1798.3,TRUCKEE AIRPORT - CA US,63.4,21.1,9999.9,817.6,10.0,4.9,14.0,22.0,84.2,35.6,0.0,999.9,FLAG_MISSING_SLP,False,False,False,False,False,False
72584693201,9/1/2021,39.32,-120.13944,1798.3,TRUCKEE AIRPORT - CA US,57.8,15.0,9999.9,816.8,9.7,4.6,17.1,22.0,80.6,33.8,0.0,999.9,FLAG_MISSING_SLP,False,False,False,False,False,False
72584693201,9/2/2021,39.32,-120.13944,1798.3,TRUCKEE AIRPORT - CA US,54.3,17.4,9999.9,819.4,10.0,3.8,13.0,17.1,75.2,28.4,0.0,999.9,FLAG_MISSING_SLP,False,False,False,False,False,False
72584693201,9/3/2021,39.32,-120.13944,1798.3,TRUCKEE AIRPORT - CA US,54.1,25.1,9999.9,822.1,9.0,3.2,11.1,15.0,80.6,30.2,0.0,999.9,FLAG_MISSING_SLP,False,False,False,False,False,False
72584693201,9/4/2021,39.32,-120.13944,1798.3,TRUCKEE AIRPORT - CA US,58.5,28.5,9999.9,823.3,6.8,2.7,9.9,14.0,84.2,30.2,0.0,999.9,FLAG_MISSING_SLP,False,False,False,False,False,False
72584693201,9/5/2021,39.32,-120.13944,1798.3,TRUCKEE AIRPORT - CA US,60.7,25.7,9999.9,824.5,9.7,2.6,12.0,18.1,87.8,35.6,0.0,999.9,FLAG_MISSING_SLP,False,False,False,False,False,False
72584693201,9/6/2021,39.32,-120.13944,1798.3,TRUCKEE AIRPORT - CA US,64.3,26.4,9999.9,825.2,10.0,3.2,13.0,18.1,89.6,35.6,0.0,999.9,FLAG_MISSING_SLP,False,False,False,False,False,False
72584693201,9/7/2021,39.32,-120.13944,1798.3,TRUCKEE AIRPORT - CA US,64.4,31.9,9999.9,826.4,10.0,2.6,12.0,18.1,89.6,41.0,0.0,999.9,FLAG_MISSING_SLP,False,False,False,False,False,False
72584693201,9/8/2021,39.32,-120.13944,1798.3,TRUCKEE AIRPORT - CA US,66.0,35.1,9999.9,825.1,10.0,3.9,15.0,20.0,89.6,39.2,0.0,999.9,FLAG_MISSING_SLP,False,False,False,False,False,False
72584693201,9/9/2021,39.32,-120.13944,1798.3,TRUCKEE AIRPORT - CA US,67.8,33.5,9999.9,823.2,10.0,3.4,12.0,22.9,91.9,41.0,0.0,999.9,FLAG_MISSING_SLP,False,False,False,False,False,False
72584693201,9/10/2021,39.32,-120.13944,1798.3,TRUCKEE AIRPORT - CA US,62.7,48.3,9999.9,822.2,9.2,5.7,15.0,20.0,91.0,48.9,99.99,999.9,FLAG_MISSING_SLP | FLAG_MISSING_PRCP,False,True,False,False,True,False
72584693201,9/11/2021,39.32,-120.13944,1798.3,TRUCKEE AIRPORT - CA US,56.5,42.9,9999.9,824.4,8.9,4.1,13.0,19.0,77.0,37.9,0.0,999.9,FLAG_MISSING_SLP,True,False,False,False,False,False
72584693201,9/12/2021,39.32,-120.13944,1798.3,TRUCKEE AIRPORT - CA US,55.9,40.5,9999.9,824.0,10.0,3.7,13.0,21.0,80.1,37.0,0.0,999.9,FLAG_MISSING_SLP,False,False,False,False,False,False
72584693201,9/13/2021,39.32,-120.13944,1798.3,TRUCKEE AIRPORT - CA US,53.5,27.2,9999.9,823.0,10.0,2.9,11.1,15.0,82.0,33.1,0.0,999.9,FLAG_MISSING_SLP,False,False,False,False,False,False
72584693201,9/14/2021,39.32,-120.13944,1798.3,TRUCKEE AIRPORT - CA US,58.5,31.5,9999.9,822.8,10.0,2.6,11.1,999.9,82.9,34.0,0.0,999.9,FLAG_MISSING_SLP,False,False,False,False,False,False
72584693201,9/15/2021,39.32,-120.13944,1798.3,TRUCKEE AIRPORT - CA US,60.4,36.3,9999.9,822.0,10.0,3.3,14.0,18.1,82.4,35.6,0.0,999.9,FLAG_MISSING_SLP,False,False,False,False,False,False
72584693201,9/16/2021,39.32,-120.13944,1798.3,TRUCKEE AIRPORT - CA US,54.1,29.1,9999.9,819.5,10.0,2.7,9.9,14.0,78.8,32.0,0.0,999.9,FLAG_MISSING_SLP,False,False,False,False,False,False
72584693201,9/17/2021,39.32,-120.13944,1798.3,TRUCKEE AIRPORT - CA US,54.0,33.8,9999.9,820.5,9.8,3.0,13.0,17.1,80.1,30.9,0.0,999.9,FLAG_MISSING_SLP,False,False,False,False,False,False
72584693201,9/18/2021,39.32,-120.13944,1798.3,TRUCKEE AIRPORT - CA US,58.9,28.8,9999.9,821.4,9.5,10.7,25.1,36.9,80.1,35.1,0.0,999.9,FLAG_MISSING_SLP,False,False,False,False,False,False
72584693201,9/19/2021,39.32,-120.13944,1798.3,TRUCKEE AIRPORT - CA US,57.0,33.4,9999.9,820.6,10.0,9.8,19.0,28.9,69.1,48.0,0.0,999.9,FLAG_MISSING_SLP,False,False,False,False,False,False
72584693201,9/20/2021,39.32,-120.13944,1798.3,TRUCKEE AIRPORT - CA US,47.6,27.0,9999.9,824.8,10.0,3.0,12.0,18.1,71.6,28.0,0.0,999.9,FLAG_MISSING_SLP,False,False,False,False,False,False
72584693201,9/22/2021,39.32,-120.13944,1798.3,TRUCKEE AIRPORT - CA US,51.2,28.9,9999.9,828.8,9.9,2.3,12.0,21.0,77.0,33.8,0.0,999.9,FLAG_MISSING_SLP,False,False,False,False,False,False
72584693201,9/23/2021,39.32,-120.13944,1798.3,TRUCKEE AIRPORT - CA US,54.5,32.9,9999.9,825.3,10.0,2.4,8.0,999.9,75.2,30.2,0.0,999.9,FLAG_MISSING_SLP,False,False,False,False,False,False
72584693201,9/24/2021,39.32,-120.13944,1798.3,TRUCKEE AIRPORT - CA US,52.8,27.3,9999.9,824.6,10.0,1.9,8.9,14.0,82.4,30.2,0.0,999.9,FLAG_MISSING_SLP,False,False,False,False,False,False
72584693201,9/25/2021,39.32,-120.13944,1798.3,TRUCKEE AIRPORT - CA US,57.8,30.1,9999.9,823.6,9.3,3.7,13.0,18.1,78.8,33.8,0.0,999.9,FLAG_MISSING_SLP,False,False,False,False,False,False
72584693201,9/26/2021,39.32,-120.13944,1798.3,TRUCKEE AIRPORT - CA US,57.4,26.7,9999.9,822.6,10.0,4.5,18.1,22.9,81.0,35.1,0.0,999.9,FLAG_MISSING_SLP,False,False,False,False,False,False
72584693201,9/27/2021,39.32,-120.13944,1798.3,TRUCKEE AIRPORT - CA US,59.5,17.1,9999.9,821.8,10.0,8.7,20.0,28.9,79.0,37.0,0.0,999.9,FLAG_MISSING_SLP,False,False,False,False,False,False
72584693201,9/28/2021,39.32,-120.13944,1798.3,TRUCKEE AIRPORT - CA US,48.0,30.5,9999.9,819.7,9.8,7.2,17.1,24.1,62.6,33.8,99.99,999.9,FLAG_MISSING_SLP | FLAG_MISSING_PRCP,False,True,False,False,False,False
72584693201,9/29/2021,39.32,-120.13944,1798.3,TRUCKEE AIRPORT - CA US,42.0,17.3,9999.9,821.4,10.0,2.3,8.9,999.9,62.6,19.4,0.0,999.9,FLAG_MISSING_SLP,False,False,False,False,False,False
72584693201,9/30/2021,39.32,-120.13944,1798.3,TRUCKEE AIRPORT - CA US,45.1,16.3,9999.9,824.8,10.0,2.5,8.0,999.9,69.8,24.8,0.0,999.9,FLAG_MISSING_SLP,False,False,False,False,False,False
72584693201,10/1/2021,39.32,-120.13944,1798.3,TRUCKEE AIRPORT - CA US,45.6,16.3,9999.9,824.0,9.9,1.4,8.0,999.9,73.4,24.8,0.0,999.9,FLAG_MISSING_SLP,False,False,False,False,False,False
72584693201,10/2/2021,39.32,-120.13944,1798.3,TRUCKEE AIRPORT - CA US,50.7,22.4,9999.9,825.3,9.9,1.1,8.0,999.9,75.2,28.4,0.0,999.9,FLAG_MISSING_SLP,False,False,False,False,False,False
72584693201,10/3/2021,39.32,-120.13944,1798.3,TRUCKEE AIRPORT - CA US,50.1,23.8,9999.9,824.9,9.9,1.9,12.0,15.0,75.2,28.4,0.0,999.9,FLAG_MISSING_SLP,False,False,False,False,False,False
72584693201,10/4/2021,39.32,-120.13944,1798.3,TRUCKEE AIRPORT - CA US,50.3,21.4,9999.9,823.1,9.7,3.1,14.0,20.0,71.6,30.2,0.0,999.9,FLAG_MISSING_SLP,False,False,False,False,False,False
72584693201,10/5/2021,39.32,-120.13944,1798.3,TRUCKEE AIRPORT - CA US,49.0,24.2,9999.9,821.4,10.0,3.4,15.9,20.0,75.0,28.9,0.0,999.9,FLAG_MISSING_SLP,False,False,False,False,False,False
72584693201,10/6/2021,39.32,-120.13944,1798.3,TRUCKEE AIRPORT - CA US,54.8,33.7,9999.9,820.1,10.0,7.5,18.1,24.1,62.6,46.9,0.0,999.9,FLAG_MISSING_SLP,False,False,False,False,False,False
72584693201,10/7/2021,39.32,-120.13944,1798.3,TRUCKEE AIRPORT - CA US,51.9,35.8,9999.9,819.4,10.0,5.8,13.0,18.1,64.0,39.0,99.99,999.9,FLAG_MISSING_SLP | FLAG_MISSING_PRCP,False,True,False,False,False,False
72584693201,10/8/2021,39.32,-120.13944,1798.3,TRUCKEE AIRPORT - CA US,44.9,34.2,9999.9,818.4,9.0,5.3,12.0,15.0,53.6,33.8,99.99,999.9,FLAG_MISSING_SLP | FLAG_MISSING_PRCP,False,True,True,False,True,False
72584693201,10/9/2021,39.32,-120.13944,1798.3,TRUCKEE AIRPORT - CA US,32.9,25.1,9999.9,822.8,10.0,1.6,8.9,999.9,60.1,19.0,0.0,999.9,FLAG_MISSING_SLP,True,False,False,False,False,False
72584693201,10/10/2021,39.32,-120.13944,1798.3,TRUCKEE AIRPORT - CA US,38.7,22.9,9999.9,824.4,10.0,2.0,13.0,18.1,64.4,21.2,0.0,999.9,FLAG_MISSING_SLP,False,False,False,False,False,False
72584693201,10/11/2021,39.32,-120.13944,1798.3,TRUCKEE AIRPORT - CA US,37.1,27.0,9999.9,816.3,8.7,8.0,19.0,25.1,66.9,19.9,99.99,999.9,FLAG_MISSING_SLP | FLAG_MISSING_PRCP,False,True,True,False,True,False
72584693201,10/12/2021,39.32,-120.13944,1798.3,TRUCKEE AIRPORT - CA US,31.6,14.1,9999.9,817.2,10.0,9.0,21.0,32.1,44.6,19.4,0.0,999.9,FLAG_MISSING_SLP,False,False,False,False,False,False
72584693201,10/13/2021,39.32,-120.13944,1798.3,TRUCKEE AIRPORT - CA US,34.2,20.0,9999.9,818.7,10.0,2.4,9.9,15.0,53.6,21.2,0.0,999.9,FLAG_MISSING_SLP,False,False,False,False,False,False
72584693201,10/14/2021,39.32,-120.13944,1798.3,TRUCKEE AIRPORT - CA US,35.4,23.8,9999.9,821.8,10.0,2.4,7.0,999.9,55.9,19.0,0.0,999.9,FLAG_MISSING_SLP,True,False,False,False,False,False
72584693201,10/16/2021,39.32,-120.13944,1798.3,TRUCKEE AIRPORT - CA US,43.1,23.9,9999.9,825.4,10.0,1.0,12.0,17.1,71.6,24.8,0.0,999.9,FLAG_MISSING_SLP,False,False,False,False,False,False
72584693201,10/17/2021,39.32,-120.13944,1798.3,TRUCKEE AIRPORT - CA US,44.6,21.0,9999.9,818.3,10.0,7.7,22.9,32.1,64.4,24.8,0.0,999.9,FLAG_MISSING_SLP,False,False,False,False,False,False
72584693201,10/18/2021,39.32,-120.13944,1798.3,TRUCKEE AIRPORT - CA US,33.8,27.0,9999.9,813.7,8.7,4.7,20.0,27.0,60.1,19.9,99.99,2.0,FLAG_MISSING_SLP | FLAG_MISSING_PRCP,False,True,True,False,False,False
72584693201,10/19/2021,39.32,-120.13944,1798.3,TRUCKEE AIRPORT - CA US,32.8,29.1,9999.9,818.3,4.4,1.0,8.0,999.9,53.6,23.0,0.0,999.9,FLAG_MISSING_SLP,True,False,False,False,False,False
72584693201,10/20/2021,39.32,-120.13944,1798.3,TRUCKEE AIRPORT - CA US,47.7,27.3,9999.9,819.4,10.0,10.7,22.0,28.9,57.2,39.9,0.0,999.9,FLAG_MISSING_SLP,False,False,False,False,False,False
72584693201,10/21/2021,39.32,-120.13944,1798.3,TRUCKEE AIRPORT - CA US,52.4,47.2,9999.9,823.6,7.6,6.8,12.0,17.1,57.2,45.0,99.99,999.9,FLAG_SPARSE_STP_OBSERVATIONS | FLAG_MISSING_SLP | FLAG_MISSING_PRCP,True,True,False,False,False,False
72584693201,10/22/2021,39.32,-120.13944,1798.3,TRUCKEE AIRPORT - CA US,48.3,41.0,9999.9,818.8,8.3,9.2,21.0,29.9,55.4,39.2,99.99,999.9,FLAG_MISSING_SLP | FLAG_MISSING_PRCP,False,True,False,False,False,False
72584693201,10/23/2021,39.32,-120.13944,1798.3,TRUCKEE AIRPORT - CA US,38.6,32.3,9999.9,817.6,9.5,4.6,17.1,21.0,50.0,30.9,99.99,999.9,FLAG_MISSING_SLP | FLAG_MISSING_PRCP,False,True,True,False,False,False
72584693201,10/24/2021,39.32,-120.13944,1798.3,TRUCKEE AIRPORT - CA US,42.7,38.8,9999.9,810.3,6.4,10.1,20.0,29.9,48.2,37.4,99.99,999.9,FLAG_MISSING_SLP | FLAG_MISSING_PRCP,False,True,False,False,False,False
72584693201,10/25/2021,39.32,-120.13944,1798.3,TRUCKEE AIRPORT - CA US,36.6,34.2,9999.9,807.9,4.1,4.8,20.0,32.1,46.9,28.9,99.99,3.9,FLAG_MISSING_SLP | FLAG_MISSING_PRCP,False,True,True,False,False,False
72584693201,10/26/2021,39.32,-120.13944,1798.3,TRUCKEE AIRPORT - CA US,31.8,29.3,9999.9,818.5,9.3,0.9,4.1,999.9,43.0,25.0,99.99,3.9,FLAG_MISSING_SLP | FLAG_MISSING_PRCP,False,False,True,False,False,False
72584693201,10/27/2021,39.32,-120.13944,1798.3,TRUCKEE AIRPORT - CA US,39.4,35.9,9999.9,827.4,10.0,1.7,7.0,999.9,53.6,30.9,0.0,2.0,FLAG_MISSING_SLP,True,False,False,False,False,False
72584693201,10/28/2021,39.32,-120.13944,1798.3,TRUCKEE AIRPORT - CA US,38.7,35.0,9999.9,829.5,4.2,0.4,4.1,999.9,62.6,28.0,0.0,999.9,FLAG_MISSING_SLP,True,False,False,False,False,False
72584693201,10/29/2021,39.32,-120.13944,1798.3,TRUCKEE AIRPORT - CA US,39.4,32.8,9999.9,823.9,6.6,2.3,13.0,15.9,64.4,25.0,0.0,999.9,FLAG_MISSING_SLP,True,False,False,False,False,False
72584693201,10/30/2021,39.32,-120.13944,1798.3,TRUCKEE AIRPORT - CA US,41.2,34.2,9999.9,819.3,9.9,3.9,15.0,19.0,64.9,24.1,0.0,999.9,FLAG_MISSING_SLP,False,False,False,False,False,False
72584693201,10/31/2021,39.32,-120.13944,1798.3,TRUCKEE AIRPORT - CA US,47.5,34.8,9999.9,817.9,10.0,3.7,11.1,18.1,59.0,27.0,0.0,999.9,FLAG_MISSING_SLP,False,False,False,False,False,False
72584693201,11/1/2021,39.32,-120.13944,1798.3,TRUCKEE AIRPORT - CA US,43.4,30.8,9999.9,820.2,10.0,4.4,17.1,27.0,60.1,32.0,0.0,999.9,FLAG_MISSING_SLP,False,False,False,False,False,False
72584693201,11/2/2021,39.32,-120.13944,1798.3,TRUCKEE AIRPORT - CA US,45.1,36.7,9999.9,824.2,10.0,3.8,14.0,19.0,57.2,33.8,0.0,999.9,FLAG_MISSING_SLP,False,False,False,False,False,False
72584693201,11/3/2021,39.32,-120.13944,1798.3,TRUCKEE AIRPORT - CA US,40.5,34.8,9999.9,826.2,5.5,1.9,9.9,14.0,66.2,28.4,0.0,999.9,FLAG_MISSING_SLP,True,False,False,False,False,False
72584693201,11/4/2021,39.32,-120.13944,1798.3,TRUCKEE AIRPORT - CA US,52.0,32.5,9999.9,822.0,10.0,12.0,19.0,35.0,57.2,44.1,0.0,999.9,FLAG_MISSING_SLP,False,False,False,False,False,False
72584693201,11/5/2021,39.32,-120.13944,1798.3,TRUCKEE AIRPORT - CA US,36.8,22.3,9999.9,822.4,10.0,2.4,12.0,15.9,60.8,19.4,0.0,999.9,FLAG_MISSING_SLP,False,False,False,False,False,False
72584693201,11/6/2021,39.32,-120.13944,1798.3,TRUCKEE AIRPORT - CA US,45.6,16.4,9999.9,820.1,9.8,8.3,19.0,24.1,51.8,39.2,99.99,999.9,FLAG_MISSING_SLP | FLAG_MISSING_PRCP,False,True,False,False,False,False
72584693201,11/7/2021,39.32,-120.13944,1798.3,TRUCKEE AIRPORT - CA US,39.0,28.2,9999.9,820.6,10.0,5.4,12.0,18.1,48.0,23.0,0.0,999.9,FLAG_MISSING_SLP,False,False,False,False,False,False
72584693201,11/8/2021,39.32,-120.13944,1798.3,TRUCKEE AIRPORT - CA US,34.0,18.7,9999.9,820.6,10.0,2.8,12.0,15.0,51.8,21.2,0.0,999.9,FLAG_MISSING_SLP,False,False,False,False,False,False
72584693201,11/9/2021,39.32,-120.13944,1798.3,TRUCKEE AIRPORT - CA US,42.2,33.1,9999.9,819.4,8.4,9.0,22.9,34.0,54.0,21.9,99.99,999.9,FLAG_MISSING_SLP | FLAG_MISSING_PRCP,False,True,False,False,False,False
72584693201,11/10/2021,39.32,-120.13944,1798.3,TRUCKEE AIRPORT - CA US,38.7,33.4,9999.9,826.5,9.6,1.3,6.0,999.9,51.8,28.4,0.0,999.9,FLAG_MISSING_SLP,False,False,False,False,False,False
72584693201,11/11/2021,39.32,-120.13944,1798.3,TRUCKEE AIRPORT - CA US,38.9,34.9,9999.9,829.7,4.3,0.2,5.1,999.9,60.8,28.0,0.0,999.9,FLAG_MISSING_SLP,True,False,False,False,False,False
72584693201,11/12/2021,39.32,-120.13944,1798.3,TRUCKEE AIRPORT - CA US,35.5,32.9,9999.9,830.2,4.7,0.1,2.9,999.9,62.1,24.1,0.0,999.9,FLAG_MISSING_SLP,True,False,False,False,False,False
72584693201,11/13/2021,39.32,-120.13944,1798.3,TRUCKEE AIRPORT - CA US,38.3,31.4,9999.9,829.1,8.5,0.3,4.1,999.9,62.6,21.9,0.0,999.9,FLAG_MISSING_SLP,True,False,False,False,False,False
72584693201,11/14/2021,39.32,-120.13944,1798.3,TRUCKEE AIRPORT - CA US,39.6,32.9,9999.9,828.9,7.5,0.4,6.0,999.9,66.2,24.1,0.0,999.9,FLAG_MISSING_SLP,True,False,False,False,False,False
72584693201,11/15/2021,39.32,-120.13944,1798.3,TRUCKEE AIRPORT - CA US,42.9,28.6,9999.9,825.7,10.0,4.4,18.1,22.0,69.1,23.0,0.0,999.9,FLAG_MISSING_SLP,False,False,False,False,False,False
72584693201,11/16/2021,39.32,-120.13944,1798.3,TRUCKEE AIRPORT - CA US,46.4,26.9,9999.9,822.4,10.0,3.6,11.1,17.1,64.9,28.0,0.0,999.9,FLAG_MISSING_SLP,False,False,False,False,False,False
72584693201,11/17/2021,39.32,-120.13944,1798.3,TRUCKEE AIRPORT - CA US,34.0,26.7,9999.9,822.9,6.6,1.3,6.0,999.9,60.1,19.0,0.0,999.9,FLAG_MISSING_SLP,True,False,False,False,False,False
72584693201,11/18/2021,39.32,-120.13944,1798.3,TRUCKEE AIRPORT - CA US,37.1,24.8,9999.9,822.0,9.7,3.5,15.9,26.0,55.4,23.0,0.0,999.9,FLAG_MISSING_SLP,False,False,False,False,False,False
72584693201,11/19/2021,39.32,-120.13944,1798.3,TRUCKEE AIRPORT - CA US,45.1,30.2,9999.9,822.2,10.0,7.0,17.1,22.9,57.0,27.0,99.99,999.9,FLAG_MISSING_SLP | FLAG_MISSING_PRCP,False,True,False,False,False,False
72584693201,11/20/2021,39.32,-120.13944,1798.3,TRUCKEE AIRPORT - CA US,36.0,31.4,9999.9,824.9,8.7,1.7,7.0,999.9,53.1,25.0,99.99,999.9,FLAG_MISSING_SLP | FLAG_MISSING_PRCP,True,True,False,False,False,False
72584693201,11/21/2021,39.32,-120.13944,1798.3,TRUCKEE AIRPORT - CA US,31.1,23.6,9999.9,829.0,10.0,1.7,5.1,999.9,48.2,19.0,0.0,999.9,FLAG_MISSING_SLP,False,False,False,False,False,False
72584693201,11/22/2021,39.32,-120.13944,1798.3,TRUCKEE AIRPORT - CA US,24.1,21.8,9999.9,828.0,6.1,0.2,8.0,999.9,51.1,12.9,0.0,999.9,FLAG_MISSING_SLP,True,False,False,False,False,False
72584693201,11/23/2021,39.32,-120.13944,1798.3,TRUCKEE AIRPORT - CA US,34.7,16.5,9999.9,820.3,10.0,2.6,9.9,15.9,59.0,14.0,0.0,999.9,FLAG_MISSING_SLP,False,False,False,False,False,False
72584693201,11/24/2021,39.32,-120.13944,1798.3,TRUCKEE AIRPORT - CA US,27.3,15.5,9999.9,824.7,10.0,1.5,8.9,999.9,52.0,12.0,0.0,999.9,FLAG_MISSING_SLP,False,False,False,False,False,False
72584693201,11/25/2021,39.32,-120.13944,1798.3,TRUCKEE AIRPORT - CA US,22.3,13.0,9999.9,830.7,10.0,0.7,6.0,999.9,45.0,9.0,0.0,999.9,FLAG_MISSING_SLP,False,False,False,False,False,False
72584693201,11/26/2021,39.32,-120.13944,1798.3,TRUCKEE AIRPORT - CA US,30.8,20.9,9999.9,829.3,10.0,0.8,6.0,999.9,57.2,23.0,0.0,999.9,FLAG_MISSING_SLP,False,False,False,False,False,False
72584693201,11/27/2021,39.32,-120.13944,1798.3,TRUCKEE AIRPORT - CA US,35.9,22.3,9999.9,825.8,10.0,0.4,5.1,999.9,63.0,19.0,0.0,999.9,FLAG_MISSING_SLP,False,False,False,False,False,False
72584693201,11/28/2021,39.32,-120.13944,1798.3,TRUCKEE AIRPORT - CA US,34.3,25.8,9999.9,828.4,9.9,0.2,6.0,999.9,62.6,19.9,0.0,999.9,FLAG_MISSING_SLP,False,False,False,False,False,False
72584693201,11/29/2021,39.32,-120.13944,1798.3,TRUCKEE AIRPORT - CA US,37.2,27.2,9999.9,828.3,10.0,1.1,7.0,999.9,66.9,19.9,0.0,999.9,FLAG_MISSING_SLP,False,False,False,False,False,False
72584693201,11/30/2021,39.32,-120.13944,1798.3,TRUCKEE AIRPORT - CA US,34.7,25.7,9999.9,828.1,9.7,0.6,4.1,999.9,64.0,19.0,0.0,999.9,FLAG_MISSING_SLP,False,False,False,False,False,False
72584693201,12/1/2021,39.32,-120.13944,1798.3,TRUCKEE AIRPORT - CA US,34.7,25.2,9999.9,829.1,9.9,0.5,5.1,999.9,62.1,17.1,0.0,999.9,FLAG_MISSING_SLP,False,False,False,False,False,False
72584693201,12/3/2021,39.32,-120.13944,1798.3,TRUCKEE AIRPORT - CA US,34.1,25.8,9999.9,824.7,9.3,0.3,4.1,999.9,57.2,17.6,0.0,999.9,FLAG_MISSING_SLP,False,False,False,False,False,False
72584693201,12/4/2021,39.32,-120.13944,1798.3,TRUCKEE AIRPORT - CA US,31.5,25.2,9999.9,824.8,6.8,0.4,4.1,999.9,59.0,17.6,0.0,999.9,FLAG_MISSING_SLP,True,False,False,False,False,False
72584693201,12/5/2021,39.32,-120.13944,1798.3,TRUCKEE AIRPORT - CA US,32.8,20.1,9999.9,828.3,10.0,0.3,4.1,999.9,57.2,16.0,0.0,999.9,FLAG_MISSING_SLP,False,False,False,False,False,False
72584693201,12/6/2021,39.32,-120.13944,1798.3,TRUCKEE AIRPORT - CA US,31.1,25.0,9999.9,824.9,9.5,1.2,9.9,20.0,60.1,14.0,0.0,999.9,FLAG_MISSING_SLP,False,False,False,False,False,False
72584693201,12/7/2021,39.32,-120.13944,1798.3,TRUCKEE AIRPORT - CA US,37.7,36.5,9999.9,818.9,4.2,1.2,7.0,999.9,48.0,21.0,99.99,999.9,FLAG_MISSING_SLP | FLAG_MISSING_PRCP,True,True,False,False,False,False
72584693201,12/8/2021,39.32,-120.13944,1798.3,TRUCKEE AIRPORT - CA US,34.1,32.5,9999.9,818.9,6.0,1.0,6.0,999.9,46.0,25.0,99.99,999.9,FLAG_MISSING_SLP | FLAG_MISSING_PRCP,True,True,False,False,False,False
72584693201,12/9/2021,39.32,-120.13944,1798.3,TRUCKEE AIRPORT - CA US,34.3,30.7,9999.9,813.4,6.9,2.7,8.0,999.9,43.0,27.0,99.99,2.0,FLAG_MISSING_SLP | FLAG_MISSING_PRCP,False,True,True,False,False,False
72584693201,12/10/2021,39.32,-120.13944,1798.3,TRUCKEE AIRPORT - CA US,18.0,14.1,9999.9,818.5,7.0,0.0,4.1,999.9,37.9,7.0,0.0,2.0,FLAG_MISSING_SLP,True,False,False,False,False,False
72584693201,12/11/2021,39.32,-120.13944,1798.3,TRUCKEE AIRPORT - CA US,20.6,14.4,9999.9,821.4,9.5,3.0,19.0,999.9,39.2,10.4,0.0,2.0,FLAG_MISSING_SLP,True,False,False,False,False,False
72584693201,12/12/2021,39.32,-120.13944,1798.3,TRUCKEE AIRPORT - CA US,34.1,22.8,9999.9,815.4,7.5,13.3,20.0,28.9,37.4,28.9,99.99,1.2,FLAG_MISSING_SLP | FLAG_MISSING_PRCP,False,True,True,False,False,False
72584693201,12/13/2021,39.32,-120.13944,1798.3,TRUCKEE AIRPORT - CA US,35.3,32.6,9999.9,809.1,4.8,13.9,27.0,35.9,39.9,28.9,99.99,1.2,FLAG_MISSING_SLP | FLAG_MISSING_PRCP,False,True,True,False,False,False
72584693201,12/14/2021,39.32,-120.13944,1798.3,TRUCKEE AIRPORT - CA US,30.6,28.7,9999.9,804.4,0.8,9.1,25.1,35.9,37.0,23.0,99.99,15.0,FLAG_MISSING_SLP | FLAG_MISSING_PRCP,False,True,True,False,False,False
72584693201,12/16/2021,39.32,-120.13944,1798.3,TRUCKEE AIRPORT - CA US,30.1,27.0,9999.9,813.2,2.1,10.8,21.0,31.1,32.0,12.0,99.99,20.9,FLAG_MISSING_SLP | FLAG_MISSING_PRCP,False,True,True,False,False,False
72584693201,12/17/2021,39.32,-120.13944,1798.3,TRUCKEE AIRPORT - CA US,16.6,15.4,9999.9,822.4,2.6,0.2,2.9,999.9,32.0,7.0,0.0,18.1,FLAG_MISSING_SLP,True,False,False,False,False,False
72584693201,12/19/2021,39.32,-120.13944,1798.3,TRUCKEE AIRPORT - CA US,21.6,12.9,9999.9,820.4,5.1,1.9,12.0,15.9,42.8,5.9,0.0,14.2,FLAG_MISSING_SLP,True,False,False,False,False,False
72584693201,12/20/2021,39.32,-120.13944,1798.3,TRUCKEE AIRPORT - CA US,24.3,11.4,9999.9,819.6,9.8,3.3,12.0,18.1,42.8,8.6,0.0,11.8,FLAG_MISSING_SLP,False,False,False,False,False,False
72584693201,12/21/2021,39.32,-120.13944,1798.3,TRUCKEE AIRPORT - CA US,23.9,14.5,9999.9,821.6,8.2,1.7,8.0,18.1,46.4,10.4,0.0,9.8,FLAG_MISSING_SLP,True,False,False,False,False,False
72584693201,12/22/2021,39.32,-120.13944,1798.3,TRUCKEE AIRPORT - CA US,35.5,22.7,9999.9,818.6,8.0,6.9,22.0,25.1,39.2,24.8,99.99,9.8,FLAG_MISSING_SLP | FLAG_MISSING_PRCP,False,True,True,False,False,False
72584693201,12/23/2021,39.32,-120.13944,1798.3,TRUCKEE AIRPORT - CA US,33.6,32.4,9999.9,811.0,3.7,4.4,9.9,14.0,43.0,28.9,99.99,5.9,FLAG_SPARSE_TEMP_OBSERVATIONS | FLAG_SPARSE_DEWP_OBSERVATIONS | FLAG_SPARSE_STP_OBSERVATIONS | FLAG_MISSING_SLP | FLAG_SPARSE_VISIB_OBSERVATIONS | FLAG_SPARSE_WDSP_OBSERVATIONS | FLAG_MISSING_PRCP,False,True,True,False,False,False
72584693201,12/25/2021,39.32,-120.13944,1798.3,TRUCKEE AIRPORT - CA US,28.3,22.6,9999.9,809.0,3.6,15.0,22.0,35.9,28.4,26.6,99.99,999.9,FLAG_MISSING_SLP | FLAG_MISSING_PRCP,False,False,True,False,False,False
72584693201,12/26/2021,39.32,-120.13944,1798.3,TRUCKEE AIRPORT - CA US,23.7,19.4,9999.9,805.2,1.4,12.4,21.0,34.0,28.4,19.4,99.99,35.8,FLAG_MISSING_SLP | FLAG_MISSING_PRCP,False,False,True,False,False,False
72584693201,12/27/2021,39.32,-120.13944,1798.3,TRUCKEE AIRPORT - CA US,24.0,20.0,9999.9,808.9,1.0,15.4,22.9,31.1,26.1,19.9,99.99,44.9,FLAG_MISSING_SLP | FLAG_MISSING_PRCP,False,False,True,False,False,False
72584693201,12/28/2021,39.32,-120.13944,1798.3,TRUCKEE AIRPORT - CA US,20.7,17.1,9999.9,807.6,6.1,2.1,8.0,999.9,28.0,14.0,99.99,42.1,FLAG_MISSING_SLP | FLAG_MISSING_PRCP,False,False,True,False,False,False
72584693201,12/29/2021,39.32,-120.13944,1798.3,TRUCKEE AIRPORT - CA US,21.2,18.9,9999.9,806.7,6.8,0.2,2.9,999.9,28.9,14.0,99.99,40.2,FLAG_MISSING_SLP | FLAG_MISSING_PRCP,False,False,True,False,False,False
72584693201,12/30/2021,39.32,-120.13944,1798.3,TRUCKEE AIRPORT - CA US,20.4,18.6,9999.9,811.2,7.1,0.5,4.1,999.9,28.4,8.6,99.99,37.0,FLAG_MISSING_SLP | FLAG_MISSING_PRCP,True,False,True,False,False,False
72584693201,12/31/2021,39.32,-120.13944,1798.3,TRUCKEE AIRPORT - CA US,25.5,19.0,9999.9,809.7,9.5,6.0,14.0,19.0,30.2,14.0,0.0,35.0,FLAG_MISSING_SLP,False,False,False,False,False,False
